text,label
tell me your solution,generic
how do you know his friend has 12 tyres?,probing
"hi claire, talk me through your solution",generic
a good start you worked out the ratio was 5 3. what is the total ratio?,focus
walk me thorugh your solution,telling
what about the difference between the distance from the riverbed to the hill's peak and the distance from the riverbed to the hill's base,telling
"hi deandre, talk me through your solution",generic
how much did the watermelons cost and how much money did he come home with?,probing
hi scott talk me through your solution,generic
how many days are in april?,probing
hi jian talk me through your solution,generic
okay well done for calculating the cost of the hospital bed. we now need to figure out how many minutes the two specialists looked at dakota for,focus
"hi rishi, talk me through your solution",generic
"ok, how many penguins were in the colony at the start of the year?",probing
walk me through your solution,probing
a dozen croissants cost 8.00 and she needs 4 dozens so that will costs 8 4,telling
walk me through your solution,probing
"going by the ratio, for every 1 part that amy gets, sandra will get 2 parts since amy got 50, sandra will get 2 50 100 100",telling
walk me through your solution,probing
15 bunnies 2 teddies bunny 30 teddies.,telling
"hi hunter, talk me through your solution.",generic
the question tells us she paid the down payment in addition to the monthly payments. what were the total monthly payments?,focus
tell me your soution,probing
antonio has 30-6 24 pencils antonio and mitchell have 24 30 54 pencils together. 54,telling
tell me your solution,probing
the first pair of weights weighs 3 lb each so all total they weigh 2 3 6 lbs the second pair of weights weigh 5 lbs each so they weigh 2 5 10 lbs the third pair of weights weigh 8 lbs each so they weigh 2 8 16lbs,telling
"ho michael, can you explain your answer?",generic
"ok, let's start with what we know. how much did he spend?",focus
hi jordy. have you read the question carefully? can you go through the question with me?,generic
how many cylinders are there on the space station?,probing
"hi cody, talk me through your solution",generic
you need to read the last part of the questions again. it says jacob is 3 5 of phoebes current age.,telling
"hi rishi, could you explain your maths to me please.",generic
"rishi, if i gave you and my friend 20 sweets each and gave my friend 10 more sweets, how many sweets would each of you have?",probing
"hi luca, can you explain your workings?",generic
can you see that you have deducted the whole sprigs twice?,probing
"hi lakisha, can you explain your answer?",generic
"ok, can you see you forgot to deduct the hours for cleaning and cooking?",focus
"hello cody, could you explain your maths to me please?",generic
if i were a tshirt seller and i sold 10 tshirts last saturday and this saturday i sold 2 more than last week. would i need to subtract or add the tshirts to last saturday's total?,probing
"hi jia, can you explain your answer?",generic
"you chose a goo method, but can you see that you calculated an extra day?",focus
hi luca can you tell me about your maths today please?,generic
if 2 rabbits came to a hill and each night they had 10 babies each how many rabbits would there be after the first night. remember each rabbit has 10 babies each and the 2 rabbits are also there.,probing
"hi heidi, can you tell me about your maths today please?",generic
if you look at the question it asks about legs and paws in the pool. this is important information. why do you think it didn't just ask about legs?,focus
"hello jordy, can you tell me about your maths today",generic
you did really well but i can see at the start of the problem it mentions that they buy 12 of concessions. where have you dealt with this in your solution?,focus
"hi steven, can you tell me how you got to your answer?",generic
"so, if you know that 15 singers didn't sing in the first verse, and 5 sang in the second, how many singers total sang in the first and second verses ?",focus
"hi jordy, can you tell me how you got your answer?",generic
is there a simpler way to find out the difference in weight between jack and anna?,focus
"hi cody, can you tell me how you got to your answer?",generic
"okay, so if 20 big toenails take up the same amount of space as 40 regular toenails, how many regular toenails is a big toenail equal to?",focus
"hi lakisha, can you tell me how you got to your answer?",generic
"okay, so if it took 30 minutes on the first step, then 15 on the second step, and 45 to learn the first two steps total, and the third step takes the same amount of time to learn as the first and second together...",focus
hello could you guide me through your answer from figuring out there are 18 fruits left?,generic
"lets go back to that step, you go from two fruits so kiwi and lemon to dividing by three?",focus
"hi luca, can you tell me how you got to your answer?",generic
andy walked 50 meters from his house to school. but then he walked back from the school to his house,focus
guide me through your working sout steo by step please,generic
ok is there another way you could work this out instead of using algebra?,focus
guide me through your thinking please?,generic
ok if you read the question again how long is the crooked part of the river?,focus
show me your workings please to how you got to your solution,generic
i can see you have started off correctly here. yes he needs 600 galloons. what do you need to do to these amounts from the 1000?,focus
"you have got the question right up to a point, can you recheck it and see if you can identify the mistake",generic
how many students are there?,probing
guide me through your workings out please to show me how you got to your solution ?,generic
perfect i can see you have worked it out corrrectly . how many hands does he have?,focus
hi rishi could you please walk me through your solution.,generic
"i want to have a look at the start of the problem. we don't know how many bikes hank has in stock, and this does not matter because we are finding the difference. if i had a shop selling carrots and i sold 20 carrots and bought 25 carrots to replenish the stock. we don't know how many carrots are in the store but we can work out the difference in stock by the end of the day. what is the difference in my stock levels of carrots at the end of the day.",probing
hi jian could you please walk me through you solution,generic
"i think your maths here is good, however we need to check you calculations surrounding the days of the week. talk me through which days sarah has eaten her veg and which days are still to go.",focus
show me your working sot please?,generic
ricks lunch cost?,focus
hi steven are you ok,generic
you have done really well with your calculations steven. but you have missed out a step right at the end. remember you are finding the total gallons for both days.,focus
hi jordy could you please walk me through your solution please,generic
"jordy, this question requires you to find the difference. what is the difference between the boys and girls",focus
hi claire could you please walk me through your solution,generic
"if i have 2 dogs for every cat and i have 5 cats, i should have double the number of dogs. how many dogs will i have",probing
"hi jia, talk me through your solution",generic
how many visitors attending on the remaining 5 days?,probing
"hi heidi, talk me through your solution",generic
how many adults attended?,probing
"hi jordy, talk me through your solution",generic
you said the they scored 37 points so should we subtract 9 from that?,probing
"hi luca, talk me through your solution",generic
how many triangles where the cucumber sandwiches cut into?,probing
"hi jian, talk me through your solution",generic
well done. we know that sam had 19 dimes and spent 12 dimes so what does she have left?,probing
hi claire can you explain your thinking to me please?,generic
try working out how many hours they all worked,focus
hi ayisha can you talk me through your thinking please?,generic
45 minutes is how much tv they watch a day,telling
hi seth can you explain your working out to me?,generic
remember that cyrus is a member of the family...how many other members of the family are there?,focus
hi riya can you talk me through your working out please?,generic
mabel has 5 times as many remember,focus
"hi cody, talk me through your solution?",generic
"ok, you've gone too far. you've correctly identified the 36 months of savings.",focus
hi can you talk me through your answer,generic
ok i can see that you have correctly calculated the area of each house . how many friends also built a house,probing
hi emily talk me through your solution,generic
"ok, remember there are only 12 eggs to begin with",focus
hi brenda can you talk me through your working out please?,generic
there were 20 soccer balls,probing
hi seth talk me through your solution?,generic
you're missing some key information from the question.,focus
walk me through your solution,telling
"the ratio between the time charged and the time to be charged is 100 25 4. to reach 100 , the cell must be charged for 45 minutes 4 180 minutes.",telling
walk me through your solution,telling
the total number of additional objects she learns to juggle 2 objects week 5 weeks 10 objects,telling
walk me through this,telling
"there are 25 people in business first and business class, so there are 25 - 3 22 in business class.",telling
hi can you talk me through your answer,generic
ok how many gallons did winston use in total,probing
walk me through,telling
"f 60,000 is triple what connie bought the land for, then the initial cost, which is the amount given to her by blake, was 60,000 3 20,000. 20,000",telling
walk me through,telling
claire has spent a total of 24 hours in a day - 4 hours cleaning - 2 hours cooking - 8 hours sleeping 10 hours crafting and tailoring.,telling
hi riya tell me your solution please,generic
great start. you correctly identified the increased amount of 21000 toilets papers per day. don't forget to add the orginal production amount before multiplying it by the number of days in march,focus
hi can you explain your answer,generic
i can see you have correctly calculated she would need 60 hours to sew the dresses. how many hours a week does she sew,probing
"hi winnie, tell me your solution?",generic
how many visitors were in december?,focus
hi can you talk me through your answer,generic
ok i can see you have calculated that he has already read 262 pages and that he wants to read 50 pages a day. how many days are in a week,probing
hi talk me through your answer,generic
ok i can see you have worked out he sold 50 cones. did he get money for the free ones,probing
hi emily. could you walk me through how you calculated the cost of the bricks?,generic
read through the question again and check that you have the correct information for that step,focus
hi steven. please walk me through your solution,generic
"okay so, how many strawberries does she pick each time?",generic
"hi deandre, please walk me through your solution",generic
how many children is she buying tickets for?,focus
"hi scott, please talk me through your solution",generic
"okay, what is the sum of the three angles?",generic
"hi michael, please talk me through your solution",generic
what was the old budget?,focus
hi alejandra can you walk me through your solution?,generic
"okay, let's start at the beginning, how many red erasers does tanya have?",focus
"hi steven, can you walk me through your solution?",generic
"not quite, we don't need to work backwards here- let's start from the top, how many gumballs were given to alisha?",focus
"hi ronny, can you guide me through your solution?",generic
"so you started out correctly, could you read the question again and confirm how many hour overtime she got working one week?",focus
"hi ronny, please could you explain your workings?",generic
let's look back at the question. who,probing
"hi lakisha, can you walk me through the solution?",generic
"okay, could you tell me why you subtracted 8 twice?",focus
"hi winnie, can you talk me through your solution?",generic
can you tell me why you subtracted the spare wheels? did you need to do this?,focus
"hi jordy, please could you explain your workings?",generic
are you sure that s c 100?,focus
"hi brenda, please talk me through how you worked out the answer",generic
can we look at the total number of people in the book club. i got a different answer. where may you have gone wrong?,probing
"hi emily, please talk me through your answer.",generic
ok lets look at the cupcakes. he needs 1 2 a can for a dozen cupcakes. so how much would he need for 24 cupcakes?,probing
"hi riya, please talk me through your ideas?",generic
ok shall we look at it a different way. what percentage did louie get wrong?,focus
hi claire can you explainyour answer please?,generic
the first thing we need to do is work out the new budget. can you do that?,focus
"hi, can you explain your answer.",generic
"ok, you forgot about the apple she ate herself.",focus
"hi ayisha, can you explain your answer",generic
let's go back to the question. the weight of the whole batch includes the peanuts and the oil. does that help you spot your mistake?,focus
"hi, can you explain your answer?",generic
it might be easier to start by working out how many scallops are needed in total. can you do that?,focus
"hi, can you explain your answer?",generic
we need to start by working out the total number of students. can you do that?,focus
"hi alejandra, can you please walk me through your solution?",generic
"i like how you determined that 1 person would take 10 hours to solve the problem. and you identified that two people working together can divide the work between them to have 5 hours of work. but then look at your next step, does it make sense based on what you said?",probing
"hi, jia. walk me through your thoughts please.",generic
i like your algebraic equation.,generic
"hi luca, please walk me through your solution",generic
"look back at the question, it says 2 people purchased 4 hamburgers. it does not say each.",generic
jian please walk me through your answer,generic
i like how you were able to identify the total number of mistakes made by each student.,probing
"hi , could you please walk me through your solution?",generic
why did you multiply by 40?,focus
"hi, could you please walk me through your solution?",generic
how many total dishes with mangoes are there in the buffet?,focus
"hi, could you please walk me through your solution?",generic
are you sure he runs for 1 hour everyday? the question says he runs less of thursday and more on friday. the step of multiplying 1 hour with 5 days doesn't seem to be justified. do you get it?,focus
"hi, could you please walk me through your solution?",generic
that doesn't seem to be correct. can you find out how many cars have valid tickets?,focus
"hi rishi, could you please walk me through your solution?",generic
let me tell you that gratuity is the amount paid extra to that of the total bill. can you calculate how much extra was paid apart from the total bill?,focus
"hello heidi, could you tell me about the maths you did today.",generic
the question says that it takes twice as long to read the book as it does to get lunch. if it take 8 hours to do that how long does the reading take.,focus
"hi rishi, could you tell me about your maths today",generic
"i agree that john was 36. if i am 40 now, how old will i be in 6 years",probing
"hello, de andre can you tell me about the maths you did today",generic
if i made a cake with 4 grams of flour for every 16 grams of sugar and my mixture weighed 40 grams. my ratio would be 40 20. can you use this to work out the ratio from the example given,probing
hello can you tell me about your maths today,generic
what was the word problem asking you to find out,focus
hello winnie could you tell me about todays maths,generic
so if i was approaching this question i would start by finding out the total time frank wanted to spend in the mazes as a totoa,telling
"hi, could you please walk me through your solution?",generic
doesn't seem to make sense. can you explain why 7 was added two times?,probing
"hi, could you please walk me through your solution?",generic
do you understand the meaning of the term out of pocket?,generic
"hi jia, can you tell me how you got your answer?",generic
"but the students that chose dogs and video games, and the students that chose dogs and movies, are in groups that don't overlap",focus
"hi mariana, can you tell me how you got your answer?",generic
"okay, so matt used 20 pounds of flour total. if 2 pounds of flour can make 12 cookies, how do we figure out how many cookies 20 pound of flour can make?",focus
"hi michael, can you tell me how you got your answer?",generic
okay. how many hours did max play on wednesday?,focus
"hi steven, can you tell me how you got your answer?",generic
"if the store made 36 sales total, then we should be able to figure out the number of sales in each section by using the correct fraction of 36 for each section",focus
"hi heidi, can you tell me how you got your answer?",generic
"ok so if james is 12 years younger than john, and tim is 79, then 5 years less than tim'",focus
hi brenda can you walk me through your solution,generic
your equation 20 x 3 11 x is not quite right,generic
hi deandre please walk me through your answer,generic
that obviously does not make sense. why would it take longer time for 15 pugs to work together? you need to figure out how long it takes for one pug to do the work first,generic
please walk me through your solution,generic
"okay slow down. so you are correct after hour 1 it will have 5 logs. after 2 hours, it will have burned another 3 logs, not 6 remember because you already accounted for that in hour 1. so tell me how many logs will it have after 2 hours?",probing
"hi riya, you have made an error in your solution. please talk me through how you solved the problem.",generic
how many students were present in school on one day?,focus
hi michael. you appear to have been confused by the question. please talk me through your solution.,generic
"ok, that is correct apart from the addition at the end. please can you check your answer to see if you can tell where you have gone wrong.",focus
"hi scott, you have made an error in your solution to this problem. please can you talk me through your thinking.",generic
"when you added 4 to 9, what did the total relate to?",focus
"hi, please can you talk me through your solution?",generic
ok let's look at the first step. how many months in 4 years?,focus
"hi, please can you talk me through your solution?",generic
let's look at your first step. read the question again. how much did the flour and sugar cost in total?,focus
hi can you talk me through your answer,generic
ok lets work through this how many cents ra give to peter,probing
"hi, please can you talk me through your solution?",generic
that's correct up until your last step. how many balloons touch the ceiling i.e. are filled with helium?,focus
hi can you talk me through your answer,generic
ok i can see you have worked out that in 5 years james will be 35. if in 5 years matt will be twice james age how old will matt be,probing
"hi, please can you talk me through your solution?",generic
"ok so your first steps are correct. but read the question again, and tell me does lisa make 13 eggs each day, or each week?",focus
"hi lakisha, you have made a mistake in your solution. please can you talk me through your method.",generic
please re-read the question. what information do you need to work out how many trolls are under the bridge?,focus
"hi, please can you talk me through your solution?",generic
"ok, you're correct up to your final step. let's look at that. frank has taken 5 back, 10 forward, 2 back and is 3 steps forward from his original starting point. next, he takes double the previous amount forward. what is the previous amount?",focus
hi can you talk me through your answer,generic
does the question say how much the box weighed,probing
hi can you talk me through your answer,generic
"ok youve told me it takes 30 mins to reach the pick up point, if he set off at 7.50 what time would he get there",probing
you correctly added the total number of desserts as 126 and divided it amongst 7 people to give 18 desserts each. what would happen if you calculated each dessert separately?,probing
"ok, the question is confusing you. they just have to have a share each. the answer should be 18.",telling
hi can you talk me through your answer,generic
ok lets go back to the beginning how many pages of notes does he take and how many classes a day,probing
"hi mariana, you have made a mistake in your solution. please can you talk me through your thinking.",generic
"if you check the question, you will see that 60 relates to just the total of the christmas presents and not the combined total of christmas and birthday presents. how does this affect your solution?",focus
"good morning, scott. can you please share your solution with me.",generic
"i like that you were able to determine that 36 balloons have helium and 14 balloons have normal air. let's focus just on those balloons. of those balloons, how many more touch the ceiling than don't touch the ceiling?",focus
.hi brenda. talk me through your solution,generic
"ok how many friends, including lilibeth were there?",focus
"hi cody, walk me through your response",generic
double check that you've split the food costs by 2,focus
"hi, tell me your solution",generic
"ok, your right that the got 6 good oranges each. you need to work out how many theyd get if all 108 were good now",focus
"hi, tell me your thoughts",generic
"ok, explain how you got there",focus
"hi, talk me through your answer",focus
remember its asking how many mistakes were made on average rather than per minute,focus
can you talk me through your solution please?,generic
you are right that there will be 1600000 ml left when the pool reaches 80 . but for this calculation we need to focus on how much is lost from the pool not how much is remaining. can you look over your calculation again with this in mind?,focus
"hi jian, can you please talk me through your solution",generic
well done that is correct. take care when switching between units as that can sometimes lead to errors,generic
hi steven can you talk me through your solution?,generic
"ok thats a good start, but it may be easier if you worked out the brothers overall score first, before you worked out how manu levi needed to score. have another go.",focus
"hi emily, can you talk me through your solution?",generic
"ok. thats a great start and your calculation for year 1 is correct. however, do you think the increase in year 2 should be the same as the increase in year 1?",probing
"hi heidi, can you talk me through your solution?",generic
ok you have correctly counted the number of double yolks. but you have said that all 12 eggs have single yolks. is this correct?,focus
"hi, could you please walk me through your solution?",generic
"let's learn something else but related to this. jack, jill and john have 40 pencils. if jack has 10 and jill and john have equal numbers, how many pencils do jill and john have?",probing
"hi emily, can you tell me how you got your answer?",generic
"if the cost of the original tank to fill is now 240, and the new tank is the same size, how much does the new tank cost to fill?",focus
"hi, could you please walk me through your solution?",generic
did you include the hours from weekend? i don't think so,focus
"hi ronny, can you tell me how you got your answer?",generic
"okay, so if it took 195 minutes for the woman to drive herself, what is 1 3 of that?",focus
"hi rishi, can you tell me how you got your answer?",generic
"okay, but if one bottle of soap lasts for 4 washes, how much does each wash cost?",focus
"hi stephanie, can you tell me how you got your answer?",generic
"ok, but if you already have a total of 30 texts before the last set 25 5, do you really need to add in 25 more?",focus
"hi jordy, can you tell me how you got to your answer?",generic
"okay, so mandy paid 10 for the first month, 30 for the second month, 30 for the third month, 45 for the fourth month, 30 for the 5th month, and 30 for the 6th month. how much is that in total?",focus
"hi, could you please walk me through your solution?",generic
"your conclusion doesn't make any sense. let's learn about products. i walk 5 miles on monday, twice as much on tuesday, and 5 times as much on wednesday. how many miles did i walk from monday to wednesday?",probing
"hi hunter, can you talk me through your steps in how you got the answer of 38?",generic
do you think you could read back through the origonal question and see if you read it differently ?,focus
"hi emily, could you please walk me through your solution?",generic
"if i say i walked 15 miles on the weekend, does that mean i walked for 15 miles each day of the weekend? what do you think?",probing
"hi, could you please walk me through your solution?",generic
including lilibeth how many were plucking strawberries?,focus
"hi jian, could you please walk me through your solution?",generic
"let's learn about fractions. if 1 4th of a total of 100 pencils were sold, how many were left?",probing
michael can you talk me through your answer please,generic
can i ask why you decided to muiltiply the totals by three?,generic
"hi, could you please walk me through your solution?",focus
why did you add 60 two times?,focus
could you talk me through your method and answer and method please lakisha?,generic
so your calculations are correct well done. is the amount of lawn seed equal to the exact size of the lawn or are you sure there is not any left over at all?,probing
could you talk me through your answer please,generic
why has the number of monkeys changed?,generic
"hi brenda, please explain to me how you reached your answer?",generic
yes we need to find out how many tickets she spent on the koala but to do that we need we need to focus on the other items.,probing
"hello heidi, how did you reach your answer?",generic
your maths is completely right. he buys 1000 square feet worth of grass seed but he only needs 792 square feet. how much seed will he have left?,probing
"hi luca, how did you reach your answer?",generic
think about that extra tank of fuel. how much will that cost?,probing
please explain to me how you reached your answer?,generic
lets think about how many thank you cards she received?,probing
"hi riya, can you explain what you did?",generic
"ok, let's revisit the question. what fraction of the second floor did the 5,000 boxes take up?",focus
"hi steven, can you explain your answer?",generic
"there is a mistake in the question. the lake is actually a rectangle. with this new information, can you recalculate the answer?",focus
"hi claire, can you explain your answer?",generic
"ok, look at the question again and rethink how much sand was on top of the treasure after the storm and the tsunami.",focus
explain your solution,generic
double check for errors,probing
explain your oslution,generic
can you take the discount off the total price,probing
"hi cody, can you explain your working? see if you can spot any errors.",generic
let's revisit the question to see what we know. it tells us something about the third segment. can you find that information?,focus
explain,generic
how many cookies did he take out the jar before putting any back in,probing
"hi winnie, can you explain your answer?",generic
"when the friend starts to choose the marbles, there are still 100 of them. does this help you spot your mistake?",focus
talk me through your solution,generic
over the four hours how much water does the tank lose?,probing
talk me through your solution,generic
jill's basket can hold twice as much as jack's. it is capable of holding 12 so how much can jill's hold,probing
"hi , could you please walk me through your solution?",generic
why did you calculate only the calories burnt from walking to grocery store? what about the calories burnt during coming back to home?,generic
"hi , could you please walk me through your solution?",generic
"you see ""it gained an additional 50 on top of the previous gain."" refers to 50 gain over the previous week's resulting amount not the previous week's gain.",telling
"hi , could you please walk me through your solution?",generic
why did you multiply 2 pounds of flour with 6?,generic
"hi , could you please walk me through your solution?",generic
stephanie can you tell me why did you divite 40 by 80?,generic
"hi , could you please walk me through your solution?",generic
you see the width of the swath is a fixed quantity for the tiller. bob needs to push the tiller lengthwise and not width-wise. so you need to calculate the number of times bob needs to push the tiller to cover the area.,generic
"hi , could you please walk me through your solution?",generic
you see 280 is our required answer. you do not need to add 250 with it.,generic
"hi , could you please walk me through your solution?",generic
no you see the rate for 14 days continuous stay is already given in the question.,focus
"hi , could you please walk me through your solution?",generic
16 is our required answer.,telling
"hi , could you please walk me through your solution?",generic
"alejandra you see amoura wasn't 30 minutes late to the party, she arrived 30 minutes later than paul, but actually she was 55 minutes late isn't it?",telling
"hi , could you please walk me through your solution?",generic
you see you do not need to use variables x and y. just calculate the value of 1 part and then figure out the value of the parts given to each cousin.,focus
"hi , could you please walk me through your solution?",generic
very good heidi. your method is correct. but you see the total number of animals seen by aubree should be the addition of the number of animals she saw while going to school and while coming back.,focus
"hi , could you please walk me through your solution?",generic
not quite right. you see they together produce 1 extra chair every 6 hours. you dont need to divide 12 6 here.,focus
"hi , could you please walk me through your solution?",generic
not quite right you see we are calculating the number of tires. so you need to calculate the total number of tires that ignatius' vehicles have.,focus
"hi , could you please walk me through your solution?",generic
you see jerry needs to make the average of 50 per night for 5 nights not 4.,focus
"morning riya, can you talk me through your solution?",generic
"you have made a good start on this and the first part of your calculation is correct, but have another look at the question - what does the 15 in the question relate to?",focus
"morning mariana, can you talk me through your solution?",generic
"good idea to use an equation. and you have made a good start. but have a think about the ""5 years less "" part and how it fits into your equation - you have made a small error",focus
"morning lakisha, can you talk me through your solution",generic
"look at your first statement - after the first night there would be 2 vampires, plus 10 people newly turned into vampires - how many vampires does this make for night 1?",focus
hi can you talk me through your answer,generic
ok what does the question say the minimum weight must be,probing
"morning ayisha, can you talk me through your solution?",generic
ok - check back on the question to see what it says about how many rabbits he can catch in an hour.,focus
hi can you talk me through your answer,generic
ok i can see you calculated that sarah paid 36000 in monthly payments and had also already paid 10000 so how much had she paid altogether,probing
"morning hunter, can you talk me through your solution please?",generic
ok thats a good start calculating the total number of dishes with mango in. but have a look at the question again - you have misinterpreted the bit about the two dishes with fresh mango,focus
"hi seth, you have made a great start here. can you talk me through your solution?",generic
"you have started this off correctly. you have worked out the ratio of coke. when it comes to sprite, you have the ratio as 1 3. have another look at the question and think about ratios.",probing
hi can you talk me through your answer,generic
ok lets start at the beginning. how many gnomes had big noses,probing
"hi emily, could you please walk me through your solution and ow you reached 22 dishes?",probing
"brilliant. so we know that oliver doesn't like mangoes and 10 of the dishes have mango. does it specify that he only won't eat fresh mango or any mango? so if we take away the 2 dishes that oliver can pick out the mango from the 10 dishes, how many dishes does that leave us?",focus
"hi, could you please walk me through your solution?",generic
"if i am one-fifth as fast as my brother, who would win a race between me and my brother?",probing
hi can you talk me through your answer,generic
ok lets go back to the beginning how many tires do ignatius cycles have,probing
"hello alejandra, can you walk me through your calculations?",probing
brilliant so we know that paris studies for a total of 15 hours on weekdays and at weekends she studies for 9 hours. this is over 15 weeks so how many hours does she study in total over those 15 weeks?,probing
"hello jordy, can you talk me through your summary",probing
this is great. now i'd like you to re-read the question. does it specify at the end the student's absent in the bathroom or all students absent?,probing
"hi deandre, thank you for your answer. can you talk me through your solution please?",generic
"you have done really well and understand fractions of a number, but can you read the question again and tell me what the question wants you to work out?",probing
"hello michael, please can you explain your workings to me?",probing
"brilliant. we know that there are 20 doves and they each laid 3 eggs, only 3 4 of those hatched which is 45 of 60 eggs. so if 1 dove laid 5 eggs, and 4 of those hatched how many doves are there?",probing
hello can you talk me through your answer,generic
i can see you have correctly subtracted 350 from 1000 to get 650 feet. if he had already rode 275 after passing the second sign would you be adding to the 650 feet or subtracting as he has already rode that amount?,probing
"hi, could you please walk me through your solution?",generic
"if i am not wrong, x is the number of cones sold, right?",focus
"hello cody, please can you walk me through your workings?",generic
"great. so we know that there are 45 red candles and a total of 8 in the actual ratio. so now lets look at the equation. we need to find the total number of candles to the total ration. for example if i had a ratio of red candles to blue candles as 3 2 and there were 6 red candles, we would know that there must be a total of 15 candles as 3x5 15. to find the number of blue candles we would divide 15 by 3 to make 5 which leaves us with subtracting 5 from 6 to make 1. can you apply this to our equation?",focus
"hi, could you please walk me through your solution?",generic
look carefully. did you miss out on any of the decorations?,focus
"hi alejandra, thank you for your answer. can you talk me through your solution please?",generic
"you have worked out the earnings of 750 perfectly. well done! now, look again at the question. you have worked out that queenie has 20 of overtime per day. is this correct?",focus
"hi jordy, can you walk me through your workings?",generic
"brilliant. we know that it took the alligator 10 hours in total on it's journey, but we're looking for the combined time of all the alligators. if it took me 1 hour to walk to river x and 1 hour to return, but i returned with 1 other person. what is the total hours combined for my journey and the other person's journey?",probing
"hi emily, can you walk me through your solution?",generic
"excellent, so we know that each company bought 600 square feet of ad space for 60 per square foot making 36,000. if each company bought this what would the total cost be for all three?",probing
"hello hunter, can you talk me through how you solved this??",generic
brilliant so we know that each day john releases 2x2 minute videos and 1x12 minute video. and we know that everyday he release 16 minutes of video footage. if i release 2x4 minute videos every week how many minutes of footage do i release in the 7 day week?,probing
"hello riya, please can you walk me through your solution?",generic
"brilliant, we know that ralph got 20 discount on a 20 dollar item which means he gets 4 dollars off. if i am spending a total of 50 but get 20 of an item for 10, how much discount do i get on my total shop?",probing
hi rishi can you walk me through your workings?,generic
"brilliant, so we know how much sheila will save in 4 years and the extra money her family contributed. great - but now we are missing another quantity of what she had already saved",probing
"hi, could you please walk me through your solution?",generic
that doesn't look to be correct. can you tell how many ounces of water is required for 12 people?,focus
hello michael can you walk me through your workings?,generic
brilliant. this is great. if we are looking for the average number of chocolate pieces which includes chocolate chips and m m's what is he average?,probing
"hello seth, can you walk me through your workings?",generic
"good. he travels at 30 miles initially and has 90 miles left to travel. if he has driven for 0.5 hours out of 1.5 hours, how long does he have left?",probing
"hi, could you please walk me through your solution?",generic
"if two vehicles take different times to complete the same trip, can they have equal speeds?",probing
"hello heidi, please can you explain your workings to me?",generic
okay great. how do we work out how many fish are in the pond in total?,probing
"hello alejandra, can you explain to me your workings?",generic
brilliant. so we know the frog eats 14 flies in a week. she wants to gather enough flies for the frog for the week. how many does she currently have?,probing
"hi, could you please walk me through your solution?",generic
that doesn't seem to be correct. can you tell how many friends did ashely invite actually?,focus
talk me thorugh your calculation,telling
the lady needs 3 cups to make 1 cupcake?,telling
"hi, could you please walk me through your solution?",generic
that does not seem to be correct. could you please tell me how much needs to be paid to the house help after deduction of the medical expense from her salary?,focus
"hi, could you please walk me through your solution?",generic
"that does not seem to be correct. can you please tell if she sells half a dozen for 30, how much would a dozen cost?",focus
"hi, could you please walk me through your solution?",generic
no it does not. why did you assume they need to win 80 of the games? the question mentions nothing as such.,focus
"hi luca, could you please walk me through your solution?",generic
are you sure they use 18 plates a day? did you consider the fact that each one of them uses 2 plates for a meal?,focus
"hi, can you explain your working to me?",generic
think again about how many 1 4 of the remaining eggs is,focus
"hi, can you talk me through your answer?",generic
"ok, let's reread the question to see what it tells us about the third step. can you spot your mistake?",focus
hi michael can you talk me through your working?,generic
look again at the total number of minutes that she watched of the film.,focus
"hi, can you explain your answer?",generic
let's think about what is meant by weekdays. not every day is a weekday. does that help you spot your mistake?,focus
"hi, can you explain your workings?",generic
let's think about how to calculate 60 more than 50. can you work that out?,focus
hi seth can you talk me through your working,generic
think about how many blocks wide and how tall tommy's block area is,focus
hi rishi can you talk me through your working?,generic
remember to include the sunday paper too,focus
"hi, can you talk me through your answer?",generic
let's start with what we know. how many times did the vending machine work normally?,focus
hi brenda can you talk me through your working?,generic
if he wants to ensure that his average doesn't go above 60 minutes per maze what would the total allowed time be?,probing
"hi, can you explain your answer?",generic
"ok, when the cups were shrunk, it just affected their size so there was still the same number of cups. des this help you spot your error?",focus
explain,generic
what is the total number of marks on the test,probing
explain your answer,generic
how much money will lyle have after buying for himself,probing
explain your answer,generic
how do you double,probing
explain your answer,generic
how long will it take cameron,probing
"hi hunter, can you tell me how you got your answer?",generic
"let's try a different strategy to answer. if ms jones got 50 in gift cards, and these were in 10 increments, how many gift cards did she get?",focus
explain your answer,generic
what is the current property tax,probing
"hi ayisha, can you tell me how you got your answer?",generic
"there is a simpler way to figure this out. if the difference in age between the two sisters is only 4 years, it's not possible for rachel to be 40 years old when emily is 20.",focus
"hi heidi, can you tell me how you got your answer?",generic
"okay, so 18 days is how long james will wait to start working out again. but then after those 18 days he won't lift heavy weights for three more weeks",focus
"hi deandre, can you tell me how you got your answer?",generic
"but if you read the question, kiki only has 90, not 100",focus
"hi rishi, can you tell me how you got your answer?",generic
"if max only watched the half hour show on 4 days out of the week, how many hours did he watch?",probing
"hi heidi, can you tell me how you got your answer?",generic
"but matilda had 4 sisters, so there were 5 people total who each got 4 chocolate bars",focus
hi stephanie can you tell me how you got your answer?,generic
"okay. let's look at the question. we need to find out the average number of chocolate pieces in each cookie, so that would include both m and ms and chocolate chips per cookie",focus
"hi ayisha, can you tell me how you got your answer?",generic
"okay, so we know that sammy scored 2 fewer than jen, and jen scored 30. if the math exam has 35 points in all, and sammy scored 28, how many mistakes did he make?",focus
"hi deandre, can you tell me how you got your answer?",generic
"isabel had 204 dollars before buying the toy. we don't need to do any more multiplication, do we?",focus
"hi cody, can you tell me how you got your answer?",generic
what was the total number of points the seahawks scored?,focus
"hi winne, can you tell me how you got your answer?",generic
"okay, but didn't the store have cats too?",focus
"hi jia, can you tell me how you got your answer?",generic
"you said that you multiplied 10x 7 to get the total number of flies betty can catch in a week, but that's not what we need to find out-we need to figure out how many flies betty still needs to catch if the frog eats 2 flies per day",focus
"hi ayisha, can you tell me how you got your answer?",generic
"i don't think we need to use variables, since we actually have numbers we can use and figure out, from the problem",focus
"hi steven, can you tell me how you got your answer?",generic
but how much does the question say that the venue costs?,focus
"hi rishi, can you tell me how you got your answer?",generic
"if john runs at 6 mph with his dog, and runs for half an hour with the dog, how far does he get?",focus
"hi alejandra, could you please outline your approach to this solution?",generic
"i see. but we're dealing with individual pies here, rather than slices. if you had a birthday cake, and lots of guests at your party, you couldn't just keep producing slices of cake. can you think of another way to figure out how everyone gets a piece?",probing
"hi scott, can you walk me through your solution to this problem?",generic
"ok, can you tell me how many weeks there are in a semester before mid-terms?",probing
"hi deandre, could you please explain your approach to this problem?",generic
"great, so first you noted the number of students from home, what was your next step?",focus
"hi ayisha, good work! can you walk me through how you solved this problem?",generic
can you show me again how you calculated the number of customers after the family?,focus
hi jia! good work -- this was a tricky problem. can you tell me about your strategy?,generic
"good strategy, but you're not quite there. let's take a step back. what is 3 more than 8?",probing
"hi claire, can you walk me through your approach to this problem?",generic
"when you look through your solution, do all the units of your numbers look correct?",probing
"hi jia, can you explain your approach to this problem?",generic
ok so your second step calculated what activity?,focus
"hi , could you please walk me through your solution?",generic
how many candles of coconut did she make?,focus
"hi, could you please walk me through your solution?",generic
how much time do emma and fernando take to run around one arena?,focus
"hi luca, could you please walk me through your solution?",generic
"you seem to have made a mistake. the question says for mini pies, 1 2 an apple is required. but you calculated 1 2 the apples required for a full-size pie. do you see your mistake?",focus
hi can you talk me through your answer,generic
ok lets go back and work out how much storage space there is initially,focus
hi can you talk me through your answer,generic
ok how do we calculate the cost of 1 seed,probing
hi can you talk me through your answer,generic
i can see you you have correctly calculated 160 eggs it then says 1 4 of those eggs hatch so 160 4,probing
"hi, could you please walk me through your solution?",generic
"you seem to have misunderstood the question. if i say, that 4 people bought 4 cars, does that mean each one of them bought 4 cars?",probing
hi can you talk me through your answer,generic
"hi i can see you have calculated the wheels on 2 cars, 3 bikes, a tricycle and a unicycle. look again at the question and check you have all the vehicles",focus
hi can you talk me through your answer,generic
i can see you have calculated that together they have 440 coins. what fraction of those coins does amalie have,probing
"hello mariana, can you walk me through your workings please?",generic
"brilliant, good use of algebra. so we know that beth has 70. so let's look at jan. if jan had 10 less of what she already has then she would have the same amount as beth - we know that beth has 70 so how much must jan have?",probing
"hello deandre, can you walk me through your solution please?",generic
okay good. lets take it step by step. what is the value of the cards matt trades with jane?,probing
"hi emily, can you talk me through your workings?",generic
"excellent, so we know that he caught 200 pounds of trout and 300 pounds of salmon. he catches twice as much tuna than the salmon, what does that make?",focus
"hello jordy, can you walk me through your solution?",generic
"this is excellent. let's use an example here. if i can stamp 30 applications an hour and i have 3 hours to do so, how many do i stamp?",probing
hello rishi can you talk me through your solution?,generic
"brilliant so we know that marvin solved 160 math problems. we also know that arvin has practiced twice as many as marvin, so how many has arvin done?",probing
"hi, could you please walk me through your solution?",generic
there seems to be a mistake. can you please confirm whether the question asks you to calculate the average amount lost per box?,focus
"hi brenda, talk me through your solution please",generic
"good, you've correctly idenitfied the daughter as being 18 years old 5 years ago. if she was 18 5 years ago, how old would she be now?",focus
"hi alejandra, talk me throguh your answer please",generic
ok - your making this more complicated. you need to start at the end of the question to solve this one. we know the party has 12 poeple and each want a 6 ounce cup - so how many ounces of water is needed?,focus
"hi ayisha, tell me your solution",generic
you don't need to calculate anything to do with weeks to reach the correct response. she needs 1320 more hours to reach her goal over 6 months,focus
hi winnie - tell me about your answer,generic
good start. the total number of hatched eggs is 45. before dividing to find out the number of new doves you need to add the amount of females already known,focus
morning stephanie can you talk me through your solution,generic
you have made a great start on this. but you have made an error in the last step. can you redo the final calculation where you take the new price minus the current price?,focus
"moring michael, can you please talk me through your solution?",generic
ok. you have correctly calculated how much the cubs need. but have another look at the question to see what it tells you about how much meat the mother bear needs.,focus
hi cody - talk me through your answer,generic
ok before going any further. you need to calculate how much 8 movie tickets would cost as all 8 cost twice as much as one football ticket,focus
"hi ronny, can you talk me through your solution?",generic
ok. you have done a good job converting the ounce quantities into pounds so that everything is in the same units. but double check your list of numbers in the final calculation. have you included everything?,focus
"morning jian, please talk me through your solution",generic
great idea to make it into an equation and your initial equation is correct. however you have made some errors in solving the equation. can you talk me through the first step of solving the equation?,focus
"hi ayisha, could you talk me through your solution?",generic
i can see you have over complicated this and got a bit confused. are you able to tell me how many black socks andy has?,probing
"hi scott, can you walk me through your solution?",generic
okay. you seem to have over complicated this. let's imagine this is one worker. what would be the equivalent days one worker would have to do to make it the equivalent of 15 workers for 6 days?,focus
"hi lakisha, can you walk me through your solution?",generic
"i can see you have correctly converted ounces into pounds, well done. however i think you have missed a food item when you have done the adding up. could you check for me?",probing
"hi michael, could you walk me through your solution?",generic
"i can see you have missed something from the very start, you have forgotten something. look back at the question to see if you can identify something you have forgotten to add",probing
"hi heidi, can you explain your solution?",generic
can you look at the question and the quantity 60 again? what does it refer to?,focus
"hi rishi, can you tell me how you reached your solution?",generic
not exactly. is it important to know how many people want popocorn for determining how many cups of kernels you need?,probing
"hi emily, could you please walk me through your solution?",generic
"great, you already did many things right. you know that sarah can read 2400 words per hour, that each book has 8000 words, and that sarah would read for 1200 minutes. why did you want to multiply the amount of words with minutes?",focus
"hi winnie, can you walk me through your solution?",generic
you did many things right already. but try to focus on the size of the fields on which sarith and kristin run. are they the same size?,focus
hi ronny could you please walk me through your solution,generic
you did many things right but have one little mistake. could you add everything up again but leave the vanilla sirup separate?,focus
hi marianna talk me through your solution,generic
"right, ok. let's break this up. you've correctly idenified the 4500 cherries. plus the 30 hours that it has taken to pick them. then you gone too far by multiplying 3 by 9. looking at the final part of the question... and 3 hours to make the syrup. how long will it take him to make 9 quarts of syrup? ... what should you have done to the 30 to reach the answer?",focus
"hi cody, talk me through your answer",generic
"ok let's break this down. you know there is 160 quarts. how can you find out the cost, knowing that each bottle is 50",focus
"hi rishi, tell me how you reached your answer",generic
ok lets try this a different way.,focus
"hi claire, walk me through your answer",generic
ok - let's come at this different. how many pieces of furniture have 4 legs?,focus
"hi winnie, talk me through your answer",generic
"ok good start. you are correct that he cost of one birdhouse which is 7 pieces of wood at 1.50 each, so the cost of one birdhouse is 10.50. you must now calculate the selling price by adding the profit and the cost together",focus
"hi, could you please walk me through your solution?",generic
can you please justify your assumption of 6 chocolates in box?,focus
"hi jia, can you tell me how you got to your answer?",generic
is tracy's weight actually the smallest weight?,focus
"hi deandre, can you tell me how you got your answer?",generic
"okay, but eric has already spent 2 hours removing the paper from one wall of his dining room?",focus
"hi cody, can you talk me through your solution?",generic
thats a great start but have a look back at the question - was there just one widget in each carton?,focus
"hi jordy, can you tell me how you got your answer?",generic
"so if 8 quarter cups of flour need to be removed from the bag, how many scoops is that, if each scoop is 1 4 cup?",focus
"hi rishi, can you tell me how you got your answer?",generic
"remember though, each glass of chocolate milk has to have exactly 6.5 ounces of milk and 1.5 ounces of syrup",focus
"hi, could you please walk me through your solution?",generic
you seem to have made a calculation error. can you revaluate the daily wage per worker?,focus
"hi ayisha, can you tell me how you got your answer?",generic
"ben sold his old car for 1800, but that does not mean that's what he paid for it.",focus
"hi, could you please walk me through your solution?",generic
you seem to have made a mistake. can you please tell me how much wanda walks in one round trip?,focus
"afternoon alejandra, can you please talk me through your solution?",generic
"ok the first bit you have worked out is correct, but you have not then used this in the second stage of your calculation. for each of those one step forwards he needs to take 5 steps in totla",focus
explain,generic
tell me how many neighbourhoods there are,probing
hi can you talk me through your answer,generic
"i can see you have worked out that tim runs 5 times a week, how many hours does he run each day",probing
explain,generic
how many does joanie want,probing
can you talk me through your solution?,generic
"ok - that is a good plan to start with calculating how many cups you need in total. however you have made a minor error, can you look over the numbers again and see if you can figure out where you have gone wrong?",focus
explain,generic
how many did the buy in week 1,probing
hi can you talk me through your answer,generic
ok zena has 600ft to go but the dragon will burn her if it get within 120ft. what is the difference between the 2 distances,probing
"hi deandre, can you talk me through your solution?",generic
"ok . good start. however, the numbers you have used in the first calculation are for just one breakfast and lunch but for four dinners - have another go at calculating information for the first four days",focus
explain,generic
how many chickens in coop,probing
hi can you talk me through your answer,generic
"i can see that you worked out that randy had 3200, then you subtracted 200 that smith gave him leaving 3000. how much money dis smith give him",focus
hi can you talk me through your answer,generic
have you accounted for all of the change,focus
"hi brenda, can you talk me through your solution?",generic
ok - you have correctly identified that it takes austin 60seconds to get down in the elevator. we dont need to work out how many seconds per step this is. just note this and put to one side for now. you have also correctly identified that it will take jake 90s to get down based on the information that you have. what is the next step you need to take to work out what the time difference is?,probing
"hi, could you please walk me through your solution?",generic
there seems to be a mistake. have you counted the trolley driver in as well?,focus
hi can you talk me through your answer,generic
ok you have worked out that jenny had already spent 4 7 of her money 24 what would 1 7 of her money be,probing
"hi, could you please walk me through your solution?",generic
do you agree to the fact that the question mentions the two anchors need the same amount of concrete?,focus
"hi claire, can you tell me how you figured your answer out?",generic
"did you need to calculate the speed of snails 2 and 3, or could you work this out from t he speed of snail 1?",probing
can you talk me through how you got the answer of 51 ayisha?,generic
"ok, good caalculations. however if you re-read the question as i think you might have read it slightly wrong.",telling
can you re-read the question and double check your work please?,generic
"okay, so just double check your workings out. can i ask why youi decided to divide the hours but then also added them together again at the end?",generic
"hi cody, can you just have a re-read of the questioon for me please and see if you still get the same answer please?",generic
"ok, you have done the correct calculatioons. however the questioon states that both piggy banks hold 100 pennies in each and then 50 dimes in each",telling
"hello alejandra, please explain to me how you reached your answer.",generic
so if 26 people took wine and 22 people took soda. how many is that?,probing
hi winnie. can you explain to me how you worked out how much kendra sold in 2015 please?,probing
"let's have another look at kendra's 2015 sales. you are correct in that if she made 20 more than laurel made in 2014, which was 30000, this would amount to 6000 more, but it's 20 more than laurel earned in 2014. have another go please.",focus
"hi steven, how did you reach your answer?",generic
lets work out what each donut costs him. divide 2.40 by 12?,probing
"hi emily, how did you reach your answer?",generic
each person wants a 6 ounce cup of tea and there are 12 people there. how much does that make?,probing
"hi emily, could you please describe your approach to this problem?",generic
"you've used two different approaches to the different steps of the problem, when they are similar calculations. could you try using the approach in the first part of the problem in the second part to check your work?",focus
"hi lakisha, can you please walk me through your approach to this?",generic
is buying the number of multi-packs for each type of bag the most cost effective to get the right number of bags?,focus
hi hunter! can you walk me through your approach to this problem?,generic
can you look again at the figures you are using in your initial calculation. what do those figures represent?,focus
"hi alejandra, could you please walk me through your approach here?",generic
"could we look at the steps in your approach? would it be better to calculate the number of loads against the price of the bottle, or the number of loads you know a bottle can generate?",focus
"hi ayisha, could you please walk me through your approach to this problem?",generic
"in your last calculation, you said you used the figure from the previous week, is this the case if you review your solution?",focus
"hi, can you explain your answer?",generic
take a look at your answer again. can you see that you multiplied 20 times 4 instead of 1?,focus
"hi michael, could you please walk me through your solution?",generic
let's focus on the amount of seasons. i agree that the description is not very clear. how many seasons are there already?,focus
"hi, can you explain your answer?",generic
let's go back to the question and start with what we know. how long did he teach calculus for?,focus
"hi ayisha, could you please walk me through your solution?",generic
"great. you already did many things right. you know that the other elements make up 30 . with this information, do you already know how much mars weighs?",focus
"hi heidi, could you please walk me through your solution?",generic
"you already did many things right. but let's think again. if julie already earned 124 for september, why would the amount not increase by working one more month?",probing
"hi, can you explain your answer?",generic
we know that 65 39 women. do you know how to find 100 using this information?,probing
"hi brenda, could you please walk me through your solution?",generic
let's focus on the slices of pizza. how many slices are there if the pizza is cut once in half?,focus
"hi, can you explain your answer?",generic
"if i have 15 trains in one hand and double that number in my other hand, how many trains do i have altogether?",probing
"hi riya, can you tell me how you solved this?",generic
"ok, let's go back to the question. if harry needs 14 balloons, how many packs of 10 does he need?",focus
"hi, do you want to tell me your solution?",generic
"ok, you are right up to your last step. if she ran 9 miles in the third week, and 5 miles less in the fourth, how many miles did she run in the fourth week?",focus
"hi lakisha, your solution is incorrect. please explain your solution.",generic
"if i have 1 ounce of soap that makes 20 bubbles, how many bubbles will i get if i only use half of the soap?",probing
"hi, do you want to tell me your solution?",generic
ok you're right about what catherine has. let's look at how much carmela has. what does the question say that she has?,focus
"hi, do you want to tell me your solution?",generic
"ok, some of your reasoning is correct but you seem a bit confused. let's work through this step by step. firstly, you seem to be confused by the difference between slices of pizza and slices of pepperoni. so let's start with the pizza. how many slices of pizza are there in total?",focus
"hi winnie, could you please walk me through your solution?",generic
let's try to start calulating how many nomes have big noses.,focus
"hi, do you want to tell me your solution?",generic
can you talk me through your workings?,generic
"hi jordy, please can you walk me through the solution?",generic
"okay, i can see you have over complicated this, let's work backwards. can you tell me how much money pablo had altogether?",probing
"hi alejandra, can you walk me through your solution please?",generic
"okay, please could you tell me why you added an extra step at the end '50 30 80 people.'",probing
"hi cody, can you walk me through your solution?",generic
"okay, that's not the correct answer, let's start at the beginning. let's start by calculating what 10 of betty's 60 marbles is",probing
"hi ronny, can you walk me through your solution?",generic
"i see, i can see you have calculated the total money mike spent, but you have forgotten to subtract something, can you read the question again and try and work this out?",probing
"hi stephanie, can you walk me through your solution?",generic
"okay, i can see that your math is sound, but you have forgotten something. could you read the question again paying close attention to the first sentence?",probing
hi claire can you tell me how you worked this out?,probing
thats a good way of working it out,generic
hi lakisha can you walk me through your solution?,generic
great. lets start by working out the number he lost in the sewer. if he lost half of the marbles leaving 20?,probing
hi ronny can you tell me how you workedit out?,focus
does the question say it is 9 seconds more to get to odd numbered floors?,probing
hi jordy can you tell me your calculation,telling
does the question ask you how many pages in total?,focus
"hello jia, can you walk me through your workings?",generic
"great, lets take this step by step. first we want to find out many pages jim reads originally in a week. how do we find this out?",probing
"hello luca, can you walk me through your math?",generic
"great! you got the right answer but you've gone to far in your workings. let's look at an example. if 10 people are at a restaurant, after an hour 30 more join, after 30 minutes the diners doubled. at closing there are 70 people. how many people left before closing?",probing
hi scott how did you make your calculation?,focus
how did you calculate the turtles time?,focus
"hello steven, can you walk me through your maths?",generic
great so we know that they are working at a total of 25 tractor days. how do we then find the acres each day by looking at the total acres and tractor days?,probing
hi brenda how did you work it out?,focus
how many did governor sloan give?,focus
"hi riya, can you walk me through your maths?",generic
"great. this is good but let's take it step by step to narrow it down. we know that the top level has 64, and the third level must have 20 extra of that. how would we find this?",probing
"hi michael, could you please walk me through your solution?",generic
"how does it make sense for 16 players to score 450 goals, when the total goals in the season were 150 only? do you see the mistake?",focus
"hi, could you please walk me through your solution?",generic
why did you subtract at the end?,focus
explain solutioin,generic
how much is the almond butter,probing
explaoin,generic
how much are his friends gifts,probing
explain the solution,probing
how much did they have in total before paying for the trip,probing
explain your solution,generic
how many shirt boxes can 1 roll wrap,probing
"hi, could you please walk me through your solution?",generic
"this doesn't make sense. if there are 160 quarts in the tub and each bottle holds 1 quart, how many bottles are needed?",focus
"hi, could you please walk me through your solution?",generic
there seems to a mistake in here. how much of a jar of peanut butter is needed to make a batch of cookies?,generic
"hi brenda, could you please walk me through your solution?",generic
there seems to be a mistake here. did you calculate the rent for 2 white cars?,focus
"hi, could you please walk me through your solution?",generic
there seems to be a mistake here. don't you think 25 texts are already included in the 30 texts you added?,focus
"hi ayisha, can you talk me through your method please?",generic
can you work this out without using algebra?,generic
hi ronny can you talk me through your working?,generic
"remember, there are already some frogs living in the pond",focus
hi scott can you talk me through your working out please?,generic
check how many numbers are in your final calculation,focus
hi rishi can you talk me through your working out?,generic
what discount should the second shirt have?,focus
hi emily can you explain your working to me please?,generic
"think again about this part... in three years, talia's father will be the same age as talia's mom is today. what calculation should you do?",focus
hi cody can you talk me through your working out?,generic
remember they increased production by 3 times. the original amount would still be included.,probing
"hi riya, please can you walk me through your solution?",generic
"i can see your math is sound, but are you sure there are just 9 seasons all together? could you re-read the question carefully.",probing
"hi jia, can you walk me through your solution?",generic
"okay, i can see you have got a little muddled. how would you calculate how many coconut candles were made?",probing
"hi cody, could you please walk me through your approach to this problem?",generic
"in your second step you multiply the number of classes by the hrs, but will this help you figure out the number of hours david studies per week?",probing
"hi brenda, please can you walk me through your workings out?",generic
"i can see that your math is sound, but you have missed a step. please look over the first part of the question carefully and see if you can self correct",probing
"hi brenda, could you walk me through your approach to this problem?",generic
can you just check the steps of your solution? you seem to be multiplying by the number of weeks in both steps 4 and 5. is that correct?,focus
"hi winnie, please can you talk me through your solution?",generic
"not quite, i can see you have got a little muddled by the literacy in the question. let's break it down. can you tell me how many litres of water is in the tub after 2 minutes?",probing
"hi michael, can you guide me through your solution?",generic
"i can see you have got the majority of the question correct. however, what was the purpose in subtracting 1 from 8?",probing
hi alejandra can you talk me through your working please?,generic
think about how many cars they will be producing and go from there,focus
hi rishi can you explain your thinking to me please?,generic
your answer got class a is correct but try working out the number in class b next,focus
"hi heidi, could you walk me through your approach to this problem?",generic
"can you recheck your approach here? does the problem ask you how many of the remaining people have brown eyes, or how many of the 100?",focus
hi mariana can you talk me through your working out please?,generic
think again about how much she earns for each overtime,focus
hi seth can you talk me through your answer please?,generic
think about how to find half. you appear to have divided by 4,focus
hi riya can you talk me through your working please?,generic
how long in total did it take him to get there?,focus
hi hunter could you talk me through your solution,generic
"ok, so the information tells us that oliver had 48 battle gremlins cards",focus
"hi stephanie, can you talk me through your solution?",generic
"ok, we know that bill composed20, ryan 40 and frank 120. the question asks us to focus on frank",focus
explain your solution,generic
what is the difference between the pen and the rubber,probing
explain your solution,generic
how many bars does lena have,probing
explain your solution,generic
so what is the total of all the year groups,probing
talk me through your solution,generic
how many trees did ava plant?,probing
"hi , could you please walk me through your solution?",focus
"you seem to have misunderstood the phrase, ""repeats the process"". it means that she would cut the 50 square inch of cloth with her once again and donate the half of it.",focus
"hi, do you want to talk me through your solution",generic
"yes, i think your answer is correct too. but the answer that is written in the solutions section says 380. can you see where the extra 50 photos are coming from?",focus
"hi, do you want to talk me through your solution?",generic
"ok so you're right up to 6 days of pills, but then you're going wrong. what does the number 6 represent?",focus
"hi, could you please walk me through your solution?",generic
the equation seems to be a blunder. are you confident that tony brought equal amounts of beef and cheese as you have assumed the same variable x for both the quantities. this doesn't make any sense,focus
"hi, do you want to talk me through your solution?",generic
"ok, your workings are correct, but you have added an extra unit in your first step. read the question again. in the first step, how much do the box and the initial jelly beans weigh?",focus
"hi lakisha, could you talk me through your solution?",focus
"ok, lets look at this step by step. on monday she had 5 toys, we ignore the fact that she lost some. her owner bought 3 more on tuesday, so we add 5 and 3",focus
"hi, do you want to talk me through your solution?",generic
"ok, your first 2 calculations are correct. can you explain why you have added 75 and 105?",focus
"hi scott, could you please walk me through your solution?",generic
there seems to be a mistake in here. can you confirm how many pairs of jeans were sold?,generic
"hi, do you want to talk me through your solution?",generic
"ok, you're right that the number of balloons in each group is 168. you go wrong after that. read the question again and tell me what do the 4 groups represent?",focus
"hi scott, can you talk me through your solution?",generic
so they are saving 1500 per month per person so 3000 in total. why did you divide the monthly amount a second time?,focus
"hi riya, could you please walk me through your solution?",generic
you assumed that there are x black socks ? then how can 2x be equal to 4 white socks for 6 black socks.,focus
hi ronny could you talk me through your answer,generic
so we know that glenn goes to the cinema on wednesday and saturday. he goes alone so only needs one ticket per day,focus
"hi, can you explain what you did?",generic
let's revisit the question. what is it asking us to calculate?,focus
"hi, can you explain your answer?",generic
"there's a much easier way. if you know he sold twice 600, how much did he sell this month?",focus
"hi, can you explain your answer?",generic
let's revisit the question and work out the current year in the question. can you do that?,focus
can you explain your answer?,generic
the question isn't very clear. it meant that the bears eat that amount each per day.,focus
"hi, could you please walk me through your solution?",generic
that subtraction at the end seems to be mistake. let's try to understand it with something else. jack wants to buy a apartment and saves 14000 for it. he is still short of 1200. how much does the apartment costs?,probing
"hi mariana, please walk me through your solution?",generic
"you did a great job determining how much rum he can have in a day, and subtracting earlier that day. look back at the question, did he consume any other rum already that day?",focus
"hi riya, can you walk me through your answer please",generic
john earns 1200 a month from his renters. why did you add 900?,focus
"hi seth, please walk me through your response",generic
"oka, first we need to conisder that the 2 pack costs 2.50, so how much would that make each bag of milk in the two pack?",focus
"hi jia, please walk me through your solution",generic
i like how you determined that it would cost 10.50 to make one birdhouse. and we know the profit is 5.50. but we need to determine how much he would sell one birdhouse for.,focus
"hi brenda, please walk me through your answer",generic
"i agree, that the lake is 20 miles across. we need to consider that it takes 30 mins to cross the width. how long would it take to cross the length?",focus
"hi claire, can you talk me through your method,please?",generic
that's a great start - well done! have another look at the question though - do you think you missed out any steps?,generic
"hi scott, could you please walk me through your solution?",generic
can you convert 5700 seconds to minutes?,focus
"hi , could you please walk me through your solution?",generic
that doesnt seem to be correct. can you please tell me how many books did she sell in the first and the current year in total?,focus
"hi, could you please walk me through your solution?",generic
you seem to have misunderstood the question. wendi needs to give each chicken 3 cups of feed per day. not per meal,focus
hi scott - telll me about your answer,generic
"okay, remember you are only looking at the girls. half of the girls can't make it not half of the choir",focus
hi seth talk me through your solution,generic
"okay, let's try a different approach. you've correctly identified the 2 spent on gumballs. and that he had 4 change. so how much did he spend on candy?",focus
"hi jordy, tell me your solution please",generic
okay - don't forget that each guest needs 5 for ae rcade tokens,focus
hi - tell me your solution,generic
yes - now focus on the question. it is asking you how long it'll take in minutes to prep the potatoes,focus
"hi ayisha, talk me through your answer",generic
"okay, double check how much the food costs",focus
"hi, could you please walk me through your solution?",generic
there seems to be a misunderstanding here. are you sure that his total cost for supplies was 10?,focus
"hi, could you please walk me through your solution?",generic
"if i purchase a bicycle worth 100 and have a coupon of 24 and rewards worth 6 , how much do i actually pay for it?",probing
"hi , could you please walk me through your solution?",generic
that's a mistake there. you are not supposed to average out records per person.,focus
"hi, could you please walk me through your solution?",generic
there seems to be a mistake here. one doesn't calculate the interest every month,focus
"hi, could you please walk me through your solution?",generic
"there seems to be mistake in here. could you please tell me how much money would it cost for a person to go through arcade tokens, mini golf and go-karting?",focus
"hi alejandra, good work. can you tell me about your approach to this problem?",generic
"i think you're on the right track, but i see one small mistake at the beginning of your answer i think the question was a bit unclear. let me ask you a silly question -- do you think it would be a very good party if only half the guests were able to eat?",generic
"hi , could you please walk me through your solution?",generic
you seem to have misunderstood the question. the interest that karan has to pay is not calculated for 5 months. it is fixed at the time of borrowing at 10,focus
"hi, could you please walk me through your solution?",generic
that is a complete misunderstanding of the question. you have assumed that 5 of the total candles smell like wet dog. but the question mentions 5 of the defective candles smell like wet dog. do you see your mistake?,focus
"hi, could you please walk me through your solution?",generic
there seems to be mistake here. what is total number of fishes in both the aquarium if one has f and both have equal number?,focus
"hi, could you please walk me through your solution?",generic
"there seems to be misunderstanding here. brinley is allowed to remove one test score. so, the average should be on 5 tests. isn't it?",focus
"hi jian, could you please walk me through your solution?",generic
how many books did she sell in the second and current year?,focus
"hi, could you please walk me through your solution?",generic
"well that doesn't look to be correct. lets see something else. rocky needs to run 80 km in 5 days. if he runs 20 km on the first day, how much should he run in one day on average to complete his goal?",probing
"hi, could you please walk me through your solution?",generic
"this seems to be a wrong solution. let's see something else. let's say i buy an old bike worth 20, repair it for 5 and sell back at a 50 more than the original value. what is the profit i amde?",probing
"hi jian, can you walk me through your solution?",generic
"excellent, so we know that sophia has 25 miles to the gallon. how many gallons does her car hold?",probing
"hello rishi, can you walk me through your math solution?",generic
"great, so we know that each person eats 0.4kg of rice everyday ad that for all the family 2kg of rice is consumed everyday. how would we find their weekly consumption?",probing
explain your solution,generic
to match joey we need to divided sandy's 2 pounds by 4,probing
talk me through your solution,generic
how much did the gumboils cos,probing
"hello stephanie, can you walk me through your solution please?",generic
"excellent, lets look at this step by step. we want to know how many are likely to explode. how do we find this out?",probing
explain your answer,generic
tell me the order of the bids,probing
"hi michael, can you walk me through your maths?",generic
"excellent, let's do this step by step. first we want to find the additional 10 interest rate on top of the 365 each month. if i had to pay 20 per month with a 10 interest rate how much would i pay?",probing
explain your solution,generic
what is the capacity of the shelf,probing
explain your solution,generic
how many pages to read,probing
"hello heidi, can you walk me through your maths",generic
good. lets look at this one step at a time. we know that 3 people were kicked out for not wearing masks. we know that 4x as many except 5 were kicked out for shoplifting. how do we find this number?,probing
"hi brenda, can you talk me through your method here?",generic
you've done rteally well on this and you're almost there but you've calculated the cost of supplies wrongly. how many lots of wax wicks did charlie need to buy?,probing
hi deandre can you talk me through your working?,generic
just look again at your working out for the number of shoplifters,focus
hi stephanie can you talk me through your working please?,generic
try working out the interest again,focus
please talk me through your problem?,focus
first work out how much money he made selling the cards?,probing
"hi seth, can you talk me through your thinking here?",generic
you've made a great start - well done. have you included all the bids in your calculations?,probing
hi winnie can you talk me through your workings please?,generic
at the start you have assumed that he sold all the sets but at the end you said he still has 11 sets?,probing
hi ayisha can you talk me through your working please?,generic
look again...the revenue was higher on thursday,focus
"hi mariana, please talk me through your solution",generic
okay - you've overcomplicated this. let's start again. we know julia has 12 spoons when setting the table. we also know she used three whilst sampling her stew. how many is that altogether?,focus
"hi ayisha, please talk me through your solution",generic
"okay, let's start again. if each bid adds 50 to the price and there were 3 bids - how much is added to the overall cost?",focus
hi scott - talk me through your answer,generic
"lets try it from a different angel. try 3,650 x 0.1 to calculate the interest",focus
"hi cody, talk me through your solution",generic
okay - let's revisit this by starting with how much he spent on gumballs,focus
"hi brenda, could you talk me through your solution",generic
so she had 40 mins of downloading time before the restart. then the restart took 20 mins,focus
hi seth could you talk me through your solution?,generic
ok lets have a look at this step by step she started with 80 notes and also bought a pack on her way to work. so 80 x she used 220 on cups and had 23 remaining,focus
"hi michael, could you talk me through your solution?",generic
"ok, so we only need to count glasses of water. john has 4 glasses per day during the week so 4 5",focus
"hi mariana, could you talk me through your solution",generic
"ok, lets work through this step by step. each person eats 0.2kg per meal. there are 5 people in the family, they eat rice for lunch and dinner. so our first calculation would be 0.2 10 5 lunch 5 dinner this will give us our amount per day",focus
"hi jia, could you talk me through the solution?",generic
"ok, theres an easier way to work out this calculation. firstly we can look at the total costs. so we have 20.25 for tickets, then 33 2 for the rides",focus
"hi, could you please walk me through your solution?",generic
there seems to be a mistake here. can you confirm whether half the choir can't make it to the show or is it half the performing choir which are girls only? refer to the question,focus
"hi , could you please walk me through your solution?",generic
i think you missed out on two pencils,focus
"hi stephanie, can you tell me how you solved this problem?",generic
did you find any specific part of the question confusing?,generic
"hi jia, could you guide me through your solution here?",generic
"when interest is specified it means over the whole loan period, not per month. how would this change your calculation?",probing
hello,probing
what was the cost of the repairs,probing
explain your solution,generic
how many books is the capacity,probing
explain solution,generic
how many did she have before rising red house,probing
explain your solution,generic
how many bedrooms are there,probing
"hi winnie, please can you talk me through your solution?",generic
"okay, you've missed something out. if every guest had one hot dog how many would there be?",probing
explain your solution,generic
focus on how after each time the other person bids then carmen makes another bid,probing
hi lakisha can you talk me through your solution?,generic
seems like you are way out in your answer. let's start at the beginning. how many books can the shelves hold?,probing
"hi heidi, please can you walk me through your solution?",generic
"that number seems a bit high, let's just work out how many windows one house has first, how would you do that?",probing
"hi rishi, can you talk me through your answer?",generic
mmmm okay. not quite. what do you understand when i say the word 'range'?,probing
"alejandra, can you walk me through your solution?",focus
can you convert this to minutes to make it easier?,probing
"hi ayisha, please can you talk me through your workings?",generic
not quite. how would we work out how many pounds joey loses each week?,probing
"steven, can you walk me through your solution please",focus
"okay, so you've started off well. however, your calculation isn' correct. can you look again at the calculation in the middle and think about it a bit more?",probing
"seth, can you explain your solution a bit more?",focus
can you think about the sodas in particular?,probing
"hi lakisha, can you talk me through your calculations?",generic
"okay, it seems as though you have gone further beyond the question. the question only asks 'how many old records did the 5 people bring in?' not how many did 'each' bring in",probing
"heidi, can you break your solution down for me",focus
can you think again about what sandy should lose per week,probing
"hi deandre, can you walk me through your solution?",generic
that number seems too low.. how would we work out how many pencils can be stored in a box?,probing
"hi mariana, can you walk me through the question?",generic
"that seems low. i can see you have calculated the treats and medicine correctly for the year, what do you think you are missing?",probing
"deandre, can you walk me through your solution",probing
can you rethink your strategy? think about the length of the room only,probing
"ronny, can you talk me through your solution please?",generic
"okay, that's a little high. before the green house, working backwards, how many vacuum cleaners does she have?",probing
heidi can you please tell me your solution in full?,focus
can i ask what you thought about the third year for?,probing
"deandre, can you break down each step for me?",focus
think about the second step. you might be confused. can you think about this term again - '5 fewer than 3 times as many',probing
jian. can you tell me how you got your answer,focus
"can i ask why you added the 50,000 to the value?",probing
"ayisha, please tell me more about your solution in detail",focus
"let's think a little harder. starting bid was 200, then there were three bids. how much extra on the total would there be?",probing
"stephanie, can you break down your thinking for me",focus
"yes, the original price was 43. where did you get the extra 4?",probing
"hi , could you please walk me through your solution?",generic
"well done, you have done almost everything correctly, but jian can you please explain your reasoning behind adding adding 2 2 to get 4 in last step?",generic
"hi , could you please walk me through your solution?",generic
"marianan you see the question asks ""how many old records did the 5 people bring in?"" which means the total number of records brought is sufficient. no need to calculate how many records did each person bring. it is nowhere written that they all brought equal number of records.",telling
"hi , could you please walk me through your solution?",generic
jia can you explain why you multiplied 3x20 in step 2?,generic
"hi , could you please walk me through your solution?",generic
steven lets consider this example. lets say that i read 24 pages in 4 weeks. you take 4 weeks to read what i read in one week. then how many pages do you read in 4 weeks?,generic
"hi , could you please walk me through your solution?",generic
"no you see, we need to find out the number the candles that smell like dog and also explodes, both. so 1 candles that explode should not be calculated on the candles that do not smell.",focus
"hi , could you please walk me through your solution?",generic
jordy please note that the length is given in yards whereas the area is given in terms of square feet. these are two different units.,focus
"hi , could you please walk me through your solution?",generic
"rishi you see, after his school and walk with his friend he had completed 6000 steps, as calculated by you. and you have correctly calculated that 4000 steps were remaining to reach his goal. now you see the question already states that ""he also went for a short jog around the block and realized that after he had finished his jog, he only had 2,000 steps left to take"". therefore you need to find out the number of steps that was left to take after completing the jog.",focus
"hi , could you please walk me through your solution?",generic
you see claire 43 represents the value of goods that they bought. but the amount they paid will be calculated after the rewards discount and the coupon discount.,focus
"hi , could you please walk me through your solution?",generic
"rishi your method is correct. but you see the question says ""how many of them will both smell like wet dog and explode?"" so you need to calculate the 1 candles that might explode as well as smell like wet dogs both. not the candles that won't smell but explode.",focus
"hi , could you please walk me through your solution?",generic
stephanie you see you just need to calculate the total number of records brought by them. you dont need to calculate how many each of them brought. so 14 is our required answer.,focus
"hi , could you please walk me through your solution?",generic
jia can you tell me what 100 represent in your calculation?,focus
lakisha can you explain your answer stepwise.,generic
"so 36 hotdogs were made considering 18 guests can have a second hotdog, am i right?",probing
can you walk me through your solution michael?,generic
your method is correct michael. but you see the question says that the heels together costs 5 less than the boots not more.,focus
"hi riya, could you please walk me through your solution?",generic
let's think again about the cups that candice labelled. how many cups did she label and how many post its did she use?,probing
"hi jian, could you please walk me through your solution?",generic
you already did many things right but let's look at the end of the problem. are there any steps left to take for elliott?,focus
"hi rishi, could you please walk me through your solution?",generic
"you already did many things right but let's focus on one detail you might have forgotten. when the download was interrupted because of the update, did carla start where she left off?",focus
"hi scott, could you please walk me through your solution?",generic
"let's try to think of another problem. if i bought a table for 5 and bought oil and new screws for 8. afterwards, i sold the table for 20 new value. how much profit would i have made?",probing
"hi heidi, can you talk me through how you reached your answer",generic
if you read back through the problem can you see how many steps were left at the end of the day?,focus
"hi jordy, could you please walk me through your solution?",generic
you already did many things right. but i think your confusion lies in the understanding of the question. let's imagine the balls are caught by someone in the audience but josh doesn't have the time to go get them during his performance but only collects them later. how many balls can he immediately juggle with?,probing
"hi jian, can you talk me through your answer?",focus
"thanks, you got the first step correct. if you reread the first line of the problem can you work out double the number of books already in the shelves?",focus
"hi jia, can you talk me through your calculation?",focus
"look carefully at the questions, how often does she need to feed 3 cups of feed?",probing
"hi brenda, talk me through your solution",generic
ok remember the question is asking how many miles can be done on a tank rather than on the remaining 8 gallons,focus
"hi steven, talk me through the question",generic
"ok, you've overcomplicated this. it only requires addition and subtraction. start with the total number of spoons",focus
"hi claire, tell me about how you worked out you answer",focus
if the computer restarted during the midddle of the download would it restart from the same point or would you have to restart it completely?,probing
"hi ronny, tell me your solution",generic
"you are very close! in the last part of the question it tells you that he only had 2,00 steps left to take. did you subtract the 2,000 to reach the final answer?",focus
"hi, please talk me through your solution",generic
"ok, you've gone wrong in the first step. marcy becomes entitled to the pension after 20 years of service, so it is only in year 21 that she starts being entitled to 5 a year. try again with this in mind",telling
"hi rishi, talk me through your solution",generic
so close! did you add the discount of milk to the discounted icecream to get the total savings?,focus
"hi, do you want to talk me through your solution",generic
"that's partly right. you have made a mistake with the taffy, though, so let's look at that. how many pounds did sally buy?",focus
hi jian talk me through your answer,generic
ok reminder the question doesn't ask about boys. its saying that half the girls couldn't attend,focus
"hello, do you want to talk me through your solution",generic
"ok there are some issues with this. firstly, how many pencils does jane have?",focus
"hi, do you want to talk me through your solution",generic
"ok, you are almost right, but you're starting off with the wrong figure. read the question again. how many cups of feed does she give each chicken per day?",focus
"hi, do you want to talk me through your solution",generic
"ok, read the question again, and answer these questions separately how much meat per sandwich? how much cheese per sandwich?",focus
"hi, do you want to talk me through your solution?",generic
"ok, you are on the right track but you are making one key error. read the question again and tell me how many cups of feed per chicken per day?",focus
hi can you explain your answer,generic
ok how much do donuts cost per dozen,focus
hi can you talk me through your solution?,generic
"ok, you started off correctly but there is an error in step 3. you should add the 3 spoons to the total, not subtract. try it again",focus
"hi, can you talk me through your solution?",generic
"ok, let's look at this another way. how much cash did kenny make from the sale of his cards?",focus
hi can you talk me through your answer,generic
"i can see you worked out how many jam had in her boxes, how many pencils do jam and meg have each",focus
"hello, do you want to talk me through your solution?",generic
"ok, you are on the right track, but you are answering the wrong question. read the question again. does it ask you to calculate how many miles she can drive on her remaining fuel?",focus
can you talk me through your answer,generic
i can see you have calculated that 80gb had been downloaded in 40mins and that it would be 20 mins resart. to find the time to download the file after restart 200 2,probing
hi can you talk me through your answer,generic
"ok lets start at the beginning, how many spoons did julia have when she set the table",focus
hi can you talk me through your answer,generic
which half of the choir was asked to perform boys or girls,focus
hi luca can you guide me through your solution?,generic
"okay, that seems like a lot of lego sets. how much money did he have left after buying video games?",probing
"hi ronny, please can you guide me through the question?",generic
"i see, that figure seems a bit high. can you tell me how many sandwiches are needed to feed 20 people?",probing
"hi jia, can you walk me through your solution?",generic
wow that seems like a lot of feed. could you tell me how many chickens there wer in total?,focus
"hi claire, can you walk me through your solution?",generic
"okay, i can see you have got the correct method of working backwards, i can see you have got it correct right up until the green house. do you have any idea what you did wrong when calculating the green house vaccum cleaners?",probing
"hi heidi, can you walk me through your solution?",generic
"wow, that seems like a lot of money for doughnuts. can you read the question and remind me of the unit of measurement we are working in?",probing
"hi, can you explain your working?",generic
"ok, i think there is an easier approach. how much money did he make in total?",focus
"hi, can you explain your workings?",generic
"ok, we need to start by working out how many pencils they have altogether.",focus
"hi, can you explain your answer?",generic
"ok, we need to start again, so forget what you did and let's revisit the question.",focus
"hi, can you explain your answer?",generic
read the question again. what does it tell us about the three cups of feed?,focus
"hi cody, can you explain your answer?",generic
you forgot to add on the discount for the ice cream that you already calculated.,focus
"luca, can you break down your solution for me",generic
"okay, so after the 6000 steps, have you thought about how many steps he had left?",probing
"hi jia, can you tell me how you got your answer?",generic
"actually, marcy only gets 50,000 per year if she works for the company for 40 years, not 20",focus
"scott, can you break down your solution step by step",generic
why did you subtract the 5 for the arcade tokens?,probing
"hi brenda, can you tell me how you got your answer?",generic
it looks like you added 20 crates twice,focus
"hi jordy, can you tell me how you got your answer?",generic
"so before she sold to the red house, she had 12 vacuum cleaners. we can call x the number of vacuum cleaners she had before visiting the red house. if she had 12 vacuum cleaners, and that represented 2 3 of what she originally had, how can we figure out what x is?",probing
"hi riya, can you tell me how you got your answer?",generic
"actually, sally had to buy one pound of taffy at full price, then she got half off the second",focus
"hello heidi, can you explain your method here please?",generic
"ok, good, you've made a great start! you've got a little confused though, so let's try this another way. how much did kenny make altogether when selling the cards?",probing
"hi michael, can you tell me how you got to your answer?",generic
but after his jog he still had 2000 steps left,focus
"hi , could you please walk me through your solution?",generic
alejandra could you please re-read the question and tell me what is needed to calculate here?,generic
"hi , could you please walk me through your solution?",generic
hunter but haven't you already subtracted the 7 in step 2 to get 48 which was left with lilly after buying the shirt? so why add it with 21 and subtract it again from 48?,focus
"hi , could you please walk me through your solution?",generic
scott can you explain what the variable 'h' in your solution represents? what did you assume 'h' to be?,generic
"hi riya, walk my throguh your solution please",focus
okay - so you are correct that the grape jar had 43 5 48 candies. you are also right that you need to multiply 48 by 4 to get your answer. can you check you multiplication using a calculator please,focus
"hi winnie, talk me through your answer",generic
"ok, focus on the question. it's asking you how much the house sold for, not how much it sold for after the broker's commision",focus
"hi , could you please walk me through your solution?",generic
jordy can you explain why you added 2 for 2 mugs of cocoa whereas you calculate the cost to be 2x 2?,focus
"hi scott, talk me through your solution please",generic
"okay i see. you are correct that he uses 1,320 ounces per day fro his bath as 11 x 120 is 1,320. if he uses this per day, how much does he use per week?",focus
"hi , could you please walk me through your solution?",generic
"emily you see the phrase "" it takes 15 minutes for the elevator to travel down the first half of the floors."" means it takes 15 minutes in total to travel the first half of the floors and not 15 minutes per floor.",focus
"hi claire,m talk me through your answer",generic
"ok, you've overcomplicated this. let's start again. if a large puzzle is 15 and a small plus a large is 23 how much is a small puzzle?",focus
"hi, can you explain your solution?",generic
"nearly perfect, let's simplify your sum so we can add the whole numbers together. can you do that?",focus
"hideandre, talk me through the problem",generic
"right, let's try this again. we know 750 children are going to soccer in the afternoon. we need to this by 3v to find out how many go in the morning",focus
hi can you explain your answer?,generic
"ok, let's check how many levi has scored. can you spot your mistake?",focus
"hi, can you explain your answer please?",generic
"it's easier to work this out in steps, rather than using algebra. let's start at the beginning. what age was john 3 years ago?",focus
"hi, can you explain your answer?",focus
"ok, you have doubled the number of chickens twice.",focus
"hi, can you explain your answer?",generic
"we also need to know how many ml have splashed out of the pool, not just the amount left in it.",focus
hi stephanie! can you walk me through your solution?,generic
"let's focus on each step of the problem. first, let's figure out how many issues will be received in the subscription",focus
hi jordy! let's walk through your answer to this problem,generic
"when we read the problem, do you think shawna's goal is to do 30 sit ups total or 30 every day?",probing
"hi , could you please walk me through your solution?",generic
cody your method is correct but you see 4 sets of earring refers to 8 earrings.,generic
"luca, can you walk me through your answer again please",generic
lets reign it in a wee bit here. from the top. if it takes 8 days for 3 builders to build one house then how much faster can 6 builders do it. remember there are now twice as many builders.,probing
hi cody. let's walk through your solution here,generic
great. and did you count all the possible students in that total?,probing
please talk me through your answer,generic
how many sacks in the first yeild?,probing
hi seth. can you walk me through your answer?,generic
great! let's go back to the total number of people at the party. did you forget anyone in that number?,probing
"hi , could you please walk me through your solution?",generic
"heidi, please note that the phrase "" 30 each for six hardcover books and 12 each for six paperback books. "" refers to the fact that cost of each book for each person is 30 hardcover and 12 paperback.",focus
"hi lakisha,please talk me through your ideas",generic
why did you decide to subtract the 400?,probing
"hi , could you please walk me through your solution?",generic
hunter well done. but you see if gina needs to tip 15 more to be a good tipper then that is the answer. you dont need to subtract the 5 tip from the 15 .,focus
"hi , could you please walk me through your solution?",generic
very good alejandra. everything is correct except one step. you see tina is is one-third as fast a runner as tom implies that tina's speed is one-third of tom's time or conversely we can say that tom's time is three times faster than tina.,focus
"hi , could you please walk me through your solution?",generic
jia can you tell me how much time does it take to wash a normal car?,generic
"hello deandre, please can you explain how you got your answer?",generic
ok and how much is a regular scoop?,focus
"hello alejandra, please talk me through your solution",generic
please can you check the part where you look at when chris was sick. how many hours extra did she work?,focus
"hi emily, can you walk me through your solution?",generic
"wow, that seems like a lot of cans! let's start from the beginning. if he rececyled 80 bottles at 0.10, how much did jack earn?",probing
"hi scott, can you walk me through your solution?",generic
"wow. that seems like a lot! let's start from the beginning- if dorothy paid 12 for 3 gold coins, how would we calculate what 1 gold coin is worth?",probing
"hi, can you talk me through your answer?",generic
"great, you got part way there, but remember the yen tat jack already has?",focus
hi can you explain what you worked out?,generic
"let's try a different approach. how many miles will he travel altogether, going back and forth?",focus
"hi jordy, can you walk me through your solution?",generic
"i can see you have the correct method of calculating this, but you have made one mistake. can you spot it?",probing
"hi rishi, can you walk me through your solution?",generic
"i can see you have forgotten one step there, you have 20 watermelons left in your solution, but the question asks you 'how many customers bought two watermelons?'. so what would you need to do?",probing
can you talk me through your answer?,generic
you worked out she drinks 1500 ml in 6 hours. id this enough to reach her daily target?,focus
"lakisha, please can you walk me through your solution",generic
"mm okay, that's not quite right. imagine you have jack on one side and anna on the other, how much weight would you need to put on anna's side so they are equal?",probing
"hi, can you explain your workings?",generic
can you see that you already worked out the answer but then carried on too far?,focus
hi deandre. please talk to me about how you got the answer you did,generic
let's take this one step at a time. you said there are 365 days in a year and we know that denny gets 1000 new followers every day. so how many new followers would that be a day given just that information?,probing
hi ronny. can you talk me through your answer,generic
okay lets start again together from the top. the pen is shorter than the encil by 2cm so what does that make?,probing
please explain your answer to me riya,generic
so you have 2 x 24 for the time it takes to do two cars. hoow long does it take to do the suv,focus
hi scott. can you walk me through your answer?,generic
that's a great start! so how many houses did scott go to in total across the two days?,probing
hi emily. can you walk me through your answer?,generic
that's a great start. but let's look at the number of tuna. do you think he caught twice as much tuna than trout or twice as much tuna as salmon?,probing
hi jordy. tell me about your answer,generic
"let's approach this working backward. if in three years, tabitha will have 8 colors in her hair, how many colors does she have in her hair now?",focus
hi rishi. could you please talk me through your solution?,generic
how many parts are there altogether in 9 10?,focus
hi deandre. how did yo work this out?,generic
"look carefully, within your calculations you added 35 and 5. what is that 5 mins for?",focus
hi ronny. how did you work this out then?,generic
okay so lets break this down. how many hours did she study on the second day?,focus
"hi luca, please tell me about how you arrived at 80.",generic
you told me you subtracted 130 from 160. what did you get?,probing
"hi jordy, please tell me about how you got your answer of 6.",generic
does the question ask you about each student getting a cupcake or each person getting a cupcake?,probing
hi winnie! tell me about how you solved this problem.,generic
"the problem asks you to determine how many pastries are sold on average each day of the week, but you're missing one day--what's missing?",probing
hi can you tal me through your answer,generic
ok lets start at the beginning. the water flows in at a rate of 12l per min and escapes at rate of 1l per min. in the question it says he turns the tap on for 1 min and off for 1 min so in that time how many litres of water have escaped,probing
hi emiloy can you tell me how you worked out the problem,generic
do you need to use all those calculations?,probing
hi can you talk me through your answer,generic
great i can see you have worked out he needs 3000 gallons so at a rate of 10 gallons per hour how long would it take,probing
hihunter can you tell me how you worked it out?,generic
how many days does he train per week?,probing
hi can you talk me through your answer,generic
ok how many space stickers did paige have,focus
hibrnada can you tell me how you worked this out,generic
how many stripes did the three people have on each shoes?,focus
hi can you talk me through your answer,generic
ok how many boys are there,focus
hi can you tell me how you worked out the answer,generic
how much of her money do you need to work out?,focus
hi can you talk me through your answer,generic
ok tell me the calculation needed to work out how many marbles she gave stuart,probing
"hi hunter, could you explain your workings?",generic
can you see you forgot to deduct the blue chips?,focus
"hi stephanie, could you explain your solution?",generic
can you see that you had already included the times for rewinding in your workings?,focus
"hi claire, can you explain your answer?",generic
"remember, the first harvest yields 20 sacks. the 2nd harvest yields 20 more.",focus
hi can you talk me through your answer,generic
"ok i can see you have correctly worked out she needed 2 boxes of candles, how many candles is that",probing
"hi alejandra, could you please walk me through your solution?",generic
let's try this from a different angle. how many sitpus would shawna have to do in total throughout all three days monday-wednesday?,focus
"hi lakisha, canyou explain your workings?",generic
"going back to the question, how many pets have 4 legs and how many of these are dogs?",focus
"hi winnie, talk me through your answer",generic
great start. you are correctin saying that 60 of 50 students is 30. but in order to figure out the cost per student you mst divide 30 by 50 before x by 126,focus
hi can you explain your answer,generic
ok jesse had read 83 pages 1 3 so he needs to read 2 3 so how much is that,probing
hi michael tell me your solution,generic
ok i see. so your right that he makes 6 stories per day. and each is 10 foot tall - we need to multiply the 10ft by the 5 floors before going any firther,focus
hi can you talk me through your answer,generic
"ok i can see you have calculated thay maya can initially lift 60 pounds, as she grows stronger how much can she lift",focus
"hi rishi, could you please walk me through your solution?",generic
do you know from the problem how many containers it takes to paint one wall?,focus
"hi scott, tell me how you solved this one",generic
ok you are right 18 yards of velvet is needed to make 6 cloaks and 3 yards are needed for 12 hats. so how many yards are needed for 12 hats and 6 cloaks?,focus
hi can you talk me through your answer,generic
ok i can see you have worked out that jethro had 20 and twice that is 40. if carmen needs 7 more to get to 40 how much does she have,probing
"hi riya, could you please walk me through your solution?",generic
let's maybe try to solve this problem in an easier way. let's say i have 1 pencil and you have one more than me. how many do you have?,probing
hi can you talk me through your answer,generic
ok so lets look at what we know. the 3rd segment is how long,probing
"hi scott, could you please walk me through your solution?",generic
let's focus again. how many words can bert write with one pencil?,focus
"hi heidi, could you please walk me through your solution?",generic
"you already did great. you understood how many games reggie won 9 and that his friends started with 100 marbles and now has 10. since there are 10 marbles on the table for every game, what does that mean?",focus
"hi, could you please walk me through your solution?",generic
there is a mistake in here. could you please tell me how many eyes in total the son gets if he gives 2 eyes to his dog and he eats 22?,focus
"hi, could you please walk me through your solution?",generic
that is mistake you have done. not each class is 3 hours long,focus
"hi, could you please walk me through your solution?",generic
there seems to be a mistake here. can you please tell how much a pair of toys cost?,focus
"hi michael, could you please walk me through your solution?",generic
you already did many things right but it seems that you converted the numbers several times. let's maybe put the conversion from inches to feet at the end. can you try to solve the problem again?,telling
"hi, could you please walk me through your solution?",generic
"there seems to be a mistake here. if there are 30 white, blue and green coloured chips and 15 of them are white, how many are green and blue?",focus
"hi, could you please walk me through your solution?",generic
there seems to a mistake in here. could you please tell me how many round trips does the train make in a day?,focus
"hi ayisha, could you please walk me through your solution?",generic
you already did great by calculating the total numbers of female and male students but where do the additional 2 females come from?,focus
"hi lakisha, could you please walk me through your solution?",generic
how do you get the 28 croissants? how many are jorge and guiliana eating each?,focus
"hi , could you please walk me through your solution?",generic
there seems to be misunderstanding here. the height of the hill is the difference between the distance from the riverbed to the hilltop and the distance between the riverbed to the hill's bottom.,focus
"hi scott, could you please walk me through your solution?",generic
"ok, so at the beginning you already calculated the notes for all classes of the week 25 and the the pages of notes each day 10. so how many pages is that in a week?",focus
"hi, could you please walk me through your solution?",generic
"there seems to be a mistake in here. if he is 10 floors higher than his starting point, which floor is he in?",focus
"hi, could you please walk me through your solution?",generic
"there is a mistake with the equation. if x girls didn't join the trip out of 10 girls and those who joined is same as that of boys, what should be the equation?",focus
"hi hunter, could you please walk me through your solution?",generic
"let's try to approach this differently. say i win 100 in a lottery. afterwards, i put this money in the bank and get 1 interest per year. so i will have 101 after one year. but at first, i only had 100 dollars. the increase only happend afterwards. in the same way, the increase by 20 in the problem only appears after the first harvest. what does that mean for our problem?",probing
"hi brenda, could you please walk me through your solution?",generic
did the question ask about goals per period?,focus
"hi, could you please walk me through your solution?",generic
you might have committed a mistake.could you please check whether you have considered all the 7 days of the week?,probing
"hi lakisha, could you please walk me through your solution?",generic
"ok , so why are we dividing the number of pies by number of days?",focus
"hi , could you please walk me through your solution?",generic
"there is some mistake in here. if he has taken pills, for four-fifths of the total days, for how many days is he taking pills?",generic
"hi riya, could you please walk me through your solution?",generic
ok so you're on the right track. she does cook 13 eggs every time she cooks breakfast. how often does it say in the question that she cooks breakfast?,focus
"hi heidi, could you please walk me through your solution?",generic
"so, in decimal points, what would 11hrs and 20 minutes be?",focus
"hi alejandra, could you please walk me through your solution?",generic
"good work so far, so randi had 12 nickels right?",focus
"hi claire, can you take me through your calculation",generic
can i ask why you have add the 8 and 6 twice?,probing
"hi lakisha, can you talk me through how you worked out the answer",generic
"have a look at the question carefully, how many sisters are there in total?",focus
"hi hunter, talk me through your calculation?",generic
"okay, can you read the question again carefully. is the figure given for the total yarn used or just for one of the balls?",focus
"hi alejandra, can you talk me through your calculation?",generic
the first part is perfect. look back at the question though and see if you can spot a miscalculation with your 2nd year,probing
"hi, could you please walk me through your solution?",generic
"there is a mistake in here. let me clarify that there are 100 students only. not 400. out of 100, 56 are boys and 44 are girls. and they need to divided equally into 4 classes. can you do that?",probing
"hi , could you please walk me through your solution?",generic
"no it doesn't. you have used the same variable c for country cds and classical cds, which is not correct unless you are sure that they are equal in number. do you think they are equal ?",probing
"hi , could you please walk me through your solution?",generic
"but you have already accounted for both of them in the first step, that is 12 hours per day. why are you multiplying again in the last step?",focus
"hi , could you please walk me through your solution?",generic
there is a mistake i see in here. can you please tell me how many bricks in total are needed for the whole job?,focus
"hi , could you please walk me through your solution?",generic
oh there seems to be misunderstanding here. it's 1 5th of the number of cars with valid tickets that have parking passes.,focus
"hi , could you please walk me through your solution?",generic
"what rubbish! if karina's brother is younger than her, how could he possibly have been born 1000 years before karina? does that make any sense to you?",probing
"hi michael, can you talk me through your solution?",generic
"wow, that seems like a lot of fat per serving! could you look at the question again and work out whether you really need to work out the ounces?",probing
"hi , could you please walk me through your solution?",generic
that is not correct. tell me this. how much he has left after the purchase of ingredients?,focus
"hi jordy, please can you walk me through your solution?",generic
"okay, i can see you have correctly identified that leah had 12 in her wallet, but then you get something wrong. can you identify it by reading the question carefully?",probing
"hi , could you please walk me through your solution?",generic
why did you substitute 12 in x?,focus
"hi lakisha, can you walk me through your solution?",generic
okay. that seems too low. let's start by working out how much james gets paid in his new and old job per week. how would you do that?,probing
"hi , could you please walk me through your solution?",generic
did you add the cost of the iphone itself?,focus
"hi scott, can you walk me through your solution?",generic
"okay, before we work out the correct answer, can you tell me what 'range' means?",probing
"hi stephanie, can you walk me through your solution?",generic
"i can see that your method is sound, but your calculations are not. what did the club start off with?",probing
"hi seth, can you talk me through your method please?",generic
"ok, you've made a great start but you've got a little muddled. you are correct that each student needs to eat 4 vegetables to earn 8 points. but remember that they have 2 weeks to do this in.",probing
"hi , could you please walk me through your solution?",generic
i think you missed something. cats?,focus
"hi , could you please walk me through your solution?",generic
there is a mistake in here. could you please tell me how many times does he shoots his weapon in a minute if one time shooting takes 15 seconds?,focus
"hi , could you please walk me through your solution?",generic
there seems to be some sort of mistake with the number of goals scored by judah. could you please re read the question and try again,probing
"hi , could you please walk me through your solution?",generic
if i borrow 100 from someone can i return 130 to the person without earning more?,probing
"hi , could you please walk me through your solution?",generic
you seem to have miscalculate the number of siblings. sandy is not a sibling to herself. she has 4 siblings.,focus
"hi , could you please walk me through your solution?",generic
"there seems to a repeated multiplication. if me and my brother work for 5 hours everyday and get paid 5 an hour, how much money would i make at the end of the week",probing
"hi , could you please walk me through your solution?",generic
"jack has black, green and yellow coloured pencils total 60 in number. if one third are yellow 15 are black and the rest are green, how many green pencils are there?",probing
"hi , could you please walk me through your solution?",generic
x 12 is a wrong substitution. you have assumed olaf's age to be x and have substituted it with beckett's age,focus
"hi , could you please walk me through your solution?",generic
that doesn't seem to be correct. why have you added the item's price again in the total? it's already included in 54,focus
"hi ronny, lets look at the question again. how many batches does the cookie dough make?",generic
"ok, that's excellent. so if we have 81 chips. how many chips are in each batch?",telling
hi alisha. let's look at the question again. how many crickets does the gecko eat over three days?,generic
that is not what the question says. can you see where you have gone wrong? what does the question say?,telling
"hi jian, you have done well and you are almost there but you're missing one simple step. if the goats have 11.75 carrots each, you are right to give them 11 each.",telling
"is your answer how many carrots are left, per goat?",probing
talk my through your second step please?,generic
but is 5178 not the total number of black balloons?,probing
please work out profit made by star wars individually?,focus
forget the earning to start with,probing
recalculate the stepd walked on day three please,probing
no have another go,focus
have a look at the question as you were getting the correct answer until the end?,focus
okay let me help you?,generic
okay you are right in a way but you need to fingure out how many plants were originally planted if there were 6 by the end of month 1,generic
yes well done. can you explain where you found this confusing ?,generic
how many games does neil have after getting the 5 from henry?,probing
relook at the question - henry has 4 times more games than neil after giving him 5. knowing this re look,probing
"you have started the question wrong. he didn't sell 18 watermelons, he went gome with 18",telling
let's start by focusing on the sold watermelons. he sold x amount at 3 and made 105 so how many did he sell?,focus
how long does it take to clean 1 normal sized car?,probing
an suv takes twice as long as how long is that?,probing
hi riyi. if chris takes away 1 4 of the 40 marbles how many will he take away?,generic
ryan will also take away a 1 4 of the 40 marbles. how many will he take away?,probing
hi ayisha. how much money did lily start with? how much did she spend in total?,probing
using just those two numbers calculate how much she has left?,focus
"hi cody, you said omar starts with 12 ounces of coffee and drinks 9 ounces before it turns cold. that leaves 3 ounces correct?",generic
"once it is cold and there are 3 ounces left, omar drinks 1 more ounce of coffee. how much does coffee is left?",telling
hi emily. the two pairs of sneakers are 60 and 40. the cheaper pair is half off so what pair is that and what is their new price?,probing
is the cheaper pair the 60 shoes or the 40 dollar shoes?,probing
"hi jian. if x is the number of bedbugs you started with, 3x represents the number of bedbugs you have on day 2. correct?",probing
"so on day 3 you have 3 3x or 9x, and on day 4 you have 3 9x or 27x. correct?",probing
"okay, good start but from the second point on we need to relook. tanya has 10 red erasers and how many are red if one half are red",probing
tanya has 10 red erasers - rachel has 3 less than half of tanyas - try that agin,probing
let's re look at step 1. each movie ticket sold costs 30 dollars - how many tickets were bought?,probing
so multiply that by 30,probing
how many pies were made,probing
and how much does it cost to make a pie?,probing
relook at the question.- it states that paul usually does 2 hours every night plus 5 hours at the weekend. so how many hours is this?,focus
how many days during the week,probing
keep in mind that smith gave randy 200. so how much did he have before he got money from smith. you have already stated that he had 3200 in total after getting money from smith,probing
you have taken 200 off twice there. it only needs to be removed once,probing
"hi lakisha, i like how you determined that 90 females like comic books. how many males like comic books?",probing
ok so if 90 femals and 120 males like comic books how many people is that altogether?,focus
hi mariana. please calculate first how many flights janice walks up only?,probing
good. now calculate how many flights janice goes down only?,probing
"mariana, you correctly stated that the distance travelled after turns 3 and 4 equalled 10 meters... could you re-read the problem and tell me how far the car travelled after the 4th, or final, turn?",focus
what was the total distance travelled in turns 3 and 4?,probing
"hi alejandra. you said the squirrel took 30 acorns from his winter piles, correct?",generic
good work? that is how many he has to eat in the spring!,generic
"hi scott, how much money in dollars did nigel start with? also what is twice that amount in dollars?",probing
if nigel has 10 more than the 90 how much does he have before giving any away?,probing
hi riya. how much did geoff spend on sneakers monday total?,generic
how much did geoff spend total on tuesday if it is 4 times as much as he did on monday?,probing
"you correctly calculated the profits made by the lion king, so you also correctly calculated the profits for star wars. what did the problem ask you to calculate for star wars?",probing
so you gave the figure for star wars' profits... how would you find the earnings?,probing
hi deandre. you said the 2nd ring costs 20000 and he sold the first ring for 5000. correct?,generic
"how much did the first ring cost jim? if he sold it for 5000, much much is he out of pocket for that ring?",probing
"scott, according to the problem, how many rose petals are needed to make an ounce of perfume?",probing
how many ounces are in each bottle of perfume?,probing
"michael, if they make 2 per mushroom and made 58 dollars on the first day, how many mushrooms did they pick on the first day?",probing
excellent. how many did the pick on the second day?,probing
"jordy, how many people are wearing checkered shirts? how many are wearing stripped shirts?",probing
how many total people are there in the cafeteria?,probing
"hi seth you pretty much already have the answer. however, the question is asking for how many more gallons must flora drink daily, not how many in total, which is what you wrote",focus
great you got it,generic
why do you do 15 2 30,focus
so you have 15 cups right? and you need 2 cups per dozen for frosting. how many dozens can you make for frosting?,focus
"hi rishi, although the question doesn't state which units to use. could you please submit your answer of 1.75 liters in milliliters.",generic
"yes, that is correct. thank you.",telling
why did you decide to do this? jeff makes 10-1 9 donuts each day.,generic
so jeff's eaten donuts have been included. can you see where you have gone wrong after this point?,focus
what is the amount of the 20 tip?,generic
"yes, that's correct.",telling
"hi ronny, you have made a mistake in your solution. please check your total number of blue notes.",generic
"yes, that's correct.",telling
"hi michael, let's look at your solution. would 32 jalapenos in one sandwich make sense?",focus
"but let's look again, the question tells you that each sandwich uses 4 strips of pepper. not 32.",focus
"claire, you did a great job figuring out that tedra had 700 kg of tomatoes left. that is what the question wanted us to find. why did you go back to how much was harvested even after you solved the problem?",focus
"oh that makes sense. but then you said 0 were remaining, but you had already determined 700 were remaining?",focus
could you explain why you multiplied the number of eggs by 60 as this is the time it took her to collect the 270 eggs. could you try this part again,probing
this is incorrect it takes her 60 minutes to collect 270 eggs,focus
"alejandra, i like how you determined that gavin had 1460 dreams. the question then says he had twice as many dreams as last year. why did you choose to use 1 2 to represent the word twice?",focus
what does the word twice mean?,probing
"luca, let's first try to determine on a normal day how long it would take to fill the barrel.",focus
so on a normal day how long would it then take to fill 12 barrels?,probing
do you think you have used the wrong numbers in the second step,probing
we need to find half of 60 so would we multiply.?,focus
could you explain your final step to me as you have done well until then,focus
"could you explain why you too, the commission away as this was something she received",probing
"the question tells is the amount they collect in two week , do you think we need to firstly break down to how much per week and if so how you would achieve this",focus
correct and if this is for one section and we have four sections what would your total each week be,focus
could you please look at your first answer and see if you have used the correct symbol,focus
so if the student starts with 50 and adds 20 more on the first week could yo7 explain why you subtract 20,probing
"winnie, i think you misunderstood the meaning of double counted. for example, if i double counted 6 people, i would think there were 6 more people than there actually were... not 12 more because 6 of them do exist.",probing
"basically correct, though you added an extra step.",probing
"mariana, re-read the problem... how often does janet use 15 pounds of cat litter?",probing
how many weeks does she need to buy for?,probing
"claire, how many months attendance were you supposed to add together?",probing
"excellent, recalculate with the last month added in.",probing
how many more minutes did anna work than billy?,probing
how many minutes does it take to wash a dish?,probing
"seth, how many walls has eric already taken the wall paper off of, and how many are left to do?",probing
so how many walls total are left to do?,probing
hi heidi. how many baskets did levi's brother score in total?,probing
if levi needs to beat him by 5 what is 5 more than 15 baskets?,probing
hi riyi. tell me how many movie tickets and how many football tickets are bought?,probing
how much will the 8 movies tickets cost?,probing
hi ronnie. you said it would take ann how many more minutes to frost 10 cakes?,generic
how many minutes longer does it take longer to frost 1 cake with a sprained wrist?,probing
"hi emily. you said nigel has 125-x dollars after his mom gave him some money, correct?",generic
now let's calculate what twice the amount nigel originally had is plus 10 more. how much did nigel start with? what is twice that amount? now add 10 more. how much is this?,probing
hi deandre. you said 1 unicorn would create 12000 flowers when walking across the forest. correct?,generic
you said the journey is 9000 metres and each unicorn steps 3 meters. so how many steps does 1 unicorn take?,probing
"hi brenda, thank you for your answer. can you have another read of the question and how many paint colours there are?",generic
that's great brenda. now have a look at your working out and see if you can spot the mistake that you have made. just ask if you need a clue.,focus
"hi michael, thank you for your answer. can you tell me in a story, what this question is about? ask me if you need a clue.",generic
so would we expect his mileage to be more or less after his trip?,probing
re-read the question. what is the answer the question is looking for?,probing
re-read your answer and stop when you get to the first equation you wrote which says how many lines the first character has. what is that equation?,probing
"luca, how many weeks are there in a month?",probing
"ok, if you subtract a day's pay from each week, how many day's pay did you subtract from her monthly pay?",probing
"mariana, re-read the question. how much money did lilith need to raise for the present selling the water bottles?",probing
so how much extra money does she still need to buy the present after selling the bottles at the cheaper price?,probing
"hi mariana, let's look at your solution",generic
can you talk me through it?,generic
"if bill double-counted 8 toddlers, how many extra toddlers did he include that he shouldn't have?",probing
good!,generic
"seth, how far short of his goal did the pet store owner fall?",probing
what percentage did he actually sell of the 100 goal?,probing
"michael, how many blocks were in the tower before jess' father played?",probing
check what you wrote... how many blocks were in the tower before jess's father played.,probing
"you're on the right track. what does it mean that noah ""sold twice as much"" this month?",focus
that's not quite right. does it mean the amount of paintings or the amount of money?,probing
go back and read the question. how many students are there?,focus
"good. if there are 40 students as you said, how many are bringing their own life vests?",probing
"if the insurance pays for 90 of the certification, how much does alice have to pay for it out of pocket?",probing
"that's right. so for the certification, her out of pocket cost is 300. what are the other costs that alice has to pay?",probing
"double check your fractions. if 2 3 x 2 20, what is x?",probing
let's try it again. let's just focus on the left side of the equal sign. what is 2 3 x 2?,probing
"hi ronny, can you talk me through what the 90 is for?",probing
"yes, this is correct. however with a credit card and credit we add the amount to the card. it would be best to calculate each step.",telling
you are right as far as the 45 minutes then you have made a simple error could you please look again,focus
"no you did add the 30 and 15 to get 45 , the error is the next calculation",telling
please tell me about your thinking behind step 2x 8?,probing
"ah ok, then a small puzzle is 8. this should have then been x 3",telling
"could you please check that the figure you have for johns wife is correct ,",focus
"you were correct in 80 guests you d not need to add the 50 again, could you work on from there",telling
i think you may have got confused with the first step. 3 parts. tell me about your thinking?,probing
i can see what you were thinking. you were right until the final part of the 2400. what was the total number of turtles including both?,focus
"you are correct as far as the 245 total , could you please look again at the calculation you do next",focus
your total is 300 minus 245,telling
he has deleted these emails. he starts with 0.,telling
where does he receive 65 emails?,probing
do you think you could have made an error in calculation 3,probing
"jim is out of pocket by his wife s ring and half the first ring, how can we work this out",focus
if maya strted at 60 and added the 10 you suggest what would this be,focus
yes and at her peak 300 0.5,focus
what is the answer you are trying to find?,focus
"so look at the full original answer you wrote, showing each step... you gave two answers as to how long the boards were before making them the same length. what are those lengths?",probing
how many days does eric want to rent the house?,probing
how much would he pay for the first 14 days?,probing
"mariana, how many feet of unused rope did bob have left after giving 1 2 to his friend?",probing
how many 2 foot section could he have using the 20 feet?,probing
"jia, what is the number of apartments that have at least 1 person living in them?",probing
what is the number of apartments that have at least 2 people living in them?,probing
if ignatius has 4 bikes then how many tires are there between all bikes?,probing
with this in mind can you relook at the question and try again,focus
"riya, reread the question and tell me exactly what they want to know.",probing
what would be the answer you found for that question?,probing
what was the cost of concessions?,probing
that's right. and how much was spent altogether?,probing
what fraction of the children are girls?,probing
that's right. and how many children are there in total?,probing
okay you have assume that there are 40 male cows but the question cleary states that the farmer has 50 male cows. with this in mind could you try again?,focus
why do you think there are 100 cows? where does it say that?,generic
"if the bag originally cost 6 but was 75 off, what is the new cost?",probing
you are right that the cost of the new bag is 1.50. but what is the cost of 2 bags if each bag costs 1.50?,probing
how many stripes are there on each shoe across all 3 people?,probing
that's right. and how many shoes does each people have?,probing
have another look. you havent subtracted the smallest weight,probing
yes well done. can you see where you made an error?,generic
"if tom goes to a normal doctor, how many visits does he need?",probing
are you sure? read the question again.,focus
"have another look at the first part of your answer. rememeber wed, thurs and fri are seperate days",telling
no. hilary spends only 0.50 per day. check again,probing
hello riya. keep in mind that it is only 60 more than the 50 guests already invited.,probing
what is 60 of 50?,probing
how long does it take carlos,probing
what about diego,probing
how much did fred earn from washing the car,probing
how much did he have before,probing
when was she born,probing
when did she start fencing,probing
how long does he travel at 30mph,probing
how long does he travel at 25mps,probing
how long does polly spend cooking,probing
how long at breakfast,probing
hi claire. you've worked out how many seeds remain after not landing on water or being eaten. remind me what that was please?,focus
"that's not quite right, have another look through your solution please and try again.",focus
hi deandre. can you explain the question to me please?,probing
"so he waits 18 days, plus another three weeks, right?",focus
"hey alejandra. let's start at the beginning. if chloe buys the strawberries at 50 for 12 and sells them for 30 for 6, how much profit would that be for one dozen?",probing
remember that she's selling half a dozen for 30. how many half dozen can she sell from each 50 dozen she buys?,focus
hi steven. can you explain the question related to the payment for the two specialists please?,probing
"you've calculated that for full hours, but also said that they only did 15 minutes of work. is that correct then?",probing
"hi stephanie, good work! this was a tricky problem. can you tell me about your strategy?",generic
that's a smart plan! why don't we start by calculating how much candice spends at the bakery in a single week,focus
"hi heidi, nice job! tell me what you were thinking about when you were solving this problem.",generic
you did great! what are each of the items lisa spent money on?,focus
"hi jordy, great work! how did you feel about this problem?",generic
i think you did great! this type of question can be very confusing. i'd like to start by asking you a silly question -- how old are you now?,probing
"hi deandre, could you tell me what 'range' means in maths?",probing
"brilliant. i can see from your workings you have correctly identified that brad's pumpkin is 54 pounds, jessica's is 27 and betty's is 108 pounds. so what is the difference between the heaviest and lightest pumpkin in pounds?",focus
how much money did yulia make in total?,probing
don't count the net 44 toward the revenue. that is already included in the 47.,telling
"read the question again. if the driver travels 30 miles per hour for 3 hours and 25 miles per hour for 4 hours, how many miles is that?",focus
ignore the day of the week for now. how many miles is that in a single day?,probing
"if there were 600 adult men and there were twice as many adult women as adult men, how many adult women were there?",probing
try again.,focus
what is the duration of the original 25 songs?,probing
that's right. and what is the duration of the additional 10 songs?,probing
how many students are in the class?,probing
"that's right. if half of those students make 3 artworks each, how many artworks is that?",probing
i feel you have made this more complicated than needed could you maybe find a simpler way,generic
how about firstly we start with the cost of two white socks and the difference between this and one brown sock,focus
you are correct in all their weights but the. the next step is incorrect could you please recheck that step,probing
yes that is correct,generic
we already know that kristin runs 12 times around the adult field so what is the first step,probing
we know that she runs 3 times faster so could we divide this by 3,telling
you are correct in saying the barrel stores 43 if we have four how many would this be,probing
"we are only looking for the total in barrels, how much would this be",telling
if your 1800 is correct what would be your next step,probing
to arrive at 720,probing
what is in one pack of pencils,probing
so how many just red pencils did he buy,probing
"hello riya, the answer is incorrect. can you have another look and see if you can spot the mistake?",telling
no. let's start from the beginning. each airplane has 20 x 7 seats which is equal to what?,probing
okay so we know that there is a 5 year age gap between the two girls. rena being the older and pam the younger. yes?,probing
if pam is twice as young as rena currently but only 5 years younger than her in 10 years then how old is she now?,probing
the baker works 7 days per week. not 6. try again,telling
perfect. just remember to read the question properly,generic
okay lets try add together the amount of slices of cake that will be eaten,probing
good. if you subtract that from the total amount of slices what are you then left with?,probing
relook at the question. there are1762 more black balloons than yellow balloons. if there are 3414 yellow balloons then how many black balloons will ther ebe?,focus
good so if you add the yellow balloons on top of that how many balloons do you have altogether?,probing
how many days are in a weekend?,probing
so how much money would they make on two weekend days if they made twice as much each day as they do a week day?,probing
how much is left from the budget after buying the tv?,probing
"if the fridge costs 500 more than the computer, what would be left to buy the computer and fridge?",probing
"ronny, if you look at your answer, why did you include the 900 john pays in rent each month as a profit?",probing
"re-examine your answer, you still left in his rent payment in your calcuation.",probing
"hi michael, how are you feeling about your answer to this question?",generic
"that's a great idea to check our work with a calculator. however, you've made a little mistake so let's take a look. you said that there are 9 cracked eggs. look again and see if you still agree with this.",probing
"hi mariana, how are you feeling about the method you used to solve this problem?",generic
you obviously enjoy algebra! you made some great progress - but do you think there might have been a simpler and or quicker way to solve this?,generic
how many gnomes had red hats total?,probing
how many of those 21 gmones had big noses?,probing
how many smores could jacon make with 48 graham crackers?,probing
re-read the question. how many graham cracker does it take to make a smores?,probing
"hi rishi, can you take another look at your first calculation? how many chapters are in the book?",probing
that's right. why did you do 10 x 3?,probing
"hi rishi, are you feling confident with your answer?",generic
you've done really well with your calculations for most of the question but i can see a small misunderstanding. how many people make up a pair?,probing
brenda could you have another read of the questioon for me and see if you come up with the same answer please?,generic
lets look a step at a time. how many books is she given new and how many has she bought. then how many do we need to take away due to her wanting to borrow less,generic
luca do you think yoou could check your answer again please? maye try and think of the total more than referring the contribution to x,generic
was the total three trimes the amount oof his contribution before oor after he contributed?,generic
"hi cody, tell me about your second line",generic
"oh yes, apologies, that line is correct",focus
"hi ronny, please tell me about how many books she gets from the different sources",generic
"great, now solve the problem using that value",focus
"hi emily, please tell me about why you added their number of pages together?",generic
"correct, that would be right if the question wanted their values combined",focus
hello - which gender sex do you think the canoneers must be?,focus
"great, so they make up some of the 252 men. what is the total number of people?",focus
"hello, if lee can only save 1000 per month the other 4000 cannot be spent on the ring",telling
how much should he spend on the ring considering it needs to be 2 months' salary?,focus
"hi brenda, how did you get to your answer?",generic
ok so johnny makes the crab did 40 times a day. he does that 4 times a week. what is that total?,probing
"hi rishi. you've correctly calculated the overall tip, but not allocated this correctly between the five friends. have another go please.",probing
"the total tip is 15, correct?",probing
"hi deandre. felicity gets a lollipop each time she goes to the store, and she goes three times a week, correct?",probing
"so, if she has already collected 240 sticks, how can be work out how many weeks she's been collecting if she gets three sticks every week?",probing
"hi stephanie, i can see you made a good start but need to understand more your thought process.",generic
well done. what made you realise you had made a mistake?,focus
"hi cody. if the terrier's owner hushed the dog every second time it barked, can you write this out as a sequence of numbers please?",probing
"good, so if the dog finally stopped barking after six hushes, can you write this sequence?",probing
"hi stephanie. after giving away apples to jane and james, how many apples does martha have left?",probing
"she started with 20, right? she gave away some to jane and some to james. can you show me this calculation please.",focus
"hi emily, you have made an error with your solution to this problem. please can you re-read the question and explain your method.",generic
"if you were making a cake and you doubled the quantities in a recipe to make it larger, would you need to double the time taken as well?",probing
"hi hunter, you have made an error with your solution. ""out of the 2000 community members, 30 100 2000 600 were adult men."" is correct. please check the next stage of your solution against the problem.",generic
"no, there are twice as many adult women as men. can you see your error?",focus
"if you read the problem. the cheese is 7 a pound and we don't know how many pounds have been bought. however, we do know that one pound of beef has been bought. so the only missing variable is cheese. can you send me a new solution based on this?",focus
what if you take the cost of the beef from the 87?,focus
"hi, do you want to tell me your solution?",generic
and how do you work that out?,generic
"hi jia, you have made a mistake in your solution. the terrier's owner hushes it every second time. please check your solution. can you see where you have made the mistake?",generic
"if the dog's first bark is an odd number and the second bark, which is hushed is an odd number, can you list the barks that are hushed, e.g. 2, 4 etc",probing
how many ounces of water did he fill the tub with?,probing
that's right. and how many ounces of water did he remove?,probing
how many stops total does the delivery person need to make?,probing
"not quite. there are 12 pizzas, and 2 of the stops are for two pizzas.",probing
"you're on the right track, but your fractions are not added correctly",focus
"what is the common denominator of 6, 100, and 12?",probing
"if james is 30 now, how old will he be in 5 years?",probing
"good. and in 5 years, matt will be twice as old as james. how can we write that as an equation?",probing
"if a large puzzle costs 15, and a large and small puzzle together cost 23, how much does a small puzzle cost?",probing
try again,telling
explain the 6 litre bucket part,generic
what is 6-2,probing
"hi luca, can you tell me how you decided that there are 200 pairs of plugs?",generic
you're correct that there are 200 pairs,probing
"hi steven, i don't understand why youve written 0.25 80x 0.1 100x 20x. can you explain?",generic
can you check your addition again?,probing
"hi lakisha, you've made a good start on this! have another look though. how much do 4 creeping jennies cost?",generic
that's correct - do you see the mistake you made?,probing
you're correct with the first group having 9 lollipops. well done! but check the second group - how many people are in the 2nd group?,probing
that's not correct. can you check again?,telling
hi rishi. you said tim paid 75 for the doctor visit. correct?,generic
and you said tim paid 60 for the cat's visit. correct?,generic
"hi jian, how many pieces of clothing total does each model have to show?",probing
"yes, so if each model shows 5 pieces of clothing or makes 5 trips up and down the runway, how many trips would 6 models make?",probing
"hi heidi, you said james will have to spend 100 for the first set of channels, and 50 for the second set of channels. correct?",generic
"so if you calculate the total for that 100 and 50 for both sets, how much did james spend?",probing
"hi riyi. shawn painted 9 red pebbles, 13 blue pebbles, and the 18 remaining pebbles into 3 equal groups of 6 yellow, 6 purple, and 6 green pebbles. correct?",generic
what is the difference between the 13 blue pebbles and the 6 yellow pebbles?,probing
"hi alejandra, you agree tonya sold 50 total consisting of 11 total of small cups, 24 of medium cups, and an unknown total of large cups you call x. correct?",generic
what total did she sell of small 11 and medium cups 24 combined then?,probing
"ronny, can you tell me why you added the two numbers together?",probing
but do you remember the original question that needed to be answered?,probing
"lakisha, can you tell me how you got to 77 exactly?",probing
can you explain to me why you added 24 and took away 6?,probing
"mariana, can you explain to me about the use of seconds in your answer",probing
do you remember the original question?,probing
"winnie, can you tell me why you multiplied by 0.5",probing
"but you came up with an answer of 63, which doesn't follow that method",probing
"alejandra, can you look at your first step again and explain how you came to this conclusion",probing
can you see where you might have went wrong in the first step,probing
"hi hunter, could you describe your approach to this solution?",generic
"the problem gives you a figure to calculate the width of the lake, did you use this in your calculation?",focus
"hi rishi, could you walk me through your approach to this problem?",generic
"that's correct, although the original answer you gave was 140 minutes, can you compare your approaches and see where you went wrong originally?",focus
talk me through your problem,generic
we know that yesterday lara collected 80 cans and sarah collected 50. what is the total?,probing
"hi , could you please walk me through your solution?",generic
"there seems to be a mistake in here. let us try something else to understand this. if i have 20 t-shirts at the beginning of a week and i wear one each day, how many clean t-shirts would i be left with at the end of the week?",probing
"hi, can you explain what the questio is asking?",generic
what did you work out?,generic
"hi alejandra, how are you feeling about your method here?",generic
"yes, you've made correct calculations - well done! however, you made a small mistake on what the calculation should have been, even though your answer was correct. why did you subtract 4.50 from 6.75?",probing
"hi stephanie, can you explain yuor method here, please?",generic
"wow, fantastic work! i love your use of algebra to help you with this question. do you think you have forgotten any steps?",probing
"hi scott, how are you doing today?",generic
"sure! your calculations are correct, so well done on that - you just made one small mistake. how many additional windows does one house have?",probing
"hi steven, how are you doing today?",generic
sure! have a look at the price of taffy. can you try that again?,probing
"hi luca, lets have a re-read of the question and see if you can try some diffferent calculations to achieve a different answer as you don't quite have the correct answer",generic
"ok, you have the correct answer however your workings out are not quite correct. lets start at working out how much he spent on video games, that was 160 correct, now lets think about the 5 he has left over, what do we do with that?",focus
lakisha could you have another go at working out this question after taking another look at the question,generic
"when doing your workings out, do them one step at a time. so your first problem being 80,000 50,000 and so on...",generic
"scott, please read the question again and see if you get a differnet answer",generic
"lets take it one step at a time we know she used 220 post it notes, and had 23 remaining so what do we need to do with these two numbers?",focus
"stephanie, please look at your workings out for the food amount. is your answer relevant to cost per year or month?",generic
"brilliant, what would that new total be?",generic
"hi cody, please have a look back at your answer and try again",generic
lets not think of the origional number being x as i think this is confusing you. what is the numbers we need to extract from the question,generic
"hi hunter, good work on this problem. can you tell me about your strategy?",generic
that makes sense. let me ask you a slightly different question than the difference in revenue -- on which day was the revenue highest?,focus
"hi jian, silly question for you -- which do you prefer soda or water?",probing
"i disagree, but i think we can agree that soda and water are different...so in this problem, are all 4 of john's weekend drinks the same?",focus
"hi seth, do you remember how many feet are in a yard?",focus
"great! so if the length of the room is 3 yards, what is the length in feet?",focus
"hi ayisha, good work! to start, can you tell me each shoe in this question and its cost?",generic
great! what is the total cost of the heels?,focus
"hi rishi, how are you?",generic
great! let me give you a hand with this.,generic
how do you feel about your method with this problem?,generic
"that's great! yes, your method was good. you just made one tiny error when calculating the number of shoplifters. can you try the number of shoplifters again?",probing
please can you explain to me why you minus 5 from 99?,focus
but remember the question says they cost 5 more?,focus
"hi cody! in your first step, can you tell me why you calcuated 360 3?",probing
you're correct that that the area of a rectangle is equal to the length times the width - but divinding the area by 3 won't give us the width. let's try it a different way. we know that the length is 9 feet. so 9 x something equals 360. what is that?,probing
remember it is just the water you are counting on the weekend not the soda,focus
remmeber there are 2 days on the weekend,focus
here i see you taking away 10 from 40 ?,focus
i think if you look back you have taken the supplies of when working out your profit by candle?,probing
work out the total point score for a 93 average first?,probing
remember its 5 test marks that count,focus
"hi brenda, could you have a read through the question again and attempt the answer in a differnt way?",generic
how many days has he already read for and how many days does he have left?,generic
alejandra please check through your answer in line with the question,generic
what information can you extract from the text that we need to work out?,generic
jordy please check your answer after looking back over the question please,generic
"you have achieved the correct answer, however the number of days is irrelevant to the questin",generic
mariana please re read the text and see if you find a different method and answer,generic
"please do one step at a time, work out the total points already earned minus the lowest score",generic
deandre please re read the question and try agai n,generic
please try the question one step at a time,generic
"hi deandre, tell me your answer",generic
how did you get there?,generic
"hi brenda, you were asked for the perimeter of the room in feet. you made an error on the second line, can you spot what it is?",probing
you are right that you need to multiply the yards by 3 to get the number fo feet but there was an earlier step before that line that also needs updating. can you try again?,probing
"hi there, you have the wrong answer here but you were right about how many balls josh had left after he dropped 3 balls. read the rest of the question carefully again and see if you can update your answer.",probing
"no, i said you were right in the first place about how many balls josh had after he dropped 3 balls. you said 4 balls and that was right. but you didn't read the rest of the question carefully enough to realise how many balls he then juggled with. can you read it again?",probing
how much rice is consumed in a week,focus
i meant to say how much rice would 5 people consume in week if they consume 2 kg each day?,focus
lets focus on weekends. how many glasses of water and soda does john have on weekends?,focus
"wrong it's 3 glasses of water and 1 glass of soda. so for 2 days of the weekend, what is count of glasses of water and soda?",focus
"hi stephanie, you were nearly right with your answer here. on the first line you calculated that brian had 15 video games after he lost 5. however, the question said that brian lost 5 games ""right before the comparison was made"". can you update your answer?",probing
that was the answer you submitted and it isn't correct. the comparison was made after brian had lost the 5 games. so how many games did bobby have?,probing
"hi luca, your answer to this question was not correct. you are told that the donuts cost 68 per dozen, so how much did toula spend on donuts?",probing
that's right. you made a similar mistake for the other items. how much did she spend on cupcakes if they are 80 per dozen?,probing
"hi claire, your answer to the question wasn't quite right. the question says that carla had to restart the download from the beginning after the update. so how long did it take her to do the download after the update?",probing
"no, that's not right. if she had to start the download again from the beginning, that means that she has to download the entire file again. so how long did it take her to download the entire file after the update?",probing
what's the capacity of the shelves?,focus
"so if wendy wants to place 20 more than double the capacity of the shelves, how many she needs to carry?",focus
"hi there emily! your answer to this question was not correct. read the offer again carefully. taffy was on sale for ""buy 1 point at 3, get 1 pound 1 2 off."" so how much is 2 pounds of taffy?",probing
that's right! is there anything else about this question you need help with?,generic
"hi ayisha, was there any part of this question that confused you",generic
"alright, let's look at the prices provided in the question. what do they tell us?",focus
hi steven. your answer to this question wasn't correct. read it again carefully. the caterer prepared enough for half the guests to be able to have 2 hotdogs. this means the rest of the guests would be able to have 1 hotdog. how many hotdogs did he prepare in total?,probing
"that is not right. he prepared enough for all the guests to have one hotdog, how many is that?",probing
"hi scott, can you tell me where you got confused in this question?",generic
"alright, how should we figure out how many meals are consumed in a week?",probing
"hi rishi, you have had a good go at the question but you have the wrong answer. an equation was a good idea, but it's not quite right. you are right that there are x 5 spoons. but you know that she used 3 of the spoons and was left with 12. so what is the right equation there?",probing
sorry there was typo in my message above. you were right that there was x 5 spoons. can you have another go at setting up the equation?,probing
"hi rishi, can you tell me what part of this question is confusing or difficult for you?",generic
"alright, let's look at the question, what does it say about the 5 ?",focus
"hi deandre, your answer was not quite right. you are right that there were 90 books sold in the first year and that there are 200 books sold in 3 years. but how many were sold in the current year?",probing
"no, you know there are 3 sales years. you already worked out that 200 total books were sold and that 90 were sold in the first year, and you said that 45 were sold in the 3rd year. so from that total of 200, how many must have been sold in the second year?",probing
"hi lakisha, can you tell me what part of this question was troubling you?",generic
"alright, so what does the question say about how many old records were worth?",focus
"hi winnie, i can see you have correctly identified the 150 increase in value, which is 120,000. what would be the new house value?",generic
"are you sure? remember the question states that he put in 50,000 in repairs..",probing
"hi , could you please walk me through your solution?",generic
correct,generic
"hi , could you please walk me through your solution?",generic
could you please you show me the calculations stepwise with explanation?,generic
"hi emily, can you show me how you calculated the total cost of the food?",focus
read the question again is the cost of the food 4.50 less than their share of the tickets or the total cost of the tickets?,probing
"jia, how many balls did josh intend to juggle with in the show?",probing
how many balls did he lose into the audience?,probing
jian how many spoons did julia have when she set the table?,probing
please re-read the question.,telling
you are correct that f 14. but what does that mean about how many fish are in each aquarium?,probing
read the question again.,focus
how many crates did sam sell over the weekend?,probing
good. any how many crates did he sell during the week?,probing
would you like to recheck your answer as it is slightly incorrect and see if you can see where you went wrong,focus
we know that her husband bought 5 and she used 3 how many would this leave us,focus
how many cups of food is needed in total per day?,probing
careful. is it 3 cups per chicken once per day or three times per day?,focus
how many pounds of meat are needed for each sandwich?,probing
what is the cost of 1 pound of meat?,probing
how many pencils are there total?,probing
don't forget the loose pencils.,telling
"winnie, according to the problem, how many years does marcy have to work before she earns any pension?",probing
how many years past 20 does she work if she works there for 30 years?,probing
you are almost there with you answer i think you need maybe one more step,probing
14 is the total for both aquarium so how many would be in each if they are the sme,focus
"you are correct in the amount the rides cost but appear to have missed one amount off , can you see what this is ?",focus
no your ride totals are correct at 25 but you missed an amount off for something else,focus
"rishi, how much money did john earn in order to buy the video games and have 5 left?",probing
re-read the problem.,telling
how did sophia know her car got 25 miles gallon?,probing
how did she know it was 4 gallons?,probing
x cannot be 100 if 2x is 150 would you like to try again,focus
if i tell you the answer is 150 cards can you work to this figure,telling
"michael, have you thought about the two loose pencils?",probing
now can you think about how many pencils each box can hold based on the 24 pencils and two loose pencils?,probing
"riya, can you explain your calculation of adding the extra 20 to your original calculation?",probing
are you sure it wasn't in your original calculation?,probing
"claire, how many people cannot make it to the show?",probing
"are you sure? think about the calculation again. so only the females will be performing, so how many people is that in total?",probing
"hi mariana, how are you feeling about your answer to this problem?",generic
"ok, let's have a look together. you've actually got the correct answer but you carried on with an unnessecary step! what does the question say happened to the balls that rolled off stage?",focus
"hi seth, how are you?",generic
let's takle a look at this question. can you tell me why you multiplied 12 by 3?,probing
"hi ronny, how are you feeling about your method here?",generic
"ok, let's take a look together. you've made a really good start but just missed one step. you've correctly worked out that f is 14 - great work! but f is the total number of fish that are in both aquariums. if there are 14 fish in 2 aquariums, how do you find out the number of fish in one aquarium?",probing
"hi luca, how do you feel about this question? it's very confusing!",generic
"yes, your calcuations are correct, well done! i don't think you've made a mistake here because the question is badly-phrased. the first line says ""he sells them for 15 each"" but it should say ""he sells some of them for 15 each"" ! i can see why you assumed that john sold all the sets and i would have made the same assumption.",generic
hi steven. let's talk through your answer,generic
what steps did you follow?,focus
go back tot he question lakisha how much is a bottle of milk?,focus
no - re read the question and then come back to me and tell me how much a bottle of milk is,generic
relook at the question. if frank has composed 120 problems as you stated and assuming he has had to compose 4 different types in equal then how many has he composed?,focus
yes. 30 of each. can you spot where you originally went wrong?,generic
hi emily.,generic
please talk me through this question,generic
"hi, can you explain what you did?",generic
let's go back to the question as i think you got a little confused. can you work out how many packets per minute are produced?,focus
hello lakisha. the answer is close but incorrect. could you try again?,generic
okay lets break this down. how many goals were scored during the first half only?,probing
"okay at some point in your working out you have come to the right answer. however, the further down you have gotten it has become lost. can you try again?",telling
let's start again. how much would diane make when she sold 1000 books?,probing
i'd like you to look at your step 3 of the equation and tell me if you can see any errors?,focus
no. remember the library charges 50p per day and how many days are there inmay?,probing
you are on the right tracks. at point 5 you have made an error. can you spot it?,probing
okay - you do not need to add 351 inches. with this in mind can you try again,probing
brenda please re read the text and attempt your answer again please.,generic
"her goal is to do a total of 30 sit ups per day. taking into consideration this, what would be your new answer?",focus
"hi alejandra, your answer to the question isn't quite right. you had the right idea but you need to read the question more carefully. it is not asking how much both people earn together. can you read it again and try again?",focus
that is correct! do you understand the question now?,generic
"claire, please read back through the text and see if you come to a different method and answer",generic
if we know he gets the bus at 8 00am lets not think about the bus he missed at 7 30am and just the 8 00am bus that he has missed,focus
"hi jordy, your answer here isn't quite right. you correctly worked out that there were 6 feet of sand on top of the treasure after the tsunami. so how much sand does rick have to dig through to get the treasure?",focus
why does he have to dig through 14 feet if there are only 6 feet of sand on top of the treasure after the tsunami?,probing
please re read the text throughly and attempt to answer this question again please deandre.,generic
so if govenor sandoval gave 12 as we know. how many would slan have made if they made ten more?,focus
"hi stephanie, your answer isn't quite right. let's start again with the first step. peter's brother wants to know how many km peter has to fly to get from where he is germany to russia and then back to spain. so first, how many km is it from germany to russia?",focus
"no, you are told that spain to russia is 7019 km. you also know that spain to germany is 1615 km. so how do you work out the distance between germany and russia?",focus
please take a look back through the text and attempt to answer the question in a different way please seth,generic
what information can you extract from the text that is impoortant for us to find the answer of the questioon?,focus
"hi rishi, your answer here isn't quite right. can you try the question again, but instead define x as the wright of mars in tons, not the moon?",generic
you are correct that mars weighs 500tons. but you have been told that mars weighs twice as much as the moon. so how much does the moon weigh?,focus
"hi ayisha, how confident are you feeling about this problem?",generic
you did some great calculations but you made one small error. how many days in april did john walk the dog?,probing
"hi luca, you were nearly right with your solution. you correctly said that c has 80-32-b students. you then correctly said that b 11 students. so can you try to solve the calculation again to find c?",generic
that is right. do you understand the question now?,generic
"hi jia, can you talk me through your step 1, please?",generic
why did you do 15 x 3?,probing
"hi hunter, how are you feleing about this problem?",generic
"i understand your confusion. let's try this without algebra, as i think you may find it easier. firstly, what is the age difference between trevor and his brother?",focus
"hi jian, how are you?",generic
"great! let's have a look at this problem together as i think you're a bit confused. firstly , how long will it take austin to descend 270 steps?",probing
"hi lakisha, can you talk me through your first step, please?",generic
"that's correct now - but that's not what you did in your first step you said it was 20 minutes. never mind, you're there now! so what's the next step?",generic
"hi jordy, how's it going?",generic
so what did you do?,generic
"steven, if you had 4 of something and tripled that amount, how much would you have?",probing
"so if nancy triples the 18 cubic feet of water, how much would she have?",probing
"hi brenda, what did you do here?",generic
"so if we take off the 2 5 thumb tacks, what fraction does that leave us?",focus
"stephanie, how many days will it take to do one step, if john adds one pushup per day?",probing
so how many days will it take to do 15 wall push-ups?,probing
"deandre, you successfully answered the question as asked, could you tell me the total number of pairs of black socks james had.",probing
could you tell me the total number of pairs of red socks james had?,probing
what is the distance between the first and second stores?,probing
what is the distance between the 2nd and 3rd stores?,probing
"cody, how far doe wanda walk each morning?",probing
"check again, she walks to the school and back in the morning. what is the answer?",probing
"hi riya, can you tell me about how you figured out dara's age in six years?",probing
"good job finding out jane's age in six years. dara should be half of that age, but what is half of 34?",probing
"hi brenda, can you tell me about how you solved the problem?",generic
how much food did you decide that ella eats in a day?,probing
hi claire can you tell me how you worked it out?,focus
why is it 5 days when you've said you doubled it for 4 days?,generic
hi can you explain your answer?,generic
"working backwards is a great way to work this out. before the midnight snack of 1 piece, there must have been 3 pieces, because 2 were left and she ate 1. can you spot your mistake?",focus
"hi lakisha, walk me through the problem",generic
close. so the busy squirrels gathered 2 by 30 which is 60 nuts day. and the sleepy squirell got 20 per day. what are the total number of nuts gathered?,focus
"hi claire, tell me your solution please",generic
how do you reach that conclusionn?,probing
you did very well until the final step could you explain why you x by 3,focus
but you already included the 3 people when you got to 11 stripes and if they have two shoes each how many does this give,focus
do you think you need 2 x at step 3 and why,probing
all you need is your 13 from the 23 to find the difference,focus
"if the total cost of the haircuts is 120, what would be a 20 tip?",probing
good job!,generic
how many feet did alex and max run total so far?,probing
not quite. that's the length of the road.,telling
you have made an error at the start. each dozen donuts sold at 1 per donut would be how much,probing
so he had spent 2.40 per dozen and makes a profit of 9.60 per dozen do you see that,focus
how much overtime did queenie work?,probing
did she work 4 hours overtime total or each day?,focus
"if steve has 110 in his account after his first year, how much interest does he earn?",probing
that's right. so what is the total amount in his bank account after on year?,probing
"you have made an error by adding the two neighbourhoods , jenny will only be selling to the better one",focus
correct do you see the error you made,generic
you are correct that 26 2x 46. so what does x equal?,probing
not quite. what is 46 - 26?,probing
the 2 x 20 is correct but why did yo7 add the 7,focus
if she only needed 7 more you need to take it off,telling
"hi rishi. in the question, it's explained how many items are needed. can you explain this please?",focus
does it say that these are for a set of earrings?,probing
"hey brenda. in your solution, you've correctly identified the chance of jack getting bitten by an infected mosquito. let's proceed from there. without a vaccine, the chance of getting infected after being bitten is how much please?",probing
"ah no, sorry i misread your solution. let's take it back to the beginning. of the mosquitos, what proportion overall have either infection?",focus
hi jian. can you tell me how many free haircuts tammy has had so far please?,probing
are you sure? have another read of the question please.,focus
"hi ronny. in your solution, you give the year that aziz was born. can you tell me please?",probing
and what year did aziz's parents move to america?,probing
"hi scott. you've understood the way to solve this question, but your final answer isn't quite right. the store sold 327 televisions this year, correct?",probing
"and if they continue to sell 50 more each year for the next three years after this year, what will they sell in each of these years please?",probing
"hi seth, lets take a look at this problem together.",generic
look again at what the problem text says about the price of bread.,focus
"hi, lets look at this problem together.",generic
what does 'rent' mean in the problem question?,focus
"hi, lets take a look at your solution.",generic
the problem says he turns one third into marinara sauce. what is one third numerically?,focus
"hi, lets look at this problem together.",generic
the problem question says that on one day of the week christina walked an extra distance. how far did she walk extra?,focus
"hi riya, can you explain to me why you worked out how many words in an hour that tom could type first?",generic
"read the question carefully, is the number of words he can type in a minute not provided?",focus
let me tell you that the question given to you is incorrect. sum of three angles of a triangle is always 180 degrees. can you solve it now?,generic
so can such a triangle exist with an angle as 0 degree?,probing
hi jia! let me give you a hand with this task as you've made a little error. you correctly calculated that cathy worked 160 of her own hours - great job! how many extra hours did she work?,generic
not quite - she didn't work an extra 40 hours - have another look at the questino. how many of chris's hours did cathy work?,focus
"hi claire, how are you feeling about this task?",generic
"yes, you've made a little mistake. your method is correct up to the 3rd step. you know that he sleds down 3 small his 2 times, so what operation should we used to calculate the total of small hills?",probing
"hi ronny, how are you doing today?",generic
"ok, let's take a look together. you've made a great start but you need to read the part about the rabbits again. you said that there are 8 animals once the rabbits joined the cats, but did you include all the cats and rabbits in this?",probing
"hi jordy, you've made a great start on this! your method is correct up until your last step. did you include all the ice creams?",generic
"fantastic ! do you feel mroe confident, now that you understand where you went wrong?",focus
"hi stephanie, how do you think you did on this?",generic
"ok, let's take a look together. have another look at your second step.",probing
"hi winnie. let's run through this question from the beginning. please just answer the specific questions i ask you. firstly, can you tell me how many models are in the show please?",probing
good. and how many set of clothing will each model wear please?,probing
"hi jordy. i've had a look at your solution and am very impressed. however, can you have another look at the question to see exactly what is expected by it please?",probing
so in your first solution you included what please?,probing
"hi hunter, do you think that algebra helped you here, or made the task more confusing?",generic
"ok, that's good. it seems like you had some confusion with one of the formulas you used though. have another look at your formula for the total number of people. you used 7 x 4 7 - that means you are adding the 7 chequered shirts, the total number of striped shirts and 4 lots of the chequered shirts again. does that seem right?",probing
"hi ronny. your answer is very good indeed, but you've gone further than needed. have another read of the question and see if you can work out what exactly is being asked for and then look again at your solution.",probing
excellent. can you see where you went wrong in your first solution?,probing
hi emily. can you explain how you worked out karina's brother's age please? don't answer anything else other than this specific question.,probing
"thank you, but please just answer the question i ask you. you said karina's brother is 20 years of age, correct?",focus
"hi alejandra. your solution starts very well as you've correctly worked out how many more miles the truck needs to go. can you continue your solution from there, but instead of using 0.33 use 1 3 to work out the fuel needed?",probing
"that's a better answer for the number of gallons he needs, as your initial use of 0.33 introduced a rounding error. can you see that?",probing
"hi jordy, i love how you've used algebra to solve this problem but there's a small mistake. look at your 3rd step. remember that the fridge doesn't cost 500, it costs 500 more. can you try that formula again now?",generic
that's not quite right as you've added 2 lots of 500 when you only needed one.,telling
"you assumed that the question was asking you to calculate the leftover volume, but i think it's actually asking for the leftover area. can you calculate the leftover area?",probing
not quite - what's the total area of the bottom of the shoebox?,focus
"hi mariana, how are you?",generic
can you tell me why you did 26 2 in your first step?,probing
"hi , could you please walk me through your solution?",generic
there seems to be some sort of misunderstanding. let me tell you he makes 12 pies everyday.,focus
