text,label
"S: i think the friend has 4 bicycles. since ignatius owns 4 bicycles, and his friend has more tires, then his friend must have 3 x 4 12 bicycle tires. the unicycle has 1 tire, and the tricycle has 3 tires, so the total number of tires accounted for is 1 3 4. therefore, the friend must have a total of 12 - 4 8 bicycle tires from the remaining cycles. since each bike has 2 tires, then the friend must have 8 2 4 bicycles. </s> T: how do you know his friend has 12 tyres?",probing
"S: i started by looking at the ratio of red candles to blue candles, which is 5 3. then i used that ratio to calculate how many sets of 5 red and 3 blue candles avianna had. i multiplied the number of sets by the number of blue candles per set to get the total number of blue candles. so, i concluded that avianna had 17 blue candles. </s> T: a good start you worked out the ratio was 5 3. what is the total ratio?",focus
"S: sure. first, i set up an equation to represent the relationship between the different heights of the hill height of hill 4 x depth of river. then, i substituted the known depth of the river which is the base of the hill into the equation, which gave me the equation height of hill 4 x 300. finally, i simplified the right side of the equation and got the answer height of hill 1200. </s> T: what about the difference between the distance from the riverbed to the hill's peak and the distance from the riverbed to the hill's base",telling
"S: deandre hi, i started by finding out how much money carl made selling the 18 watermelons. since he sold each watermelon for 3, he made 18 x 3 54. then i realized that his total profit for the day was 105, so he must have started with 105 - 54 51 worth of watermelons. since each watermelon costs 3, i concluded that he must have started with 51 3 17 watermelons. </s> T: how much did the watermelons cost and how much money did he come home with?",probing
"S: sure. i started by calculating how much money john earned from walking the dog. i figured he walked the dog for 30 days, so i multiplied 30 x 10 which gave me 300. then i subtracted the 50 he spent on books and the 50 he gave to his sister, for a total of 100. so i subtracted 100 from 300 which gave me 200. that's how i got the answer of 200. </s> T: how many days are in april?",probing
"S: hi, i started by calculating the cost of the bed, which was 900 x 3 days 2700. then i calculated the cost of the two specialists, which was 250 hour x 2 specialists x 15 minutes each 500. then i added all the costs together to get the total cost of 2700 1000 1800 5500 </s> T: okay well done for calculating the cost of the hospital bed. we now need to figure out how many minutes the two specialists looked at dakota for",focus
"S: rishi i started by assuming that the number of penguins at the beginning of the first year was represented by x. then i used the information given to calculate that the colony tripled in the second year, so it became 3 x. in the third year, the colony gained 129 penguins, so it became 3 x 129. i then used the fact that 3 x 129 1077 to find that x 316. so at the beginning of the first year, the colony had 316 penguins. therefore, the colony caught 316 1.5 474 fish per day to eat. </s> T: ok, how many penguins were in the colony at the start of the year?",probing
"S: i started by calculating how many sandwiches margaret needs to make. since there are 24 people on the committee and each person needs 2 sandwiches, i multiplied 24 x 2 to get 48. then i realized that each sandwich needs 2 mini croissants, so i multiplied 48 x 2 to get 96. since the bakery offers 12 mini croissants for 8.00, i divided 96 by 12 to get 8 sets of 12 mini croissants. finally, i multiplied 8 x 8.00 to get my final answer of 64.00. </s> T: a dozen croissants cost 8.00 and she needs 4 dozens so that will costs 8 4",telling
"S: sure. i started by setting up a proportion with the ratio of the shares of money between the three cousins and the amount amy got. the ratio was 2 1 3, so i set up the proportion as 2 1 3 x 50 y. since we know that amy got 50, i substituted y 50. then i simplified the ratio to 4 2 6 x 50 50 and divided all terms by 2 to get 2 1 3 x 25 25. since sandra's share is represented by the first term 2 , i solved for x by setting up the equation 2 2 x 25, which gave me x 25. therefore, sandra got 25. </s> T: going by the ratio, for every 1 part that amy gets, sandra will get 2 parts since amy got 50, sandra will get 2 50 100 100",telling
"S: first, i multiplied 5 teddies by 3 times more bunnies to get 15 bunnies. then, i added 5 teddies 15 bunnies 1 koala bear to get a total of 21 mascots. then, i remembered that for each bunny she got two additional teddies, so i multiplied 2 additional teddies by 2 bunnies to get 4 additional teddies. then, i multiplied 15 bunnies by 4 additional teddies to get 60 additional teddies. finally, i added 21 mascots 60 additional teddies to get a total of 81 mascots. </s> T: 15 bunnies 2 teddies bunny 30 teddies.",telling
"S: sure. i started by figuring out how many months there are in 5 years, which is 5 x 12 60 months. then i figured out the total amount sarah would have to pay over the 5 years, which is 60 x 600 36,000. then i realized that the loan plus the down payment equals the total amount borrowed, so loan 10,000 36,000. finally, i subtracted 10,000 from both sides to get the loan amount, which is 36,000 - 10,000 26,000. </s> T: the question tells us she paid the down payment in addition to the monthly payments. what were the total monthly payments?",focus
"S: mitchell has 30 pencils. he has 6 more pencils than antonio. so antonio has x pencils and mitchell has x 6 pencils. together, they have x x 6 2x 6 pencils. we know that mitchell has 30 pencils, so 2x 6 30. subtracting 6 from both sides, we get 2x 24. dividing both sides by 2, we get x 12. so antonio has 12 pencils and mitchell has x 6 12 6 18 pencils. together, they have 12 18 30 pencils. </s> T: antonio has 30-6 24 pencils antonio and mitchell have 24 30 54 pencils together. 54",telling
"S: the total weight of the dumbbell system is the sum of the weight of each pair of dumbbells. the weight of the first pair of dumbbells is 3 lbs. the weight of the second pair of dumbbells is 5 lbs. the weight of the third pair of dumbbells is 8 lbs. therefore, the entire system weighs 3 5 8 16 lbs. </s> T: the first pair of weights weighs 3 lb each so all total they weigh 2 3 6 lbs the second pair of weights weigh 5 lbs each so they weigh 2 5 10 lbs the third pair of weights weigh 8 lbs each so they weigh 2 8 16lbs",telling
"S: sure. i used an equation to solve the problem. i set up an equation that said 12x 26, where x is the number of pounds of cheese tony bought. i then solved for x, and got x 2.17. this means that tony bought 2.17 pounds of cheese. </s> T: ok, let's start with what we know. how much did he spend?",focus
"S: hi! yes, i read the question carefully. the question is asking how many kitchens are there on the entire space station. to solve this, i first figured out that each cylindrical structure has 12 7 x 19 x rooms, where x is the number of kitchens. then, since there are three cylindrical structures, the total number of rooms is 3 19 x 57 3x. we know that the total number of rooms is 72, so 57 3x 72. subtracting 57 from both sides gives 3x 15. dividing both sides by 3 gives x 5. therefore, there are 5 kitchens on the entire space station. </s> T: how many cylinders are there on the space station?",probing
"S: i started by finding how old phoebe will be in five years when rehana is three times as old. i figured that rehana is currently 25, so in five years she will be 25 5 30 years old. then i figured that if in five years rehana will be three times as old as phoebe, phoebe will be 1 3 of rehana's age, which is 30 3 10 years old. finally, i figured that if jacob is currently 3 5 of phoebe's age, he is 3 5 x 10 6 years old. </s> T: you need to read the last part of the questions again. it says jacob is 3 5 of phoebes current age.",telling
"S: sure. ken had fifty pencils. he wanted to share some of them with his two friends, manny and nilo. so he gave ten pencils to manny and then gave nilo an additional ten pencils. this means that he gave a total of 10 10 20 pencils to manny and nilo. then i used algebra to figure out how many pencils ken kept. i let x be the number of pencils ken gave to nilo. then x 10 is the number of pencils ken gave to manny. so x x 10 20. simplifying the equation, we get 2x 10 20, 2x 10, and x 5. therefore, ken gave 5 10 15 pencils to manny and nilo. thus, ken kept 50 - 15 35 pencils. </s> T: rishi, if i gave you and my friend 20 sweets each and gave my friend 10 more sweets, how many sweets would each of you have?",probing
"S: sure. i started with 25 sprigs of parsley. i used 8 whole sprigs for 8 of the plates, which left me with 25-8 17 sprigs. i then used 12 half sprigs, which is equivalent to 6 whole sprigs since 2 half sprigs make 1 whole sprig . so i used a total of 8 6 14 whole sprigs. therefore, i had 17-14 3 parsley sprigs left. </s> T: can you see that you have deducted the whole sprigs twice?",probing
"S: sure! i started by figuring out that claire had a total of 24 hours in the day. then i subtracted 8 hours for sleeping, leaving 16 hours. i then divided the remaining time equally between crafting and tailoring, so each activity got 8 hours. therefore, claire spent 8 hours crafting. </s> T: ok, can you see you forgot to deduct the hours for cleaning and cooking?",focus
"S: sure. on the current black friday, the store sold 327 televisions, which is 50 more than last year. so last year they sold 327 - 50 277 televisions. if they sell 50 more televisions each year for three years, the number of televisions sold in the next three years will be year 1 327, year 2 327 50 377, year 3 377 50 427. so, they will sell 427 televisions on black friday three years from now. </s> T: if i were a tshirt seller and i sold 10 tshirts last saturday and this saturday i sold 2 more than last week. would i need to subtract or add the tshirts to last saturday's total?",probing
"S: sure! i started by letting x be the number of bedbugs the group started with. then, i used the given information to calculate the number of bedbugs after each day. after 4 days, there were 810 bedbugs, so i set up the equation 81x 810. after solving, i found that x 10, which means the group started with 10 bedbugs. </s> T: you chose a goo method, but can you see that you calculated an extra day?",focus
S: today i worked on a math problem involving vampires. the problem was to calculate how many vampires there would be after two nights if two vampires initially came to a village of 300 people and each vampire turned 5 more people into vampires each night. i solved the problem by calculating that after the first night there would be 22 vampires and after the second night there would be 42 vampires. </s> T: if 2 rabbits came to a hill and each night they had 10 babies each how many rabbits would there be after the first night. remember each rabbit has 10 babies each and the 2 rabbits are also there.,probing
"S: today i was working on a math problem that asked how many dogs daisy and rose have if there are 24 legs paws in the pool. i set up the equation 4x 4y 24, where x is the number of dogs daisy has and y is the number of dogs rose has. i simplified the equation to x y 6 and concluded that daisy and rose have a total of 6 dogs. </s> T: if you look at the question it asks about legs and paws in the pool. this is important information. why do you think it didn't just ask about legs?",focus
"S: jordy today i was working on a problem where five adults and two children went to see a movie and buy 12 worth of concessions. the total cost of their trip was 76. i figured out that each adult ticket cost 12.40, but i wasn't sure if that was correct. </s> T: you did really well but i can see at the start of the problem it mentions that they buy 12 of concessions. where have you dealt with this in your solution?",focus
"S: sure, i started by figuring out how many singers sang in the first verse. i divided 30 by 2 and got 15. then i subtracted 15 from 30 to get the number of singers who didn't sing in the first verse, which was 15. then i divided 15 by 3 to get the number of singers who joined in the second verse, which was 5. finally, i subtracted 5 from 15 to get the number of singers who didn't sing in the second verse, which was 10. so, in the final third verse, the whole choir sang together, which means 30-10 20 people joined in. </s> T: so, if you know that 15 singers didn't sing in the first verse, and 5 sang in the second, how many singers total sang in the first and second verses ?",focus
"S: sure, i figured that the total weight on both sides of the see-saw should be equal to make it balanced. so i added the weights of jack and anna, which was 60 40 100 pounds. then i subtracted jack's weight from the total, which was 100 - 60 40 pounds. since each rock weighs 4 pounds, i divided 40 by 4, which gave me 10 rocks. </s> T: is there a simpler way to find out the difference in weight between jack and anna?",focus
"S: yes, i figured that since there are 20 big toenails and 40 regular toenails already in the jar, that the total number of toenails taking up the same space as regular toenails is 20 2 22. then, i subtracted 22 from 100 to get 78, and then subtracted 40 from 78 to get 38. </s> T: okay, so if 20 big toenails take up the same amount of space as 40 regular toenails, how many regular toenails is a big toenail equal to?",focus
"S: sure. i started by calculating the time it took to learn the second step. i knew that it took half the time of the first step, so i divided 30 minutes by 2 to get 15 minutes. then, i added the time it took to learn the first step, which was 30 minutes, to the time it took to learn the second step, which was 15 minutes, to get 45 minutes. i then multiplied 45 minutes by 2 to get the time it took to learn the third step, which was 90 minutes. finally, i added the time it took to learn the first two steps, which was 45 minutes, to the time it took to learn the third step, which was 90 minutes, to get a total of 135 minutes. </s> T: okay, so if it took 30 minutes on the first step, then 15 on the second step, and 45 to learn the first two steps total, and the third step takes the same amount of time to learn as the first and second together...",focus
"S: sure! i started by subtracting the total number of fruits in the first three baskets from the total number of fruits in all five baskets. since there were 18 mangoes, 10 pears, and 12 pawpaws in the first three baskets, that meant there were 40 fruits in those three baskets. so, i subtracted 40 from 58 to get 18, which is the total number of fruits in the last two baskets. next, i assumed there were x lemons in one of the baskets. then, i knew that the other basket must contain x kiwi fruits. so, i added x and x together to get 2x, which is the total number of fruits in the last basket. finally, i set up the equation x 2x 18 and solved for x. i got x 6, so there must be 6 lemons in one of the baskets. </s> T: lets go back to that step, you go from two fruits so kiwi and lemon to dividing by three?",focus
"S: yes, i figured that the total distance andy walked was 140 meters. i then subtracted the 50 meters he walked from his house to school, leaving 90 meters as the distance between his house and the market. </s> T: andy walked 50 meters from his house to school. but then he walked back from the school to his house",focus
"S: sure. first, i let x be the number of rounds george needs to fill the pool. then, i calculated the number of rounds harry needs to fill the pool by using the equation 110 - 2x 3. after that, i combined the two equations to get 2x 3 110 - 2x 3 110. after simplifying the equation, i got -2x -110, and then i solved for x, which is 55. therefore, george needs 55 rounds to fill the pool, and harry needs 110 - 2x 3 110 - 2 55 3 20 rounds to fill the pool. </s> T: ok is there another way you could work this out instead of using algebra?",focus
"S: i started by letting x be the length of the crooked part of the river. then i used the given information that the length of the straight part of the river is three times shorter than the crooked part, so i set up the equation x 3x 80. i then simplified the equation to 4x 80 and solved for x to get x 20. finally, i used the value of x to calculate the length of the straight part of the river, which is 3x 3 20 60 miles. </s> T: ok if you read the question again how long is the crooked part of the river?",focus
"S: to fill the pool, jerry needs 600 gallons of water. he already uses 100 gallons for drinking and cooking, so he has 1000 - 100 900 gallons left. each shower uses 20 gallons of water, so jerry can take 900 20 45 showers in july. </s> T: i can see you have started off correctly here. yes he needs 600 galloons. what do you need to do to these amounts from the 1000?",focus
"S: i see now, i should have subtracted 8 from 24 first, then divided by 4, giving me a result of 10. so the answer is 10 students failed </s> T: how many students are there?",probing
"S: sure. i started by calculating tom's original lift capacity of 80 kg per hand. then i doubled that to get 160 kg per hand. after that, i applied the 10 extra and calculated 0.1 x 160 16 kg more per hand. finally, i added the 16 kg to the 160 kg to get a total of 176 kg. </s> T: perfect i can see you have worked it out corrrectly . how many hands does he have?",focus
"S: sure. on friday, hank opened his store with a stock of 0 bicycles, then he sold 10 and bought 15, so his stock stayed the same at 0 10 - 10 0 bicycles. on saturday, he sold 12 and bought 8 more, so his stock increased to 0 15 - 12 8 11 bicycles. on sunday, he sold 9 and bought 11 more, so his stock increased to 11 11 - 9 13 bicycles. therefore, the net increase in the number of bicycles in stock over the three days was 13 - 0 13 bicycles. </s> T: i want to have a look at the start of the problem. we don't know how many bikes hank has in stock, and this does not matter because we are finding the difference. if i had a shop selling carrots and i sold 20 carrots and bought 25 carrots to replenish the stock. we don't know how many carrots are in the store but we can work out the difference in stock by the end of the day. what is the difference in my stock levels of carrots at the end of the day.",probing
"S: sure. i started by calculating how many days were left in the week from sunday to thursday which was 3 days. then i multiplied that number by the recommended 2 cups of vegetables per day to get the total number of cups sarah needs to eat for the week which was 14. then i subtracted the 8 cups that sarah had already eaten from the 14 cups to get the remaining 6 cups that she needs to eat to meet her daily minimum requirement for the week. finally, i divided the 6 cups by 3 days to get the number of cups she needs to eat per day which was 2 cups. </s> T: i think your maths here is good, however we need to check you calculations surrounding the days of the week. talk me through which days sarah has eaten her veg and which days are still to go.",focus
"S: sure. first, i found out how much rick spent on lunch. since we know that jose's lunch cost 45 and rick's lunch was twice as much as jose's lunch, then rick's lunch cost 2 x 45 90. then, i figured out how much adam spent on lunch. since adam spent two-thirds as much money on lunch as rick, then adam's lunch cost 2 3 x 90 60. finally, i added up the cost of all three lunches to get the total cost of lunch for all three which was 45 90 60 195. </s> T: ricks lunch cost?",focus
"S: hi, yes i'm okay. i thought that dream's car would consume 4 gallons of gas per mile, so for 400 miles, it will consume 4 x 400 1600 gallons of gas. for 200 more miles tomorrow than today, dream will drive a total of 400 200 600 miles. so, the car will consume 4 x 600 2400 gallons of gas in total. </s> T: you have done really well with your calculations steven. but you have missed out a step right at the end. remember you are finding the total gallons for both days.",focus
"S: jordy sure. i started by adding up the total number of males and females in each class. there were 17 males and 13 females in the first class, 14 males and 18 females in the second class, and 15 males and 17 females in the third class. this gave me a total of 46 males and 48 females. i then assumed that each male would be paired with a female, which would mean that there would be two students who could not be paired. however, since there were two extra females, i realized that two of the females would also not be paired, meaning that a total of four students would be unable to partner with a student of the opposite gender. </s> T: jordy, this question requires you to find the difference. what is the difference between the boys and girls",focus
"S: sure! for each breakfast plate, there are 2 eggs and twice as many bacon strips as eggs. so, for each breakfast plate, there are 2 2x bacon strips, where x is the number of eggs. since each breakfast plate has two eggs, x 2. so, for each breakfast plate, there are 2 2x bacon strips 2 2 2 6 bacon strips. thus, for 14 breakfast plates, the cook needs to fry 6 x 14 84 bacon strips. </s> T: if i have 2 dogs for every cat and i have 5 cats, i should have double the number of dogs. how many dogs will i have",probing
"S: i started by calculating the number of visitors on tuesday, which was 50 x 2 100 visitors. then i added the number of visitors on monday, which was 50, to the number of visitors on tuesday, which was 100, to get a total of 150 visitors for monday and tuesday. finally, i calculated the average number of visitors for the remaining 3 days, which was 3 x 20 60 visitors. this gave me a total of 210 visitors for the week. </s> T: how many visitors attending on the remaining 5 days?",probing
"S: i started by calculating the cost for each ticket. for the adults, the cost is 12 each and for the children, the cost is 10 each. then i added the cost for the adults and the cost for the children. for the adults, i multiplied 2 x 12 which equals 24. for the children, i multiplied 3 x 10 which equals 30. then i added the two together which equals 54. </s> T: how many adults attended?",probing
"S: sure. i started by calculating the total points the seattle seahawks scored, which was 37. then i subtracted the points from the 3 field goals, which was 3 x 3 9 points. that left me with 23 - 9 14 points. since a touchdown is worth 7 points, i divided 14 by 7 to get the number of touchdowns, which was 2 </s> T: you said the they scored 37 points so should we subtract 9 from that?",probing
"S: i figured out that there were 40 cucumber sandwich triangles and 16 egg sandwich rectangles in total. then i added them together to get 52 sandwich pieces, and since each sandwich piece requires 2 slices of bread, i multiplied 52 by 2 to get 104 slices of bread. </s> T: how many triangles where the cucumber sandwiches cut into?",probing
"S: i started by figuring out how much money sam spent on candy bars and lollipops. i multiplied 3 dimes by 4 candy bars, which was 12 dimes. then i added 25 cents for the lollipop. so, she spent 12 dimes 25 cents 37 cents. then i figured out how much money she had before she bought the candy and lollipop. i multiplied 19 dimes by 10 cents, which was 190 cents. then i multiplied 6 quarters by 25 cents, which was 150 cents. so, she had 190 cents 150 cents 340 cents before she bought the candy and lollipop. finally, i subtracted 37 cents from 340 cents to get 303 cents. </s> T: well done. we know that sam had 19 dimes and spent 12 dimes so what does she have left?",probing
"S: sure. i multiplied 7 customers per hour by the 3 people working, which gave me 21 customers per hour. then i multiplied 21 customers per hour by 8 hours, which gave me 168 customers in total. then i subtracted the 6 hours that julia worked, multiplied by 7 customers per hour, which gave me 42 customers. finally, i subtracted 42 from 168, which gave me 126 customers served that day. </s> T: try working out how many hours they all worked",focus
"S: sure! i started by figuring out that in one day, children watch 45 minutes x 4 180 minutes of television. then i multiplied that by 7 to get the total minutes in one week, which was 1260 minutes. then i multiplied that by 2 to get the total minutes in two weeks, which was 2520 minutes. finally, i divided that by 60 to convert it to hours, which gave me 42 hours. </s> T: 45 minutes is how much tv they watch a day",telling
"S: sure. i started by adding the number of mosquito bites cyrus got, which was 14 10 24. then i divided that number by 2 since his family got half the number of bites, so they got 24 2 12 mosquito bites in total. then i divided 12 by the number of people in the family, which was 6 1 7, to get 1.71 mosquito bites per person. </s> T: remember that cyrus is a member of the family...how many other members of the family are there?",focus
"S: sure, i started by figuring out how many marbles katrina had. i divided 85 by 5, which gave me 17. then i multiplied 17 by 2 to get the number of marbles amanda needs, which was 34. i then subtracted 12 from 34 to get the number of marbles amanda has, which was 22. i then subtracted 17 from 85 to get the number of marbles mabel has, which was 68. finally, i subtracted 22 from 68 to get the number of marbles mabel has more than amanda, which was 46. </s> T: mabel has 5 times as many remember",focus
"S: sure. i started by letting x be the amount each person saves per month. then i calculated that in one year, each person saves 12x, and in three years, each person saves 36x. so together, they save 72x in three years. since the house's downpayment is 108000, i set up the equation 72x 108000. solving this equation, i got x 108000 72 1500 per person per month. since they share the monthly savings, each person saves 1500 2 750 per month. </s> T: ok, you've gone too far. you've correctly identified the 36 months of savings.",focus
"S: sure. i calculated the area of zion's triangular house of cards by using the formula for the area of a triangle, which is 1 2 x width x height. i multiplied 40 centimeters by 20 centimeters to get 400 square centimeters. since his two friends also built similar shaped houses, i assumed that their total area would also be 400 square centimeters. so, i added 400 400 to get 800 square centimeters as the total area of the triangular houses that zion and his friends made. </s> T: ok i can see that you have correctly calculated the area of each house . how many friends also built a house",probing
"S: i thought that since there were five eggs with double yolks, there were 5 x 2 10 double yolks in the carton. then i assumed that all the other eggs had single yolks, so i calculated 12 x 1 12 single yolks in the carton. i added the two numbers together to get the total number of yolks, which was 12 10 22 </s> T: ok, remember there are only 12 eggs to begin with",focus
"S: sure! first i figured out that the number of basketballs is 20 5 25. then i figured out that the number of soccer balls is 20 x 2 40. after that, i figured out that the number of baseballs is 20 10 30. then i added up the total number of soccer balls, basketballs, and baseballs which was 40 25 30 95. finally, i subtracted 95 from 145 to get the number of volleyballs, which was 145 - 95 50. </s> T: there were 20 soccer balls",probing
"S: sure. i started by calculating the time it would take to travel down the first half of the floors, which was 10 floors. i multiplied 10 by 15 minutes, which gave me 150 minutes. then i calculated the time it would take to travel down the next 5 floors, which was 5 floors multiplied by 5 minutes, which gave me 25 minutes. finally, i calculated the time it would take to travel down the final 5 floors, which was 5 floors multiplied by 16 minutes, which gave me 80 minutes. in total, the elevator took 150 25 80 255 minutes to reach the bottom. i then converted that to hours, which was 255 60 4.25 hours. </s> T: you're missing some key information from the question.",focus
"S: i started by figuring out how much the 45 minutes of charging had added to the charge of the cell phone. i knew that every 15 minutes of charging adds 25 , so i multiplied 45 minutes by 25 to get 75 . this meant that the cell phone had reached a 75 charge. i then figured out that in order to reach 100 , the cell phone needed an additional 25 . i then used the same logic and figured out that since every 15 minutes of charging adds 25 , the cell phone needs to be charged for an additional 15 minutes to reach 100 . </s> T: the ratio between the time charged and the time to be charged is 100 25 4. to reach 100 , the cell must be charged for 45 minutes 4 180 minutes.",telling
"S: in the first week, jeanette can juggle 3 objects. in the second week, she can juggle 3 2 5 objects. in the third week, she can juggle 5 2 7 objects. in the fourth week, she can juggle 7 2 9 objects. in the fifth week, she can juggle 9 2 11 objects. so, after 5 weeks of practice, jeanette can juggle 11 objects. </s> T: the total number of additional objects she learns to juggle 2 objects week 5 weeks 10 objects",telling
"S: sure. first, i let x be the number of people in business class and first class combined. then, since economy class is half full, i knew that there were 50 2 25 people in economy class. next, since business class and first class have the same number of people together as economy class, i set up the equation x 10 25. solving this equation, i got x 15. finally, i subtracted 15 and 3 from 30 to get 12, which is the number of seats unoccupied in business class. </s> T: there are 25 people in business first and business class, so there are 25 - 3 22 in business class.",telling
"S: sure. i started by calculating how much gas winston had used. i added 6 gallons and 2 gallons to get 8 gallons. then i subtracted 10 gallons from 12 gallons to get 2 gallons. i thought that meant he needed 2 gallons to fill up the tank, but i realized that was wrong because it would be impossible to have negative gas. so i corrected my answer and got 4 gallons, which is the correct answer. </s> T: ok how many gallons did winston use in total",probing
"S: blake gave connie x initially and the land tripled in value, so connie sold it for 60,000. she gave half of the money to blake, which was 30,000, so that means x 30,000 60,000. to find out how much blake initially gave connie, we need to subtract 30,000 from both sides, so x 60,000 - 30,000 40,000. </s> T: f 60,000 is triple what connie bought the land for, then the initial cost, which is the amount given to her by blake, was 60,000 3 20,000. 20,000",telling
"S: sure. claire has a total of 24 hours in a day. she spends 4 hours cleaning and 2 hours cooking, so that's 6 hours total. she then sleeps 8 hours, so she has 24 - 8 16 hours left. she divides the remaining time equally between crafting and tailoring, so she has 16 2 8 hours for each. therefore, claire spent 8 hours crafting. </s> T: claire has spent a total of 24 hours in a day - 4 hours cleaning - 2 hours cooking - 8 hours sleeping 10 hours crafting and tailoring.",telling
"S: my solution is that if the company ramped up its toilet paper production three times more, it means it increased production by 3 times the original production of 7000, which is 3 7000 21000 toilet papers per day. in march of 2020, there were 31 days, so the total toilet paper production for that month would be 31 21000 651000 toilet papers. 651000 </s> T: great start. you correctly identified the increased amount of 21000 toilets papers per day. don't forget to add the orginal production amount before multiplying it by the number of days in march",focus
"S: yes, i figured that since sheena can sew one dress in 12 hours, it would take her 60 hours to sew all 5 dresses. then, since she can sew for 4 hours each week, she can sew 1 3 of a dress each week. so, it would take her 60 1 3 180 weeks to complete all the dresses. </s> T: i can see you have correctly calculated she would need 60 hours to sew the dresses. how many hours a week does she sew",probing
"S: the number of visitors in november is 100 x 15 100 15 more than the number of visitors in october. so, there were 100 15 115 visitors in november. the total number of visitors in october and november is 100 115 215. the total number of visitors for these three months is 215 15 230. </s> T: how many visitors were in december?",focus
"S: sure. to reach his goal of reading an average of 50 pages a day, berry needs to read a total of 300 pages in six days. since he has already read 262 pages from sunday to friday, he needs to read 38 more pages on saturday to reach his goal. </s> T: ok i can see you have calculated that he has already read 262 pages and that he wants to read 50 pages a day. how many days are in a week",probing
"S: well, i started by assuming that each cone costs 2. so, i divided the total cost of 100 by 2 to get the total number of cones sold, which was 50. then, i divided that number by 6 since every sixth customer gets a free cone. that gave me 8.33, which i rounded to 8 free cones in total. </s> T: ok i can see you have worked out he sold 50 cones. did he get money for the free ones",probing
"S: sure. the cost of the bricks is 10000 100 x 100 10,000. this is because there are 100 bricks per 1000 and the total number of bricks needed is 10000, so we divide 10000 by 100 to get the number of 1000s of bricks, then multiply by 100 to get the cost of the bricks. </s> T: read through the question again and check that you have the correct information for that step",focus
"S: steven sure. for every 5 strawberries, susan eats one, so she keeps 4. this means for every 4 strawberries she adds to her basket, she picks 5. to find out how many strawberries susan will actually pick before filling her basket, we can set up a proportion 4 5 x 60. multiplying both sides by 60, we get x 48. so susan will pick 48 handfuls of strawberries or 48 x 5 240 strawberries before filling her basket. </s> T: okay so, how many strawberries does she pick each time?",generic
"S: deandre sure. i started by calculating the cost of the adult tickets. there are two adults, so i multiplied 11 by 2, which equals 22. then i calculated the cost of the senior citizen tickets. there are two senior citizens, so i multiplied 9 by 2, which equals 18. then i calculated the cost of the child tickets. there is one child, so i multiplied 8 by 1, which equals 8. then i calculated the cost of the 14-year-old's ticket, which is 11. then i calculated the cost of the 10-year-old's ticket, which is 8. lastly, i calculated the cost of the 7-year-old's ticket, which is also 8. adding up all the ticket prices, i got 22 18 8 11 8 8 75. </s> T: how many children is she buying tickets for?",focus
"S: sure. i started by letting x be the value of the left angle. then i added up the three angles to get x 2x 60 250. after combining like terms, i got 3x 60 250. then i subtracted 60 from both sides to get 3x 190. finally, i divided both sides by 3 to get x 63.33, which is the value of the left angle. then i subtracted 63.33 and 60 from 180 to get the value of the top angle, which is 56.67. </s> T: okay, what is the sum of the three angles?",generic
"S: sure. i started by calculating the new budget by adding 20 to the original budget. so, the new budget is 1.2 x the original budget. then, i figured out that if the school spends the entire new budget on softballs, they can buy 1.2 x 15 18 softballs. finally, i calculated the total cost of 18 softballs by multiplying 9 the cost of each softball by 18, which gave me 162. </s> T: what was the old budget?",focus
"S: sure. i started by figuring out how many red erasers tanya had. since she had 20 erasers and half of them were red, i divided 20 by 2 and got 10. then i figured out how many erasers rachel had, which was 10 minus 3, or 7. finally, i figured out how many erasers hanna had, which was twice as many as rachel, so i multiplied 7 by 2 and got 14. </s> T: okay, let's start at the beginning, how many red erasers does tanya have?",focus
"S: sure, i started by working backwards. i figured that if hector had 6 gumballs remaining, then he gave bobby 3 gumballs. then, i figured that he gave alisha 8 gumballs, since he gave bobby twice as many as he had given todd. finally, i figured that he gave todd 4 gumballs, so he would have had 6 4 8 3 21 gumballs initially. therefore, hector purchased 21 gumballs. </s> T: not quite, we don't need to work backwards here- let's start from the top, how many gumballs were given to alisha?",focus
"S: sure. i started by calculating queenie's daily wage, which is 150. then i calculated her overtime pay, which is 5 per hour. so for 4 hours of overtime, she would receive 20. then i multiplied the overtime pay by 5 days to get the total overtime pay, which is 100. finally, i added the daily wage and the overtime pay to get a total of 850. </s> T: so you started out correctly, could you read the question again and confirm how many hour overtime she got working one week?",focus
"S: sure. i multiplied 3 4 x 200 to get the number of students who looked up, which was 150. then i multiplied 1 4 x 200 to get the number of students who did not look up, which was 50. finally, i multiplied the number of students who looked up 150 by 2 and the number of students who did not look up 50 by 2 to get the total number of eyes that saw the airplane, which was 400. </s> T: let's look back at the question. who",probing
"S: sure! i started with 25 sprigs of parsley. carmen used 8 whole sprigs for 8 plates, which leaves her with 25-8 17 sprigs. she then used 12 half sprigs, which is equivalent to 6 whole sprigs since 2 half sprigs make 1 whole sprig . therefore, she used a total of 8 6 14 whole sprigs. so, she has 17-14 3 parsley sprigs left. </s> T: okay, could you tell me why you subtracted 8 twice?",focus
"S: sure. i started by calculating the total number of wheels for the cars, which is 19 x 5 95. then i subtracted the spare wheels from the cars, which is 95 - 19 76. that means that the motorcycles have a total of 117 - 76 41 wheels. since each motorcycle has 2 wheels, i divided 41 by 2 to get 20.5. since we can't have half a motorcycle, i concluded that there are 20 motorcycles in the parking lot. </s> T: can you tell me why you subtracted the spare wheels? did you need to do this?",focus
"S: sure. i used the two pieces of information given in the problem to set up two equations. the first equation was s c 100, where s is the cost of the shirt and c is the cost of the coat. the second equation was c s 244. i then solved for s in the first equation, which gave me s 100 - c. i then substituted this into the second equation, which gave me 100 c - c 244. i then simplified the equation to c 144, which means the coat costs 144. </s> T: are you sure that s c 100?",focus
"S: hi, i started by counting the total number of people in the book club which was 10. then i assumed that each member would get to pick a book once a year, so i divided 10 by 10 to get 1 10. i then multiplied 1 10 by 52 weeks to get 5.2 times a year. since ron can't pick a book 0.2 times, i rounded down to the nearest whole number which gave me 5 times a year. </s> T: can we look at the total number of people in the book club. i got a different answer. where may you have gone wrong?",probing
"S: sure. i started by figuring out how many cans of frosting paul would need for the layer cakes. i knew he needed 1 can of frosting for each layer cake, so i multiplied 1 can by 3 layer cakes and got 3 cans. then i figured out how many cans of frosting paul would need for the cupcakes. i knew he needed half a can of frosting for each dozen cupcakes, so i multiplied 6 dozen cupcakes by 0.5 cans of frosting and got 36 half cans. next, i figured out how many cans of frosting paul would need for the single cakes. i knew he needed half a can of frosting for each single cake, so i multiplied 12 single cakes by 0.5 cans of frosting and got 6 half cans. finally, i figured out how many cans of frosting paul would need for the brownies. i knew he needed half a can of frosting for each pan of brownies, so i multiplied 18 pans of brownies by 0.5 cans of frosting and got 9 half cans. then i added all the cans of frosting together and got 3 36 6 9 54 cans of frosting in total. </s> T: ok lets look at the cupcakes. he needs 1 2 a can for a dozen cupcakes. so how much would he need for 24 cupcakes?",probing
"S: i started by setting up an equation to represent the problem. i said that x is the total number of items on the math quiz, and that louie's score was 0.8x. then, i said that since he had 5 mistakes, his correct answers were x - 5. i then computed his score as x - 5 x 0.8. i then simplified the equation to 0.8x - 4 x - 5 and solved for x, which gave me the answer of 20. </s> T: ok shall we look at it a different way. what percentage did louie get wrong?",focus
"S: sure. i calculated that if the school adds 20 to the gym budget, the new budget will be 1.2 times the original budget. so, if they spend the entire new budget on softballs, they can buy 1.2 times the original amount of 15 softballs, which is 18 softballs. since each softball costs 9, the total cost of 18 softballs is 9 x 18 162. </s> T: the first thing we need to do is work out the new budget. can you do that?",focus
"S: sure. i started with 25 apples, gave away 5 to my friends, 1 to myself, and had 3 left when i got home. so i gave away 25 - 3 22 apples in total. then i subtracted the 5 apples i gave to my friends, so i gave away 22 - 5 17 apples to teachers. </s> T: ok, you forgot about the apple she ate herself.",focus
"S: yes, i set up a proportion to find out how much oil sonja used for her 20-ounce batch of peanut butter. i cross-multiplied to simplify the proportion and found that she used 5 ounces of oil. </s> T: let's go back to the question. the weight of the whole batch includes the peanuts and the oil. does that help you spot your mistake?",focus
"S: sure. i figured that since 8 jumbo scallops weigh one pound, then 2 jumbo scallops would weigh 1 4 pound. since 1 pound of jumbo scallops costs 24.00, then 1 4 pound of jumbo scallops would cost 24.00 4 6.00. then, since nate is cooking for 8 people, he needs 2 scallops person x 8 people 16 scallops. so, 16 scallops would cost 16 scallops x 6.00 scallop 96.00. </s> T: it might be easier to start by working out how many scallops are needed in total. can you do that?",focus
"S: sure. i used a proportion to solve the problem. i set up the proportion 40 100 300 x, where x is the number of girls. then i simplified the proportion to 0.4 300 x. after that, i multiplied both sides by x to get 0.4x 300. finally, i divided both sides by 0.4 to get x 750, so there are 750 girls at the school. </s> T: we need to start by working out the total number of students. can you do that?",focus
"S: sure, my solution was that if one person takes 10 hours to solve the problem, then the work required is 1 x 10 10 person-hours. if two people work together, they can divide the work between them, so each person only needs to do half the work. so, each person needs to do 10 2 5 person-hours of work. therefore, the two of them will have to work for 5 5 10 hours to solve the same problem. </s> T: i like how you determined that 1 person would take 10 hours to solve the problem. and you identified that two people working together can divide the work between them to have 5 hours of work. but then look at your next step, does it make sense based on what you said?",probing
"S: sure. i started by assuming that the computer costs x dollars. then i added the cost of the fridge, which is x 500, and the cost of the tv, which is 600. that gave me a total cost of x 1100. then, i set up an equation using the given information that the total budget is 1600, so x 500 600 1600. i then simplified the equation to x 1100 1600 and subtracted 1100 from both sides to get x 500. so, the computer costs 500. </s> T: i like your algebraic equation.",generic
"S: luca sure. i started by calculating the total number of hamburgers sold. the first set of customers purchased 4 hamburgers each, for a total of 4 2 8 hamburgers. the second set of customers purchased 2 hamburgers each, for a total of 2 2 4 hamburgers. frank sold a total of 8 4 12 hamburgers. to make 50, frank needs to sell 50 5 10 hamburgers. frank needs to sell 10-12 -2 more hamburgers, which is impossible, so the answer is 0 </s> T: look back at the question, it says 2 people purchased 4 hamburgers. it does not say each.",generic
"S: i started by figuring out how many mistakes leo had. since madeline had half as many mistakes, i knew that leo had 4 mistakes. then i figured out that brent had 1 more mistake than leo, so he had 5 mistakes. i then knew that brent had 25 points, so each correct answer was worth 5 points. then i figured out that madeline had 5 correct answers 5 x 5 25 and 2 mistakes, so her total score was 15 out of 20 possible points. </s> T: i like how you were able to identify the total number of mistakes made by each student.",probing
"S: sure. i calculated that it takes 20 seconds to fill and carry one bucket, so it takes 40 seconds to fill and carry two buckets. then i multiplied 42 the number of buckets needed by 40 the amount of time it takes to fill and carry two buckets to get 1680 seconds. finally, i divided 1680 by 60 to get 28 minutes. </s> T: why did you multiply by 40?",focus
"S: sure. i started by counting the number of dishes with mango in them. there are 3 dishes with mango salsa, 36 6 6 dishes with fresh mangoes, and 1 dish with mango jelly. that adds up to 10 dishes with mango. then, i subtracted the 2 dishes with fresh mango that oliver won't eat, and the 4 dishes with mango he won't try. that leaves 36 - 10 - 4 22 dishes left on the buffet for oliver. </s> T: how many total dishes with mangoes are there in the buffet?",focus
"S: sure! so, jeff runs for 1 hour x 5 days 5 hours from monday to friday. he cut short his thursday run by 20 minutes, so he only ran for 1 hour - 20 minutes 40 minutes. he was able to jog for 1 hour 10 minutes 70 minutes on friday. so, he was able to run for a total of 5 hours x 60 minutes 40 minutes 70 minutes 410 minutes that week. </s> T: are you sure he runs for 1 hour everyday? the question says he runs less of thursday and more on friday. the step of multiplying 1 hour with 5 days doesn't seem to be justified. do you get it?",focus
"S: sure, i said that 75 of the cars have valid tickets, so 100 -75 25 of the cars don't have valid tickets. then i multiplied 25 by 300 cars to get the number of cars without valid tickets, which is 75. then i said that 1 5th the number of cars without valid tickets have permanent parking passes, so 1 5 75 15 cars have parking passes. finally, i subtracted 15 from 75 to get the number of cars that tried to park in the lot without paying, which is 60. </s> T: that doesn't seem to be correct. can you find out how many cars have valid tickets?",focus
"S: sure. the total cost of food and drinks before taxes and gratuities is 80 10 90. then, the tax on the food and drinks is 10 100 x 90 9. the total bill including tax is 90 9 99. finally, the gratuity is charged on the total bill, so the amount of gratuity is 10 100 x 140 14. therefore, the shady restaurant charged 14 for gratuities. </s> T: let me tell you that gratuity is the amount paid extra to that of the total bill. can you calculate how much extra was paid apart from the total bill?",focus
"S: today i worked on a problem about time and pages. the problem was to find out how many pages juan reads in an hour if he takes 4 hours to move from his office to grab lunch and the time he takes to read a book is half the time he takes to grab lunch. i used a calculator to solve the problem. i set the time he takes to read the book as ""x"", then the time he takes to grab lunch is x 2. if he takes 4 hours to grab lunch, then x 2 4, so x 8. to find the number of pages juan reads in an hour, i divided the total number of pages in the book by the total time he takes to read it 4000 8 500. therefore, juan reads 500 pages in an hour. </s> T: the question says that it takes twice as long to read the book as it does to get lunch. if it take 8 hours to do that how long does the reading take.",focus
"S: today i was working on a math problem about john's age. i had to figure out how old james' older brother was. i figured out that james was 15 years old and his older brother was 19 years old. i used a calculator to make sure i didn't make any calculation errors. </s> T: i agree that john was 36. if i am 40 now, how old will i be in 6 years",probing
"S: yes, today we worked on solving proportions. we used a ratio of two ounces of oil to every eight ounces of peanuts to figure out how much oil sonja used in her 20-ounce batch of peanut butter. i set up a proportion and then cross-multiplied to find the answer, which was 5 ounces of oil. </s> T: if i made a cake with 4 grams of flour for every 16 grams of sugar and my mixture weighed 40 grams. my ratio would be 40 20. can you use this to work out the ratio from the example given",probing
"S: yes, i was working on a problem where colleen was making a batch of 48 cookies and adding 108 chocolate chips and one-third as many m ms to the whole batch. i figured out that she added 108 3 36 m ms to the batch and the total number of pieces chocolate chips m ms in the batch is 108 36 144. i thought the average number of pieces in each cookie was 144 48 3, so the average number of chocolate chips in each cookie was 3 - 1 2. </s> T: what was the word problem asking you to find out",focus
S: today in maths we were working on a problem involving a corn maze. the problem asked us to figure out how much longer frank could spend inside the maze in order to keep his average time per maze below 60 minutes. i figured out that he could spend an additional 10 minutes inside. </s> T: so if i was approaching this question i would start by finding out the total time frank wanted to spend in the mazes as a totoa,telling
"S: sure. i started by figuring out the length of the board after tom cut off 25 cm. i did this by subtracting 25 from 143, which gave me 118 cm. then, i realized that tom had to cut 7 cm off each board to make them the same size. so, i added 7 to 118 to get the original length of the boards before he cut the 7 cm off, which was 125 cm. finally, i added the 7 cm back to get the answer of 132 cm. does that make sense? </s> T: doesn't seem to make sense. can you explain why 7 was added two times?",probing
"S: sure. i started by calculating the price of the wife's ring. since it was twice the price of jim's ring, i multiplied 10,000 by 2 to get 20,000. then, i calculated the amount jim got from selling his ring. since he sold it for half its value, i divided 10,000 by 2 to get 5,000. finally, i calculated how much jim was out of pocket by subtracting the money he made from selling his ring from the price of the wife's ring. so, 20,000 - 5,000 15,000. </s> T: do you understand the meaning of the term out of pocket?",generic
"S: sure. i used the equation 15 3 x 30 to solve for x. since 15 students chose dogs and video games, and 3 students chose dogs and movies, then x must be the number of students who chose only dogs, which is 12. </s> T: but the students that chose dogs and video games, and the students that chose dogs and movies, are in groups that don't overlap",focus
"S: yes, i used the fact that matt used 4 bags of flour each weighing 5 pounds. this means he used a total of 4 x 5 20 pounds of flour. i then used the fact that he can make 2 x 6 12 cookies with 2 pounds of flour. therefore, i figured he can make a total of 12 x 20 240 cookies with 20 pounds of flour. if jim eats 15 cookies, then there are 240 - 15 225 cookies left. </s> T: okay, so matt used 20 pounds of flour total. if 2 pounds of flour can make 12 cookies, how do we figure out how many cookies 20 pound of flour can make?",focus
"S: sure. i added the two hours that max spent playing on wednesday and thursday, which was 2 2 4 hours. then i realized that on friday, max spent over three hours more than he did on wednesday, so he must have played for at least 4 3 7 hours. i added all of these together to get 4 4 7 15 hours. finally, i divided this by 3 to get the average, which was 15 3 5 hours. </s> T: okay. how many hours did max play on wednesday?",focus
"S: sure. i started by figuring out the fraction of sales in the stationery section. since 1 3 of the sales were in the fabric section and 1 4 of the sales were in the jewelry section, i subtracted those two fractions from 1 to get the fraction of sales in the stationery section. then, i multiplied that fraction by the total number of sales 36 to get the number of sales in the stationery section, which was 3. </s> T: if the store made 36 sales total, then we should be able to figure out the number of sales in each section by using the correct fraction of 36 for each section",focus
"S: sure. i started by finding the difference in age between james and john, which is 12 years. then, i assumed james is x years old and john is x 12 years old. then, i used the given information that tim is 5 years less than twice john's age to get 2 x 12 - 5 79. i then simplified the equation to 2x 19 79 and subtracted 19 from both sides to get 2x 60. finally, i divided both sides by 2 to get x 30, so james is 30 years old. </s> T: ok so if james is 12 years younger than john, and tim is 79, then 5 years less than tim'",focus
"S: sure, i started by letting ""x"" be the number of years from now that trevor's older brother will be three times as old as trevor is now. so, i wrote the equation 20 x 3 11 x . then, i simplified the equation to get 2x 13 and solved for x to get x 6.5. that means in 6.5 years, trevor's older brother will be three times as old as trevor is now. so, trevor will be 11 6.5 17.5 years old. </s> T: your equation 20 x 3 11 x is not quite right",generic
"S: deandre sure! i started by setting up a proportion 4 pugs 45 minutes 15 pugs x minutes. then i cross-multiplied to solve for x, which gave me 4x 675. i divided both sides by 4 to get x 675 4, which is equal to 168.75 minutes rounded to the nearest hundredth . </s> T: that obviously does not make sense. why would it take longer time for 15 pugs to work together? you need to figure out how long it takes for one pug to do the work first",generic
"S: i started by calculating the number of logs after 1 hour. i knew that the cookfire started with 6 logs, and it burned 3 logs and gained 2 logs every hour. so after 1 hour, it would have 6-3 2 5 logs. then i calculated the number of logs after 2 hours. i knew that the cookfire burned 3 logs every hour and gained 2 logs every hour, so after 2 hours it would have burned 6 logs and gained 2 2 10 logs, so it would have 10-6 4 logs. finally, i calculated the number of logs after 3 hours. i knew that the cookfire burned 3 logs every hour and gained 2 logs every hour, so after 3 hours it would have burned 9 logs and gained 2 3 15 logs, so it would have 15-9 6 logs left. </s> T: okay slow down. so you are correct after hour 1 it will have 5 logs. after 2 hours, it will have burned another 3 logs, not 6 remember because you already accounted for that in hour 1. so tell me how many logs will it have after 2 hours?",probing
"S: sure, i started by subtracting 40 from 100 to find the percent of students in school, which was 60 . then i divided that by two to find the percent of students in each group, which was 30 . finally, i divided that by two again to find the percent of students in school on any given day, which i got as 15 . </s> T: how many students were present in school on one day?",focus
"S: hi, i first added the number of hotdogs that ella and emma wanted, which was 2 2 4. then i multiplied the number of hotdogs that luke wanted by 2 because he wanted twice the amount of hotdogs as his sisters, which was 2 x 2 4. lastly, i multiplied the number of hotdogs that hunter wanted by 1.5 because he wanted 1.5 times the total amount of his sisters, which was 1.5 x 4 6. so altogether, matthew needed to cook 4 4 4 6 18 hotdogs. </s> T: ok, that is correct apart from the addition at the end. please can you check your answer to see if you can tell where you have gone wrong.",focus
"S: sure, i thought that in 4 hours jace would travel 60 x 4 240 miles and then after the break he would travel for another 9 hours, which is a total of 4 9 13 hours. so i thought he would travel 60 x 13 780 miles. so i added the two together to get 240 780 1020 miles. </s> T: when you added 4 to 9, what did the total relate to?",focus
"S: sure. i started by realizing that since they are celebrating their 4th anniversary in 6 months, they have been married for 4 - 6 -2 years. then, i realized that 2 years ago, they had been married for 2 - -2 4 years. to figure out how many months ago they celebrated their 2nd anniversary, i multiplied 4 years by 12 months, which equals 24 months. therefore, they celebrated their 2nd anniversary 24 months ago. </s> T: ok let's look at the first step. how many months in 4 years?",focus
"S: sure. i started by calculating the total cost of the ingredients which was 2 x 4 2 x 2 2.5 0.5 15. then i figured out that each slice cost 15 6 2.5 since the cake was cut into 6 slices. the mother enjoyed 2 slices, so the cost of those slices was 2 x 2.5 5. finally, kevin the dog ate 6 - 2 4 slices, so the cost of the amount the dog ate is 4 x 2.5 10. </s> T: let's look at your first step. read the question again. how much did the flour and sugar cost in total?",focus
"S: sure. i started by figuring out how many nickels ray had to begin with, which was 95 cents divided by 5 cents, which is 19 nickels. then, i figured out how many nickels ray gave to peter, which was 25 cents divided by 5 cents, which is 5 nickels. then, i figured out how many nickels ray gave to randi, which was twice as many as he gave to peter, which was 5 nickels times 2, which is 10 cents or 10 divided by 5, which is 2 nickels. then, i added up the number of nickels ray gave away, which was 5 plus 2, which is 7 nickels. finally, i subtracted the number of nickels ray gave away from the number of nickels he had to begin with, which was 19 minus 7, which is 12 nickels. </s> T: ok lets work through this how many cents ra give to peter",probing
"S: sure. i started by calculating how much helium was needed to fill the balloons. i divided 1800cm3 by 50cm3 to get 36. then i subtracted 36 from 50 to get the number of balloons that needed to be filled with air, which was 14. finally, i concluded that there were 36 more balloons touching the ceiling than not because all of the helium-filled balloons would touch the ceiling, but the air-filled balloons would not. </s> T: that's correct up until your last step. how many balloons touch the ceiling i.e. are filled with helium?",focus
"S: sure. i started by figuring out james' current age. he's 27 years old, so 3 years ago he was 27 3 30 years old. then i figured out that in 5 years, james will be 30 5 35 years old. next, i used the fact that in 5 years, matt will be twice james' age to figure out matt's current age. i let x be matt's current age and set up the equation 2 x 5 35. i then expanded the left side of the equation to get 2x 10 35. after subtracting 10 from both sides, i got 2x 25. dividing both sides by 2 gave me x 12.5, so matt is currently 12.5 years old. </s> T: ok i can see you have worked out that in 5 years james will be 35. if in 5 years matt will be twice james age how old will matt be",probing
"S: sure. i multiplied 4 by 2 to get 8 eggs for the children, then i added 3 and 2 to get 5 eggs for her husband and herself. then i multiplied 13 by 52 to get 676 eggs for the year. </s> T: ok so your first steps are correct. but read the question again, and tell me does lisa make 13 eggs each day, or each week?",focus
"S: sure! i started by assigning variables to represent the number of trolls in each location. for the trolls by the path, i assigned 6. for the trolls under the bridge, i multiplied 4 times 6 to get 24, and then added 6 to get 30. for the trolls in the plains, i divided 30 by 2 to get 15. finally, i added the numbers together to get 51. </s> T: please re-read the question. what information do you need to work out how many trolls are under the bridge?",focus
"S: sure. i started by taking 5 steps back, and then 10 steps forward, which puts me 10-5 5 steps forward from my original starting point. then i took 2 steps back, so i'm now 5-2 3 steps forward. finally, i took double the previous amount of steps forward, which is 2 x 3 6 steps forward. therefore, i am 3 6 9 steps forward from my original starting point. </s> T: ok, you're correct up to your final step. let's look at that. frank has taken 5 back, 10 forward, 2 back and is 3 steps forward from his original starting point. next, he takes double the previous amount forward. what is the previous amount?",focus
"S: sure, i started with the weight of the box and the first 2 pounds of jelly beans, so the total weight was 2 2 4 pounds. then i added enough brownies to triple the weight, which meant the weight became 4 x 3 12 pounds. after that, i added another 2 pounds of jelly beans, bringing the weight to 12 2 14 pounds. finally, i added enough gummy worms to double the weight, which meant the weight became 14 x 2 28 pounds. </s> T: does the question say how much the box weighed",probing
"S: mariana sure. i calculated that delaney missed the bus by 10 minutes because he left his home at 7 50 a.m and the bus leaves at 8 00 a.m. i also considered that he takes 30 minutes to reach the pick-up point from his home. so, when he reached the pick-up point, the bus had already left 30 minutes ago. therefore, he missed the bus by 10 minutes 30 minutes 40 minutes. </s> T: ok youve told me it takes 30 mins to reach the pick up point, if he set off at 7.50 what time would he get there",probing
"S: if i calculated each dessert separately, i would get 42 7 6 cookies for each person, 63 7 9 pieces of candy for each person, and 21 7 3 brownies for each person. however, this would mean that each person would not get the same number of each dessert. </s> T: ok, the question is confusing you. they just have to have a share each. the answer should be 18.",telling
"S: sure, i figured that chip takes notes for 25 classes and 2 pages of notes every day, which is 10 pages of notes every day for all his classes. so he takes 50 pages of notes every day for all his classes, which is 250 pages of notes every week. after 6 weeks, he takes 1500 pages of notes in total. therefore, he needs 1500 100 15 packs of notebook paper. </s> T: ok lets go back to the beginning how many pages of notes does he take and how many classes a day",probing
"S: sure, i started by setting up an equation for the number of presents. i said that the number of christmas presents is twice as many as the number of birthday presents, so i set up the equation number of christmas presents 2x. then i knew that the total number of presents was 60, so i set up the equation total number of presents x 2x 3x. then i solved for x by dividing both sides by 3, so x 20. finally, i found the total number of presents by multiplying 3 and 20, so 3x 3 20 60. </s> T: if you check the question, you will see that 60 relates to just the total of the christmas presents and not the combined total of christmas and birthday presents. how does this affect your solution?",focus
"S: hi, my solution is that there are 36 more balloons touching the ceiling than not. i used the fact that each helium-filled balloon touches the ceiling and that there were 50 balloons bought and 1800cm3 of helium, which is enough to fill 36 balloons. </s> T: i like that you were able to determine that 36 balloons have helium and 14 balloons have normal air. let's focus just on those balloons. of those balloons, how many more touch the ceiling than don't touch the ceiling?",focus
"S: i thought that lilibeth picked 6 baskets of 50 strawberries each, so i multiplied 6 x 50 to get 300. then i thought that lilibeth's friends picked the same amount, so i multiplied 300 by 4 to get 1200. finally, i added 300 and 1200 to get 1500 as the total number of strawberries picked. </s> T: ok how many friends, including lilibeth were there?",focus
"S: hi, i started off by splitting the adoption fee with my girlfriend, so i paid 25. then i split the vet visits with my girlfriend, so i paid 250. after that, i paid for 12 months of food, which was 25 x 12 300. lastly, i bought my own toys for 200. so in total, i spent 25 250 300 200 775 on the cat in the first year </s> T: double check that you've split the food costs by 2",focus
"S: there were originally 108 oranges - 36 bad oranges 72 good oranges left. each student would have gotten 72 12 6 oranges if no oranges had to be thrown away. after throwing away the bad oranges, there are 72 oranges left to be shared among 12 students, so each student gets 72 12 6 oranges. each student gets 6-6 0 oranges less than if no orange had to be thrown away. 0 </s> T: ok, your right that the got 6 good oranges each. you need to work out how many theyd get if all 108 were good now",focus
"S: i think my answer is correct. i used a calculator to make sure i didn't make any calculation errors. </s> T: ok, explain how you got there",focus
"S: i started by calculating how many notes nadia plays in 8 minutes. i multiplied 60 notes per minute by 8 minutes to get 480 notes. then, i divided 480 by 40 to get 12 sets of 3 mistakes. finally, i multiplied 12 sets of 3 mistakes by 3 to get 36 mistakes in 8 minutes. then, i divided 36 mistakes by 8 minutes to get 4.5 mistakes per minute on average. </s> T: remember its asking how many mistakes were made on average rather than per minute",focus
"S: sure. i calculated that the pool holds 2,000,000 ml of water. when the water level drops below 80 , there is 1,600,000 ml of water left in the pool. each time someone jumps in the pool, 400 ml of water splash out and evaporate. so, the number of times people can jump in the pool before jim has to clean it is 1,600,000 400 4000 times. </s> T: you are right that there will be 1600000 ml left when the pool reaches 80 . but for this calculation we need to focus on how much is lost from the pool not how much is remaining. can you look over your calculation again with this in mind?",focus
"S: sure. i started by calculating how much water the coach would need for all the players. i multiplied 30 players by 200 milliliters of water, which gave me a total of 6000 milliliters, or 6 liters. then, i subtracted the 6 liters of water used for the players from the 8 liters of water the coach had, and then subtracted the 250 milliliters that were spilled. this gave me 1.75 liters of water left over. </s> T: well done that is correct. take care when switching between units as that can sometimes lead to errors",generic
"S: sure. i started by looking at levi's current score, which was 8, and his brother's score, which was 12. i then realized that levi needed to score at least 5 more baskets than his brother to win, so i added 5 to levi's score to get a total of 12 5 17 baskets. then, i considered that if his brother scored another 3 times, his score would be 12 3 15. finally, i subtracted 15 from 17 to get the answer that levi needs to score 2 more times to reach his goal. </s> T: ok thats a good start, but it may be easier if you worked out the brothers overall score first, before you worked out how manu levi needed to score. have another go.",focus
"S: sure. i started by figuring out how many cows the rancher would have after one year. i knew that the number of cows would increase by half the number of cows living on the ranch, so i took 200 the number of cows living on the ranch and divided it by 2 to get 100. i then added 100 to the 200 cows already living on the ranch, giving me a total of 300 cows after one year. then, i added another 100 to the 300 cows already living on the ranch, giving me a total of 400 cows after two years. </s> T: ok. thats a great start and your calculation for year 1 is correct. however, do you think the increase in year 2 should be the same as the increase in year 1?",probing
"S: sure! i started by counting the number of double yolks in the carton, which was 5. i then multiplied this number by 2, which gave me 10 double yolks in the carton. i then counted the number of single yolks in the carton, which was 12. i then added the 10 double yolks to the 12 single yolks, which gave me a total of 22 yolks in the carton. </s> T: ok you have correctly counted the number of double yolks. but you have said that all 12 eggs have single yolks. is this correct?",focus
"S: sure! i started by subtracting 8 from the total number of fish caught, which was 36. this gave me 28 fish. then, i let x be the number of fish that kyle and tasha caught each. so, i set up the equation kyle tasha carla 28. i then substituted carla's catch, so i had x x 8 28. i then combined like terms, so i had 2x 8 28. i then subtracted 8 from both sides, so i had 2x 20. i then divided by 2, so i had x 10. therefore, kyle caught 10 fish. </s> T: let's learn something else but related to this. jack, jill and john have 40 pencils. if jack has 10 and jill and john have equal numbers, how many pencils do jill and john have?",probing
"S: sure! i multiplied the original cost of 200 by 1.2, which is the amount the fuel prices increased by, to get the new cost of refilling the original tank. then i added the cost of the extra tank, which is also 200, to get the total cost of 440. </s> T: if the cost of the original tank to fill is now 240, and the new tank is the same size, how much does the new tank cost to fill?",focus
"S: sure. i started by calculating the total amount of homework for the week, which is 2 hours for each weeknight and 5 hours for the weekend, for a total of 10 hours. then i subtracted the 4 hours of practice from the total, leaving 5 nights to complete the work. i then divided the remaining 10 hours by 5 nights to get an average of 2 hours per night. finally, i subtracted the 4 hours of practice from the total, leaving 0 hours of homework for the nights with practice and 2 hours of homework for the other 3 nights. </s> T: did you include the hours from weekend? i don't think so",focus
"S: sure. i first calculated the total time it would take for the woman to take the airplane, which was 10 minutes for driving to the airport, 20 minutes for waiting to board, 1 hour and 5 minutes for the flight time, and 10 minutes for getting off the airplane. this totaled 1 hour and 55 minutes. then, i calculated the total time it would take for the woman to drive herself, which was 3 hours and 15 minutes or 195 minutes. finally, i subtracted the time it would take for the woman to take the airplane from the time it would take for her to drive herself, which was 195 - 115 80 minutes. </s> T: okay, so if it took 195 minutes for the woman to drive herself, what is 1 3 of that?",focus
"S: sure. i multiplied the number of times jake can wash his car with one bottle of car wash soap 4 times by the cost of each bottle 4.00 . then i multiplied the number of weeks 20 by the cost of each wash 4.00 . that gave me a total of 80.00. </s> T: okay, but if one bottle of soap lasts for 4 washes, how much does each wash cost?",focus
"S: sure, i started by multiplying 5 by 5 to get 25 texts asking why jennifer wasn't responding. then, i added 5 to 25 to get 30 texts total before the last set of texts. after that, i used 10 100 to calculate 10 of 30, which was 3. finally, i added all the texts together to get 30 25 3 58 texts. </s> T: ok, but if you already have a total of 30 texts before the last set 25 5, do you really need to add in 25 more?",focus
"S: sure. i calculated that mandy paid 10 for her first month because it was a promotional rate of one-third the normal price. then for months 2-3, she paid the normal price of 30 per month. for month 4, she paid 30 15 45. for months 5-6, she paid the normal price of 30 per month. so in total, mandy paid 10 3 x 30 45 2 x 30 205 for data in the first 6 months. </s> T: okay, so mandy paid 10 for the first month, 30 for the second month, 30 for the third month, 45 for the fourth month, 30 for the 5th month, and 30 for the 6th month. how much is that in total?",focus
"S: sure. i started by saying that if devin taught algebra for x years, then he taught statistics for 5x years. then, i added the number of years he taught each course 4 2x 5x 4 7x. since he taught only one course per year, i concluded that 4 7x 11. </s> T: your conclusion doesn't make any sense. let's learn about products. i walk 5 miles on monday, twice as much on tuesday, and 5 times as much on wednesday. how many miles did i walk from monday to wednesday?",probing
"S: sure. i started by realizing that the two big toes take up the same space as two regular toenails. so, i added 20 big toenails and 2 regular toenails to get 22 regular toenails. then, i subtracted 22 from 100 to get 78, which is the number of regular toenails that can fit in the jar. finally, i subtracted 40 regular toenails from 78 to get 38, which is the number of regular toenails that can fit in the remainder of the jar. </s> T: do you think you could read back through the origonal question and see if you read it differently ?",focus
"S: sure! i started by calculating percy's hours for the week. i added 1 hour before school and 1 hour after school for 5 days, which gave me a total of 10 hours. then i added 3 hours for the weekend, which gave me a total of 6 hours. so i had a total of 16 hours in a week. then i multiplied 16 hours by 4 weeks to get 64 hours. </s> T: if i say i walked 15 miles on the weekend, does that mean i walked for 15 miles each day of the weekend? what do you think?",probing
"S: sure. i started by calculating how many strawberries lilibeth picked, which was 6 baskets with 50 strawberries each, so 6 x 50 300. then i calculated how many strawberries her three friends picked, which was the same as lilibeth, so 300 x 4 1200. finally, i added the two numbers together to get the total number of strawberries picked, which was 300 1200 1500. </s> T: including lilibeth how many were plucking strawberries?",focus
"S: sure. i started by recognizing that four sixths of the books are left, which is equal to 2 6 of the original amount of books. so if 2 6 of the books are left, then 4 6 of the books were sold. to solve for this, i multiplied 4 6 by 9,900, which is equal to 2 3 x 9,900. to simplify the multiplication, i divided 9,900 by 3 first, which gave me 3,300 x 2. finally, i multiplied 3,300 by 2, which gave me the answer of 6,600 books sold. </s> T: let's learn about fractions. if 1 4th of a total of 100 pencils were sold, how many were left?",probing
"S: sure. for the white cars, i multiplied 2 by 180 minutes, which is 3 hours, to get 360. for the red cars, i multiplied 3 by 180 minutes, which is 3 hours, to get 540 per car. then i multiplied 3 by 540 to get 1620 for the three red cars. finally, i added 360 and 1620 together to get 1980 for all the cars. </s> T: can i ask why you decided to muiltiply the totals by three?",generic
"S: sure. the two busy squirrels have gathered 2 x 30 60 nuts day. the sleepy squirrel has gathered 1 x 20 20 nuts day. together, the squirrels have gathered 60 60 20 140 nuts day. over 40 days, the squirrels have gathered 140 x 40 5600 nuts. 5600 </s> T: why did you add 60 two times?",focus
"S: sure, my method was to calculate the area of drew's lawn which is 22 x 36 792 square feet. then i calculated how much grass seed was needed to cover his lawn which was 4 x 250 1000 square feet. since the amount of grass seed was enough to cover the lawn, there wouldn't be any leftover to cover extra square feet, so the answer is 0. </s> T: so your calculations are correct well done. is the amount of lawn seed equal to the exact size of the lawn or are you sure there is not any left over at all?",probing
"S: sure. i started by counting the total number of animals outside carolyn's window, which was 6 monkeys and 6 birds, for a total of 12 animals. then i noted that two of the monkeys each ate one bird, leaving 4 monkeys and 6 birds, for a total of 10 animals. i then calculated the proportion of monkeys by dividing 4 by 10, which is 0.4. to convert this to a percentage, i multiplied 0.4 by 100 , which gave me 40 . therefore, 40 of the animals outside carolyn's window are monkeys now. </s> T: why has the number of monkeys changed?",generic
"S: i first found out how many tickets connie spent on the stuffed koala bear. since she spent half of her tickets on it, i multiplied 10 by 2 to get 20 tickets. then, i added the 10 tickets she spent on the earbuds and the 15 tickets she spent on the glow bracelets to get 25 tickets. finally, i added 20 and 25 together to get 45 tickets. </s> T: yes we need to find out how many tickets she spent on the koala but to do that we need we need to focus on the other items.",probing
"S: i calculated the area of drew's lawn, which is 792 square feet, and then i calculated how much grass seed he would need to cover that area, which is 1000 square feet. since he bought four bags of grass seed, he will use all of it to cover his lawn and there won't be any leftover to cover extra square feet. </s> T: your maths is completely right. he buys 1000 square feet worth of grass seed but he only needs 792 square feet. how much seed will he have left?",probing
"S: luca i multiplied the original cost of 200 by 1.2 to get the new cost of refilling the original tank, which was 240. then i added the cost of refilling the extra tank, which was also 200, to get the total cost of 440. </s> T: think about that extra tank of fuel. how much will that cost?",probing
"S: to reach my answer, i first used the given information to set up an equation. i knew that 30 of the class sent thank you cards, so i set up 0.3x to represent that. i also knew that 1 3 of the cards contained a 10 gift card, so i multiplied 0.3x by 1 3 and multiplied that by 10 to get the total amount of money ms. jones received, which was 50. then, i simplified the equation to 0.1x 50 and divided both sides by 0.1 to get x 500. therefore, there were 500 students in ms. jones' class. </s> T: lets think about how many thank you cards she received?",probing
"S: sure, i started by calculating the storage space of the second floor. i knew that it was one-quarter of the total storage space, so i multiplied 5000 the amount of space the boxes filled by 4 to get the total storage space. then, i subtracted 5000 from that total to get the amount of storage space still available in the building, which was 15000 square feet. </s> T: ok, let's revisit the question. what fraction of the second floor did the 5,000 boxes take up?",focus
"S: sure. i used the formula for the area of a square, which is side x side, or in this case, length x width. i found the length of the lake by multiplying the speed of the boat 10 mph by the time it took to go across the lake 2 hours , which gave me 20 miles. since the lake is square, i assumed that the width was also 20 miles. so the area of the lake is 20 x 20 400 square miles. </s> T: there is a mistake in the question. the lake is actually a rectangle. with this new information, can you recalculate the answer?",focus
"S: sure. i calculated that it would take pirate rick 7 hours to dig up his treasure because he had to dig through a total of 14 feet of sand. i figured this by taking the original 8 feet of sand he had to dig through and adding the 6 feet of sand from the storm and tsunami, which gave me a total of 14 feet. since it took him 4 hours to dig up 8 feet of sand, i multiplied that by 14 8 to get 7 hours. </s> T: ok, look at the question again and rethink how much sand was on top of the treasure after the storm and the tsunami.",focus
"S: to solve this problem, i first calculated the total amount of time frank has spent in the mazes so far, which was 45 50 4 245 minutes. then, i figured out how much time he could spend in the current maze to keep his average below 60 minutes per maze, which was 60 5 - 245 55 minutes. since he has already spent 45 minutes inside, he can spend an additional 55 - 45 10 minutes inside. </s> T: double check for errors",probing
S: the 20 discount on the 20.00 item is 20 x 0.01 x 20 4.00. this means that the discounted price of the item is 20.00 - 4.00 16.00. the total cost of all items before the 10 coupon is 54.00 20.00 74.00. the 10 coupon reduces the cost by 10 x 0.01 x 74 7.40. so the final cost of all items is 74.00 - 7.40 66.60. </s> T: can you take the discount off the total price,probing
"S: sure. i started by assuming that the length of the second segment was ""x"". then, i used the given information that the first segment was twice as long as the other two combined, and the third segment was half as long as the second. so, i got 6x x 10 7x 10 minutes for the entire show. then, i used the fact that the third segment was 10 minutes long to solve for x, which was 20. finally, i substituted that back into the expression for the entire show, and got 7 20 10 150 minutes. does that make sense? </s> T: let's revisit the question to see what we know. it tells us something about the third segment. can you find that information?",focus
"S: lou senior took 3 cookies out of the cookie jar and ate them. since he didn't get caught by his wife, he went back the next day and took another 3 cookies out of the jar. but after eating just one of the cookies, he felt guilty about it and put the other two cookies back. his son, louie junior saw that his dad was eating cookies. so, louie junior took seven cookies out of the jar and hid them in his bedroom for later. the next morning, debra, lou's wife looked into the cookie jar and reacted by accusing her husband of eating half of the cookies out of the cookie jar. to solve this problem, i used the information given to calculate the number of cookies taken out of the jar. firstly, lou senior ate 3 cookies and then put 2 back, so he effectively ate 3-2 1 cookie. secondly, louie junior took 7 cookies out of the jar. so, the total number of cookies taken out of the jar is 1 7 8 cookies. if 8 cookies were half of the jar, then the whole jar had 8 x 2 16 cookies. since 8 cookies were taken out, there are 16-8 8 cookies remaining in the jar. </s> T: how many cookies did he take out the jar before putting any back in",probing
"S: sure. i assumed that percius had 100 marbles in total, so 40 of them were of other colors. i then calculated the probability of his friend getting a marble of other colors, which was 40 95, since there were only 95 marbles left. finally, i multiplied this probability by 5, which gave me the average number of marbles of other colors his friend would get, which was 2.11. </s> T: when the friend starts to choose the marbles, there are still 100 of them. does this help you spot your mistake?",focus
"S: in the first hour, the tank lost 2 gallons, so there were 40-2 38 gallons left. in the second hour, the tank lost another 2 gallons, so there were 38-2 36 gallons left. in the third hour, hayden added 1 gallon to the tank, so there were 36 1 37 gallons left. in the fourth hour, hayden added 3 gallons to the tank, so there were 37 3 40 gallons left. </s> T: over the four hours how much water does the tank lose?",probing
"S: i started by figuring out how many apples jack's basket can hold when it is full. i knew that it can hold 12 apples and also has space for 4 more, so i added 12 4 16 apples. then i figured out how many apples jill's basket can hold when both are full. since jill's basket can hold twice as much as jack's, i multiplied 16 by 2 to get 32 apples. finally, i divided 32 by 16 to get 2, which is how many times jack's current number of apples can fit into jill's basket. </s> T: jill's basket can hold twice as much as jack's. it is capable of holding 12 so how much can jill's hold",probing
"S: sure. i started by calculating the amount of calories cary burns walking to and from the grocery store. i multiplied 150 calories by 1.5 miles, which gave me 225 calories. then i added the 200 calories from the candy bar, which gave me 425 calories. finally, i subtracted 225 calories from 425 calories, which gave me a net calorie deficit of 25 calories. </s> T: why did you calculate only the calories burnt from walking to grocery store? what about the calories burnt during coming back to home?",generic
"S: sure. in the first week, the investment gained 25 of 400 which is 0.25 x 400 100. so, the investment is now worth 400 100 500. in the second week, the investment gained an additional 50 on top of the previous gain of 100 which is 0.5 x 100 50. so, the investment is now worth 500 50 550. </s> T: you see ""it gained an additional 50 on top of the previous gain."" refers to 50 gain over the previous week's resulting amount not the previous week's gain.",telling
"S: sure. i started by calculating how many cookies matt could make with 20 pounds of flour. i multiplied 4 bags of flour, each weighing 5 pounds, to get 20 pounds. then i multiplied 2 pounds of flour by 6 to get 12 cookies. finally, i multiplied 12 cookies by 20 pounds of flour to get 240 cookies. since jim ate 15 cookies, i subtracted 15 from 240 to get 225 cookies left. </s> T: why did you multiply 2 pounds of flour with 6?",generic
"S: sure. i started by figuring out the cost of one bottle of detergent. the regular price is 25.00, but with the sale, it drops to 20.00. since he buys 2 bottles, he spends 2 x 20.00 40.00. then, i figured out how much he spends per load of laundry. since the detergent can wash 80 loads of laundry, he spends 40.00 80 0.5 per load of laundry. finally, i converted the answer to cents by multiplying by 100 0.5 x 100 50 cents per load of laundry. </s> T: stephanie can you tell me why did you divite 40 by 80?",generic
"S: sure. i started by calculating the area of the plot, which is 110 x 120 13200 square feet. then i figured out that he will need to till 13200 2 6600 swaths. since each swath is 2 feet wide and he tills 1 foot in 2 seconds, it will take him 4 seconds to till each swath. so, it will take him 6600 x 4 26400 seconds to till the whole plot. finally, i converted the seconds to minutes, which gives us 26400 60 440 minutes. </s> T: you see the width of the swath is a fixed quantity for the tiller. bob needs to push the tiller lengthwise and not width-wise. so you need to calculate the number of times bob needs to push the tiller to cover the area.",generic
"S: sure. i started by calculating the weight of the filling material. i used the fact that the bag was 80 full and that the filling material was 40 heavier than sand. so i multiplied 250 the weight of the sand by 0.8 to get 200 the weight of the filling material . then i multiplied 200 by 1.4 the weight of the filling material compared to sand to get 280. finally, i added the weight of the empty bag 250 to the weight of the filling material 280 to get the total weight of the sandbag, which is 530 pounds. </s> T: you see 280 is our required answer. you do not need to add 250 with it.",generic
"S: sure. i started by realizing that eric wants to rent the house for 20 days, which is greater than 14 days. so, i figured he needs to pay the daily rate for 14 days and then the daily rate for the remaining 6 days. for 14 days, the cost will be 14 x 50 700. for the remaining 6 days, the cost will be 6 x 50 300. therefore, the total cost for 20 days will be 700 300 1000. </s> T: no you see the rate for 14 days continuous stay is already given in the question.",focus
"S: sure. i started by calculating how many 15 minute periods there were in 2 hours. i multiplied 2 hours by 60 minutes to get 120 minutes, then divided that by 15 minutes to get 8 periods. then, i multiplied 8 periods by 2 goals to get 16 goals. finally, i divided 16 goals by 8 periods to get 2 goals per period. </s> T: 16 is our required answer.",telling
"S: sure! i started by calculating how late paul was. he was 25 minutes late, so i added 25 minutes to 8 00 a.m. to get 8 25 a.m. then, i calculated how late amoura was. she was 30 minutes later than paul, so i added 30 minutes to 8 25 a.m. to get 8 55 a.m. finally, i calculated how late ingrid was. she was three times later than amoura, so i added 3 30 minutes to 8 55 a.m. to get 10 25 a.m. the party started at 8 00 a.m., so i subtracted 8 00 a.m. from 10 25 a.m. to get 2 hours and 25 minutes. 2 hours is 2 x 60, so i added 120 minutes to 25 minutes to get 145 minutes. </s> T: alejandra you see amoura wasn't 30 minutes late to the party, she arrived 30 minutes later than paul, but actually she was 55 minutes late isn't it?",telling
"S: sure! i started by setting up a proportion 2 1 3 x 50 y. we know that amy got 50, so we can substitute y 50. then i simplified the ratio to 4 2 6 x 50 50 and divided all terms by 2 to get 2 1 3 x 25 25. since sandra's share is represented by the first term 2 , i solved for x and got x 25. therefore, sandra got 25. </s> T: you see you do not need to use variables x and y. just calculate the value of 1 part and then figure out the value of the parts given to each cousin.",focus
"S: sure. i saw that aubree saw 20 beavers and 40 chipmunks when going to school. when coming back from school, the number of beavers doubled to 40 and the number of chipmunks decreased by 10 to 30. so the total number of animals she saw that day is 40 30 70. </s> T: very good heidi. your method is correct. but you see the total number of animals seen by aubree should be the addition of the number of animals she saw while going to school and while coming back.",focus
"S: sure. i started by calculating how many chairs each worker produces in an hour. i multiplied 3 workers by 4 chairs each, which gave me 12 chairs per hour. then, i calculated how many additional chairs they produce every 6 hours. i divided 12 chairs by 6 hours, which gave me 2 chairs per hour. finally, i multiplied the total chairs per hour by 6 hours to get the total number of chairs produced after 6 hours. that gave me 84 chairs. does that make sense? </s> T: not quite right. you see they together produce 1 extra chair every 6 hours. you dont need to divide 12 6 here.",focus
"S: sure! first, i figured out that since ignatius owns 4 bicycles and his friend has more tires, then his friend must have 3 x 4 12 bicycle tires. then, i realized that the unicycle has 1 tire and the tricycle has 3 tires, so the total number of tires accounted for is 1 3 4. so, i subtracted 4 from 12 to get 8, which is the number of bicycle tires from the remaining cycles. since each bike has 2 tires, then the friend must have 8 2 4 bicycles. </s> T: not quite right you see we are calculating the number of tires. so you need to calculate the total number of tires that ignatius' vehicles have.",focus
"S: sure. i started by figuring out how much jerry needs to earn in total for the four nights in order to make an average of 50 per night. so i multiplied 4 x 50 200. then i added up the amount he has already earned in the past four nights which was 20 60 15 40 135. finally, i subtracted 135 from 200 to get the amount he needs to earn tonight which is 65. </s> T: you see jerry needs to make the average of 50 per night for 5 nights not 4.",focus
"S: sure, i first multiplied the original speed of 150 mph by 0.30 to get the amount that the supercharge increases the speed by, which was 45 mph. so then the car was going 150 45 195 mph. then, i multiplied the new speed of 195 mph by 0.15 to get the amount that the weight cut increases the speed by, which was 29.25 mph. so then the car was going 195 29.25 10 234.25 mph. </s> T: you have made a good start on this and the first part of your calculation is correct, but have another look at the question - what does the 15 in the question relate to?",focus
"S: mariana sure. i started by finding the difference in age between james and john which is 12 years. then i assumed james is x years old, so john is x 12 years old. tim is 5 years less than twice john's age, so i set up the equation 2 x 12 - 5 79. i then simplified the equation to 2x 19 79 and subtracted 19 from both sides to get 2x 60. finally, i divided both sides by 2 to get x 30, which means james is 30 years old. </s> T: good idea to use an equation. and you have made a good start. but have a think about the ""5 years less "" part and how it fits into your equation - you have made a small error",focus
"S: lakisha yes, i started by saying that each vampire turned 5 people into vampires each night, so after the first night there would be 2 vampires plus 10 people turned into vampires, so there would be 22 vampires in the village. then after the second night, each vampire would have turned another 10 people into vampires, so there would be 22 plus 10 plus 10, which would be a total of 42 vampires in the village after two nights. </s> T: look at your first statement - after the first night there would be 2 vampires, plus 10 people newly turned into vampires - how many vampires does this make for night 1?",focus
"S: sure. i started by calculating the minimum weight of the robot, which is 100 x 2 200 pounds. then, i calculated the maximum weight of the robot, which is 200 x 2 400 pounds. finally, i calculated the maximum weight of the robot that is no less than 5 pounds heavier than the standard robot, which is 100 5 105 pounds. so, the maximum weight of the robot in the competition is 105 pounds. </s> T: ok what does the question say the minimum weight must be",probing
S: sure! i started by calculating how many rabbits and squirrels brandon can catch in an hour. i found that he can catch 6 squirrels or 3 rabbits in an hour. then i calculated the calories he would get if he caught 6 squirrels and 3 rabbits. i found that he would get 1800 calories for 6 squirrels and 2400 calories for 3 rabbits. so i concluded that he would get 600 more calories per hour if he catches rabbits instead of squirrels. </s> T: ok - check back on the question to see what it says about how many rabbits he can catch in an hour.,focus
"S: sure. i thought that since sarah had to pay back the loan over 5 years, that meant she had to make 60 payments of 600. so i added the down payment of 10,000 to the total amount of payments which was 36,000. then i subtracted the down payment of 10,000 to get the total loan amount of 26,000. </s> T: ok i can see you calculated that sarah paid 36000 in monthly payments and had also already paid 10000 so how much had she paid altogether",probing
"S: sure. i started by calculating the number of dishes with mango in them, which is 3 36 6 1 10. then i subtracted the 2 dishes with fresh mango that oliver won't eat, which is 36 6 - 2 4. so there are 10 - 2 - 4 4 dishes with mango that he won't eat and dishes with fresh mango that he won't try. finally, i subtracted the 10 dishes with mango and the 4 dishes with fresh mango that oliver won't try from the total number of dishes, which is 36 - 10 - 4 22. so, there are 22 dishes left on the buffet for oliver. </s> T: ok thats a good start calculating the total number of dishes with mango in. but have a look at the question again - you have misinterpreted the bit about the two dishes with fresh mango",focus
"S: sure. i started by figuring out the ratio of coke to the whole drink, which is 2 6, or 1 3. since 1 part is 6 ounces, then 3 parts would be 3 x 6 18 ounces. then i figured out the ratio of sprite to the whole drink, which is 1 3, so there would be 18 3 6 ounces of sprite. finally, i figured out the ratio of mountain dew to the whole drink, which is 3 6, or 1 2, so there would be 18 2 9 ounces of mountain dew. adding all of these together, i got a total of 6 6 9 21 ounces. </s> T: you have started this off correctly. you have worked out the ratio of coke. when it comes to sprite, you have the ratio as 1 3. have another look at the question and think about ratios.",probing
"S: sure. i started by figuring out how many gnomes had blue hats. i knew that three-fourths of the gnomes had red hats, so i divided 28 by 4 to get 7 gnomes with blue hats. then, i knew that half of the gnomes had big noses, so i divided 28 by 2 to get 14 gnomes with big noses. since 6 of those gnomes had blue hats, i subtracted 6 from 14 to get 8 gnomes with red hats that had big noses. finally, i subtracted 8 from 28 to get 20 gnomes with red hats that had small noses. </s> T: ok lets start at the beginning. how many gnomes had big noses",probing
"S: sure! first, i counted the number of dishes with mango in them. there are 3 dishes with mango salsa, 36 6 6 dishes with fresh mangoes, and 1 dish with mango jelly. that's a total of 10 dishes with mango. then, i subtracted the number of dishes with fresh mango that oliver won't eat. there are 36 6 6 dishes with fresh mango, but oliver won't eat 2 of them, so i subtracted 2 from the total. that leaves 4 dishes with fresh mango that oliver can try. finally, i subtracted the 10 dishes with mango and the 4 dishes with fresh mango that oliver won't try, which leaves a total of 22 dishes for oliver on the buffet. </s> T: brilliant. so we know that oliver doesn't like mangoes and 10 of the dishes have mango. does it specify that he only won't eat fresh mango or any mango? so if we take away the 2 dishes that oliver can pick out the mango from the 10 dishes, how many dishes does that leave us?",focus
"S: sure. tom's time for running a mile is 6 x 3 18 minutes. then, tony's time is 6 2 3 minutes because he can run a mile twice as fast as tina. so, the total time for all three of them is 18 6 3 27 minutes. </s> T: if i am one-fifth as fast as my brother, who would win a race between me and my brother?",probing
"S: sure. ignatius owns 4 bicycles, so i figured that his friend must have 3 times as many tires since he has different types of cycles. i counted the tires from the unicycle and tricycle, which totaled 4, and then subtracted that from the total number of tires, which was 12. since each bike has 2 tires, i divided the remaining 8 tires by 2, and got 4, so the friend must have 4 bicycles. </s> T: ok lets go back to the beginning how many tires do ignatius cycles have",probing
"S: sure. i calculated that paris studies a total of 5 weekdays x 3 hours day 15 hours per week. during the fall semester, she studies for a total of 15 weeks x 15 hours week 225 hours on weekdays. on the weekends, she studies for a total of 4 5 9 hours. therefore, paris studies for a total of 225 9 234 hours during the semester. </s> T: brilliant so we know that paris studies for a total of 15 hours on weekdays and at weekends she studies for 9 hours. this is over 15 weeks so how many hours does she study in total over those 15 weeks?",probing
"S: sure, i said that the number of students in the restroom is 2 and the number of absent students is 3 2 - 1 5. then i calculated that the number of students present in each row is 6 x 2 3 4, and the total number of students in all rows is 4 x 4 16. finally, i added the number of students present and the number of students in the restroom to get the total number of students carla teaches, which is 16 2 18 </s> T: this is great. now i'd like you to re-read the question. does it specify at the end the student's absent in the bathroom or all students absent?",probing
"S: deandre sure, i started by calculating that andrew received 1 5 of zander's stickers, which is 20. then, i calculated that bill received 3 10 of the remaining stickers, which is 24. so, andrew and bill received a total of 44 stickers. finally, i subtracted 44 from 100 to get the total number of stickers that zander gave away, which is 56. then, i divided 56 by 2 to get the number of stickers that andrew gave to his two friends, which is 28. </s> T: you have done really well and understand fractions of a number, but can you read the question again and tell me what the question wants you to work out?",probing
"S: sure. i started by calculating the total number of eggs laid by all the doves, which is 20 x 3 60 eggs. then, i calculated the number of eggs that hatched, which is 3 4 x 60 45. since each dove laid 3 eggs, the number of new doves is 45 3 15. finally, i added the original number of doves 20 and the number of new doves 15 to get the total number of doves giselle has now, which is 20 15 35. </s> T: brilliant. we know that there are 20 doves and they each laid 3 eggs, only 3 4 of those hatched which is 45 of 60 eggs. so if 1 dove laid 5 eggs, and 4 of those hatched how many doves are there?",probing
S: yes. i started by calculating the total distance matt rode after passing the first stop sign. i subtracted 350 feet from 1000 feet to get 650 feet. then i added the additional 275 feet he rode after passing the second sign to get a total of 925 feet between the two signs. </s> T: i can see you have correctly subtracted 350 from 1000 to get 650 feet. if he had already rode 275 after passing the second sign would you be adding to the 650 feet or subtracting as he has already rode that amount?,probing
"S: sure! i started by letting x be the number of ice cream cones marco needs to sell. his total sales for the day would be 5x. his expenses would be 80 of 5x, which is 0.8 5x 4x. his profit for the day would be his total sales minus his expenses, which is 5x - 4x x. we want his profit to be 200, so x 200. therefore, marco needs to sell 200 5 40 ice cream cones to make a 200 profit for the day. </s> T: if i am not wrong, x is the number of cones sold, right?",focus
"S: sure, i started by looking at the ratio of the red candles to the blue candles, which was 5 3. that means for every 5 red candles, there are 3 blue candles. so, i took the number of red candles 45 and divided it by the total number of candles 5 3 which gave me 5.625 sets of 5 red and 3 blue candles. to find the total number of blue candles, i multiplied the number of sets by the number of blue candles per set, which was 3. so, 5.625 x 3 16.875 blue candles, which i rounded to 17. </s> T: great. so we know that there are 45 red candles and a total of 8 in the actual ratio. so now lets look at the equation. we need to find the total number of candles to the total ration. for example if i had a ratio of red candles to blue candles as 3 2 and there were 6 red candles, we would know that there must be a total of 15 candles as 3x5 15. to find the number of blue candles we would divide 15 by 3 to make 5 which leaves us with subtracting 5 from 6 to make 1. can you apply this to our equation?",focus
"S: sure! i started by counting the decorations that danai had already put up, which was 12 skulls, 4 broomsticks, and 12 spiderwebs. then i realized that she had put up twice as many pumpkins as spiderwebs, so i multiplied 12 by 2 to get 24 pumpkins. after that, i added the 20 decorations she bought to the 28 she already had, which gave me a total of 48 decorations. finally, i added the 10 decorations she had left to put up, giving me a total of 58 decorations. </s> T: look carefully. did you miss out on any of the decorations?",focus
"S: sure. i started by calculating the amount queenie would receive for working 5 days, which is 150 x 5 750. then i calculated the amount she would receive for 4 hours of overtime each day, which is 5 x 4 20. finally, i multiplied the overtime pay by 5 days to get the total overtime pay of 20 x 5 100. so the total amount queenie will receive is 750 100 850. </s> T: you have worked out the earnings of 750 perfectly. well done! now, look again at the question. you have worked out that queenie has 20 of overtime per day. is this correct?",focus
"S: sure! i started by calling the time it took the group of alligators to travel from the nile delta to the river nile ""x"". then, i knew that paul took 4 hours to walk from the river nile to the nile delta. and i knew that the group of alligators took 2 more hours than paul to travel from the nile delta to the river nile. so, i set up an equation to solve for x, which was x 4 2 6. finally, i added 4 and 6 to get the total time the alligators walked, which was 10 hours. </s> T: brilliant. we know that it took the alligator 10 hours in total on it's journey, but we're looking for the combined time of all the alligators. if it took me 1 hour to walk to river x and 1 hour to return, but i returned with 1 other person. what is the total hours combined for my journey and the other person's journey?",probing
"S: sure! i started by calculating the total area of one ad space, which is 12 x 5 60 square feet. then, i multiplied that by 10 ad spaces to get the total area of all 10 ad spaces, which is 600 square feet. finally, i multiplied 600 square feet by 60 per square foot to get the total cost of 36,000. </s> T: excellent, so we know that each company bought 600 square feet of ad space for 60 per square foot making 36,000. if each company bought this what would the total cost be for all three?",probing
"S: sure. i started by calculating the number of videos john releases per week. i multiplied 3 videos per day by 7 days to get 21 videos. then, i calculated the total minutes of the two short videos by multiplying 2 minutes by 2 videos to get 4 minutes. lastly, i calculated the total minutes of the long video by multiplying 6 minutes by 1 video to get 12 minutes. finally, i added the two totals together to get 16 minutes per day and then multiplied that by 21 days to get 336 minutes of video per week. </s> T: brilliant so we know that each day john releases 2x2 minute videos and 1x12 minute video. and we know that everyday he release 16 minutes of video footage. if i release 2x4 minute videos every week how many minutes of footage do i release in the 7 day week?",probing
"S: sure, i started by calculating the 20 discount on the 20.00 item which was 20 x 0.01 x 20 4.00. so the discounted price of the item was 20 - 4 16.00. then i added the cost of the item to the total cost of the other items which was 54 20 74.00. lastly, i applied the 10 coupon which reduced the cost by 10 x 0.01 x 74 7.40. so the final cost of all items was 74 - 7.40 66.60. </s> T: brilliant, we know that ralph got 20 discount on a 20 dollar item which means he gets 4 dollars off. if i am spending a total of 50 but get 20 of an item for 10, how much discount do i get on my total shop?",probing
"S: sure. i started by calculating how much sheila will save in a year. i multiplied 276 by 12 months, which gave me 3312. then i multiplied 3312 by 4, which gave me 13248. finally, i added the 7000 that her family secretly added to the piggy bank, which gave me a total of 20248. </s> T: brilliant, so we know how much sheila will save in 4 years and the extra money her family contributed. great - but now we are missing another quantity of what she had already saved",probing
"S: sure. i started by figuring out how much tea each person would need. i knew that each person wanted a 6-ounce cup of tea, and that her mom uses an 8-ounce cup with one ounce of tea. so i divided 6 by 8 to get 0.75 cups of tea per person. then i multiplied 0.75 by 12, since there were 12 people, to get 9 cups of tea. finally, i knew that she uses one ounce of tea for 8 ounces of water, so i divided 1 by 8 to get 0.125 ounces of tea for each cup. multiplying 0.125 by 9 gave me the answer of 1.125 ounces of tea. </s> T: that doesn't look to be correct. can you tell how many ounces of water is required for 12 people?",focus
"S: sure. i started by calculating the number of m ms that colleen added to the batch. she added 108 3 36 m ms. then, i added the total number of chocolate pieces 108 36 144 . finally, i divided the total number of pieces by the number of cookies 144 48 3 . this means that the average number of chocolate pieces in each cookie is 3 - 1 2. </s> T: brilliant. this is great. if we are looking for the average number of chocolate pieces which includes chocolate chips and m m's what is he average?",probing
"S: sure. i started by calculating how far jason would travel in 30 minutes at 60 miles per hour. that was 60 x 0.5 30 miles. then i subtracted that from the total distance he had to travel, which was 120 - 30 90 miles. finally, i calculated the average speed he would need to travel in order to cover the remaining 90 miles in 1 hour 30 minutes, which was 90 1.5 60 miles per hour. so, he just needs to maintain the same speed of 60 miles per hour for the remaining 1 hour. </s> T: good. he travels at 30 miles initially and has 90 miles left to travel. if he has driven for 0.5 hours out of 1.5 hours, how long does he have left?",probing
"S: sure. the bus takes 40 minutes to drive 80 miles to the beach, so it travels at a rate of 80 40 2 miles per minute. the car takes 5 fewer minutes to complete the same trip, so it takes 40-5 35 minutes. the car travels at the same rate as the bus, so it also travels at 2 miles per minute. the round trip to the beach is 80 x 2 160 miles. therefore, the car will take 160 2 80 minutes to make a round trip. </s> T: if two vehicles take different times to complete the same trip, can they have equal speeds?",probing
"S: sure. i started by assuming that 25 of goldfish were at the surface and 75 were below the surface. then, i set up an equation where x was the total number of goldfish in the pond. since we know that toby counted 15 goldfish, i set up the equation 0.75x 15. solving for x, i got x 20, which means that there are a total of 20 goldfish in the pond. 75 of 20 is 15, so that means that 15 goldfish are below the surface. </s> T: okay great. how do we work out how many fish are in the pond in total?",probing
"S: sure. i started by calculating the total number of flies that betty caught in a day. i found that she caught 5 6 11 flies in a day. but then, one escaped, so she has 11-1 10 flies in a day. then, i calculated the total number of flies she needs for the whole week. i found that in a week, there are 7 days, so betty needs to gather 7 x 10 70 flies. finally, i calculated the number of flies that the frog eats in a week. i found that the frog eats 2 flies a day, so in a week, it eats 2 x 7 14 flies. therefore, betty needs 70-14 56 more flies to feed her frog for the whole week. </s> T: brilliant. so we know the frog eats 14 flies in a week. she wants to gather enough flies for the frog for the week. how many does she currently have?",probing
"S: sure! i started by figuring out the total number of people invited to the party. ashley invited 20 friends, so the total number of people invited is 20 20 40. then i figured out the number of people who actually attended the party. half of the invited guests is 40 2 20, so each of the 20 guests who brought an additional person brought the total number of people to the party to 2 people. so the total number of people at the party is 20 20 ashley 41. </s> T: that doesn't seem to be correct. can you tell how many friends did ashely invite actually?",focus
"S: to calculate the number of dozen cupcakes i can bake and ice, i first need to find out how many cups of sugar i have. i have 3 cups of sugar at home and 2 bags of sugar from the store, each containing 6 cups. so i have 3 2 x 6 15 cups of sugar. then i need to figure out how many cupcakes i can make with the sugar i have. since 1 cup of sugar is needed for 12 cupcakes, i can make 15 1 15 dozen cupcakes. then i need to figure out how many cupcakes worth of frosting i can make. since i need 2 cups of sugar for a dozen cupcakes, i can make 15 x 2 30 cupcakes worth of frosting. finally, i need to figure out how many dozen cupcakes i can ice. i can ice 30 12 2.5 dozen cupcakes. since i can't make half a dozen cupcakes, the maximum number of dozens i can bake and ice is 15. </s> T: the lady needs 3 cups to make 1 cupcake?",telling
"S: sure. i started by calculating half of the medical expenses, which is 128 2 64. then, i deducted that amount from the house help's salary, which is 160 - 64 96. then, i added the medical expenses and the amount deducted from the house help's salary, which is 128 64 192. since the husband already paid 64, he still needs to pay 192 2 - 64 32 to split the expenses equally with his wife. so, the answer is 32. </s> T: that does not seem to be correct. could you please tell me how much needs to be paid to the house help after deduction of the medical expense from her salary?",focus
"S: sure. i started by calculating the cost of 1 dozen of chocolate-dipped strawberries, which is 50. then i calculated the cost of half a dozen, which is 1 2 x 50 4.17. then i calculated the profit of each half dozen, which is 30 - 4.17 27.92. finally, i calculated the total profit of 50 dozens, which is 27.92 x 50 1396. </s> T: that does not seem to be correct. can you please tell if she sells half a dozen for 30, how much would a dozen cost?",focus
"S: sure. to make the playoffs, the giants need to win 2 3 of their games over the season. that means they need to win 20 games. they have already won 12 games, so they need to win 20 - 12 8 more games. since there are 10 games left, they need to win at least 8 games x 80 6.4 games, which rounds up to 7 games. does that make sense? </s> T: no it does not. why did you assume they need to win 80 of the games? the question mentions nothing as such.",focus
"S: sure. i started by calculating how many plates are used each day. there are 6 people eating at tom's house, so 6 x 3 18 plates are used each day. then, i multiplied that by 4 days to get 18 x 4 72 plates used in 4 days. since each person uses 2 plates per meal, then they use 2 x 3 6 plates per day. so, tom and his guests use 6 x 4 24 plates in 4 days. finally, i added the two results together to get 72 24 96 plates used altogether. </s> T: are you sure they use 18 plates a day? did you consider the fact that each one of them uses 2 plates for a meal?",focus
"S: yes, sure. i started by calculating the number of eggs that dry up which is 800 x 0.1 80. then i calculated the number of eggs that are eaten which is 800 x 0.7 560. so the total number of eggs that don't hatch is 80 560 640. then i calculated the total number of eggs that end up hatching which is 800 - 640 160. finally, i calculated 1 4 of the remaining eggs that end up hatching which is 1 4 x 640 160 frogs hatch out of the 800 eggs. </s> T: think again about how many 1 4 of the remaining eggs is",focus
"S: sure. i started by calculating that it took arabella 15 minutes to learn the second step, since it took her half the time to learn it as the first step. then i added the 15 minutes to the 30 minutes it took her to learn the first step, which gave me 45 minutes. i then multiplied 45 minutes by 2, since the third step took as long as the first two steps combined, and that gave me 90 minutes. i then added the 45 minutes and the 90 minutes together to get my final answer of 135 minutes. </s> T: ok, let's reread the question to see what it tells us about the third step. can you spot your mistake?",focus
"S: sure. i started by adding the time amaya watched the movie before having to rewind it the first time, which was 35 5 40 minutes. then i added the time she watched the movie before having to rewind it a second time, which was 45 15 60 minutes. finally, i added the time she watched the movie uninterrupted, which was 20 minutes. so in total, she watched the movie for 40 60 20 120 minutes. then i added the time for rewinding, which was 5 15 20 minutes, so the total time it took her to watch the movie was 120 20 140 minutes. </s> T: look again at the total number of minutes that she watched of the film.",focus
"S: yes, i calculated that on a weekday, the coffee shop brews 10 cups per hour for 5 hours, so 10 x 5 50 coffee cups. in a week, the coffee shop is open for 7 days, so it is open for 5 x 7 35 hours. therefore, the coffee shop can brew 10 x 35 350 coffee cups in 1 week on weekdays. then i added the 120 coffee cups brewed on the weekends, so the total is 350 120 470 coffee cups in 1 week. </s> T: let's think about what is meant by weekdays. not every day is a weekday. does that help you spot your mistake?",focus
"S: yes, i started by calculating the cost for 50 guests which is 50 x 500 25,000. then i calculated that if john's wife wants 60 more guests than john, then she wants 50 x 1.6 80 more guests. so, she wants a total of 50 80 130 guests. therefore, the cost for guests is 130 x 500 65,000. finally, i added the cost for the venue and the cost for the guests to get the total wedding cost of 10,000 65,000 75,000. </s> T: let's think about how to calculate 60 more than 50. can you work that out?",focus
"S: seth sure, i started by calculating the area tommy can ride in. i determined that he can ride in a total area of 10 square blocks. then i calculated the area his friend can ride in which is 80 square blocks. finally, i divided the area his friend can ride in by the area tommy can ride in to get 8, which is how many times greater the area his friend can ride in is compared to tommy </s> T: think about how many blocks wide and how tall tommy's block area is",focus
"S: sure. i started by calculating how much hillary spends on the wednesday, thursday and friday newspapers. i multiplied the cost of each paper, 0.50, by 3, as she buys three papers each day. this gave me a total of 1.50 per day. i then multiplied this by 8, as there are 8 weeks in the time period, giving me a total of 36. then, i calculated how much she spends on the sunday paper, which is 2.00 per week. i multiplied this by 8, as there are 8 weeks in the time period, giving me a total of 16. so, i added the two totals together, 36 16 52, which is how much she spends on newspapers over 8 weeks. </s> T: remember to include the sunday paper too",focus
"S: sure. out of 30 purchases, the vending machine fails to drop a snack 1 6 of the time, which is 30 6 5 times. out of 30 purchases, the vending machine accidentally drops two snacks 1 10 of the time, which is 30 10 3 times. so, the vending machine has dropped 2 x 3 6 additional snacks. therefore, the vending machine has dropped a total of 5 6 11 snacks. </s> T: let's start with what we know. how many times did the vending machine work normally?",focus
"S: sure. i started by calculating the total amount of time frank has spent in the mazes so far. that was 45 minutes in the current maze plus 50 minutes for each of the 4 other mazes, which added up to 245 minutes. then, i figured out that if he wanted to keep his average below 60 minutes per maze, he would need to spend a total of 60 5 - 245 55 minutes in the current maze. since he had already spent 45 minutes inside, he would need to spend an additional 55 - 45 10 minutes inside. </s> T: if he wants to ensure that his average doesn't go above 60 minutes per maze what would the total allowed time be?",probing
"S: sure. i calculated that before being shrunk, there were 5 cups x 8 ounces cup 40 ounces of coffee. after being shrunk, the cups and the coffee inside them were reduced by 50 , so there were 0.5 x 5 2.5 cups of coffee left. each shrunk cup still held 8 ounces 2 4 ounces of coffee. so the total amount of coffee left was 2.5 cups x 4 ounces cup 10 ounces of coffee. </s> T: ok, when the cups were shrunk, it just affected their size so there was still the same number of cups. des this help you spot your error?",focus
"S: to solve this problem, i first realized that jen had scored 10 more than bryan, so i calculated that jen had scored 20 10 30. then, i realized that sammy scored 2 fewer than jen, so i calculated that sammy had scored 30 - 2 28. i then used a variable, x, to represent the number of mistakes sammy made, so i set up the equation 35 - 28 - x 7 - x. i then realized that since sammy had made mistakes, 7 - x must be less than or equal to 28. so, i set up the inequality 7 - x 28. i then solved for x and got x -21. since x must be a whole number, the smallest possible value of x is 0, so i concluded that sammy had made 0 mistakes. </s> T: what is the total number of marks on the test",probing
"S: mariana i calculated that the cost of a sandwich and a pack of juice is 0.30 0.20 0.50. then, i divided the total amount of money lyle had 2.50 by the cost of a sandwich and a pack of juice 0.50 to find out how many sets of sandwich and juice he can buy. i got 5 sets. since lyle is buying for himself and his friends, i added 1 to the number of sets and got 6 people. then, i subtracted 1 from the total number of people to get the number of friends lyle can buy a sandwich and a pack of juice for, which is 5. </s> T: how much money will lyle have after buying for himself",probing
"S: i started by subtracting 5 from 10, which gave me 5 steps forward from my original starting point. then i subtracted 2 from 5, which gave me 3 steps forward. finally, i doubled 3 steps, which gave me 6 more steps forward. so in total, i moved 9 steps forward from my original starting point. </s> T: how do you double",probing
"S: i used the fact that danielle's speed was three times faster than cameron's, so it took her half the time to travel the same distance. i also used the fact that cameron's speed was twice as fast as chase's, so it would take chase twice as long to travel the same distance. therefore, i concluded that chase would take 90 minutes to travel from granville to salisbury. </s> T: how long will it take cameron",probing
"S: sure, i used the equation 0.1x 50 and then divided both sides by 0.1 to get x 500. so, i concluded that there were 500 students in ms. jones' class. </s> T: let's try a different strategy to answer. if ms jones got 50 in gift cards, and these were in 10 increments, how many gift cards did she get?",focus
"S: mariana i calculated the current property tax rate of 2 x 400,000 8,000 per year. then, i multiplied the house's value by 1.25 to get 500,000. i then calculated the new property tax rate of 2 x 500,000 10,000 per year. finally, i subtracted the current property tax rate from the new property tax rate to get the amount jenny can afford to spend on improvements, which is 15,000 - 8,000 7,000 per year. i then divided this amount by the property tax rate of 2 to get the amount of improvements jenny can make before her property tax bill gets too high, which is 7,000 2 350,000. </s> T: what is the current property tax",probing
"S: sure. i used the equation 20 x 1 2 24 x and then multiplied both sides by 2. then i subtracted x and 24 from both sides and got 16 x. so rachel is 24 x 40 years old when emily is half her age. </s> T: there is a simpler way to figure this out. if the difference in age between the two sisters is only 4 years, it's not possible for rachel to be 40 years old when emily is 20.",focus
"S: sure. i multiplied 3 days by 5 to get 15 days for the injury to fully heal. then i added 3 more days to that, so the total was 18 days. i knew that 3 weeks was equal to 21 days, so i subtracted 18 from 21 to get 3 more days. so in total, it will take 21 days for james to be able to lift heavy again. </s> T: okay, so 18 days is how long james will wait to start working out again. but then after those 18 days he won't lift heavy weights for three more weeks",focus
"S: deandre sure! i assumed kiki had 100, so i figured she spent 60 on hats and 40 on scarves. then i said that if she bought x scarves, the cost of the scarves would be 2x. since she spent 40 on scarves, i said 2x 40, so x 20. that means she bought 20 scarves and since she has 90, she spent 10 on hats and 80 on scarves, so she bought 40 scarves in total. but since we only needed to find out how many scarves she bought, the answer is 20. </s> T: but if you read the question, kiki only has 90, not 100",focus
"S: rishi sure. i multiplied 30 minutes, which is the length of the show, by 4, which is the number of days from monday to thursday, to get 120 minutes. then i divided 120 minutes by 60 minutes, which is equal to 2 hours. finally, i subtracted 0.5 hours, which is the length of the show on friday, from the total to get 2.5 hours. </s> T: if max only watched the half hour show on 4 days out of the week, how many hours did he watch?",probing
"S: yes, i started by dividing the 20 chocolate bars evenly amongst the 5 people, which gave each person 4 chocolate bars. then i realized that each person had to give up half of their chocolate bars, so each person only had 2 chocolate bars left. i multiplied 2 chocolate bars by 4 people to get 8 chocolate bars, which is how many the father received. then i subtracted 3 for the mother and 2 for the father to get 3 chocolate bars left. </s> T: but matilda had 4 sisters, so there were 5 people total who each got 4 chocolate bars",focus
"S: sure. i added 108 chocolate chips and then one-third of that number in m ms, which was 36. then i added those two numbers together which made 144. then i divided that number by 48, which is the total number of cookies, and got 3. then i subtracted 1 from 3 to get my answer of 2. </s> T: okay. let's look at the question. we need to find out the average number of chocolate pieces in each cookie, so that would include both m and ms and chocolate chips per cookie",focus
"S: sure. i started by figuring out how many points jen and sammy got. jen got 20 10 30 points and sammy got 30 - 2 28 points. then i set up an equation to find out how many mistakes sammy made. i let x be the number of mistakes sammy made and then i got 7 - x points. since sammy made mistakes, 7 - x must be less than or equal to 28. so, 7 - x 28. thus, x -21. since x must be a whole number, the smallest possible value of x is 0. therefore, sammy made 0 mistakes. </s> T: okay, so we know that sammy scored 2 fewer than jen, and jen scored 30. if the math exam has 35 points in all, and sammy scored 28, how many mistakes did he make?",focus
"S: sure! i worked backwards to find out how much money isabel had at first. i started with the amount she had left, 51, and then multiplied it by two to get the amount she had before buying her brother a book, which was 102. then i multiplied that amount by two again to get the amount she had before buying the toy, which was 204. finally, i multiplied that amount by two once more to get the amount she had at first, which was 408. </s> T: isabel had 204 dollars before buying the toy. we don't need to do any more multiplication, do we?",focus
"S: sure, i subtracted the points from the field goals from the total points to find out how many points they scored from touchdowns. then, since a touchdown is worth 7 points, i divided the points from touchdowns by 7 to get the number of touchdowns they scored. </s> T: what was the total number of points the seahawks scored?",focus
"S: sure! i started by finding half of the birds, which was 12 divided by 2, which is 6. then i subtracted 6 from 12 to get the number of birds left, which is 6. then i subtracted 3 from 9 to get the number of puppies left, which is 6. finally, i subtracted 7 from 15 to get the number of spiders left, which is 8. so, when you add all of those numbers together, you get 6 6 8 20. </s> T: okay, but didn't the store have cats too?",focus
"S: sure. i started by calculating the total number of flies betty caught in a day, which is 5 6 11. then i subtracted one to account for the fly that escaped, so i had 11-1 10 flies. then i multiplied 10 by 7 to get the total number of flies betty can catch in a week, which is 7 x 10 70. then i multiplied 2 by 7 to get the total number of flies the frog eats in a week, which is 2 x 7 14. finally, i subtracted 14 from 70 to get the number of flies betty needs to catch for the frog, which is 70-14 56. </s> T: you said that you multiplied 10x 7 to get the total number of flies betty can catch in a week, but that's not what we need to find out-we need to figure out how many flies betty still needs to catch if the frog eats 2 flies per day",focus
"S: sure! i started by using variables to represent the number of marbles that steve and sam had. let x be the number of marbles that steve had. then, sam had 2x marbles and sally had 2x-5 marbles. after sam gave 3 marbles to sally and 3 marbles to steve, he had 8 marbles left. so, i wrote an equation 2x - 6 8. then, i solved for x and got x 7. therefore, steve had 7 marbles now. </s> T: i don't think we need to use variables, since we actually have numbers we can use and figure out, from the problem",focus
"S: steven sure. i started by calculating the cost for 50 guests, which was 50 x 500 25,000. then, i calculated that if john's wife wanted 60 more guests than john, she would want 50 x 1.6 80 more guests. so, the total number of guests would be 50 80 130. then, i calculated the cost for 130 guests, which was 130 x 500 65,000. finally, i added the cost for the venue 10,000 and the cost for the guests 65,000 to get the total cost of the wedding, which was 10,000 65,000 75,000. </s> T: but how much does the question say that the venue costs?",focus
"S: hi, i first calculated the distance covered by john and his dog together in 30 minutes. that was 6 4 2 0.5 2.5 miles. then i calculated the distance covered by john alone in the next 30 minutes, which was 4 0.5 2 miles. so i added those two distances together to get 4.5 miles. </s> T: if john runs at 6 mph with his dog, and runs for half an hour with the dog, how far does he get?",focus
"S: sure, i started by calculating the number of slices of each type of pie. for shepherd's pie, i multiplied 4 pieces by 52 customers to get 208 slices. for chicken pot pie, i multiplied 5 pieces by 80 customers to get 400 slices. then, i divided 208 by 4 to get the number of shepherd's pies sold, which was 52. i also divided 400 by 5 to get the number of chicken pot pies sold, which was 80. finally, i added 52 and 80 together to get the total number of pies sold, which was 132. </s> T: i see. but we're dealing with individual pies here, rather than slices. if you had a birthday cake, and lots of guests at your party, you couldn't just keep producing slices of cake. can you think of another way to figure out how everyone gets a piece?",probing
"S: sure! annie spends 2 hours a week on chess club, 8 hours a week on drama club, and 3 hours a week on glee club. that's a total of 13 hours a week. in one semester, there are 12 weeks, so annie does 12 x 13 156 hours of extracurricular activities in one semester. taking the first two weeks off sick, she does extracurriculars for 12-2 10 weeks before midterms. so, annie does 10 x 13 130 hours of extracurricular activities before midterms. </s> T: ok, can you tell me how many weeks there are in a semester before mid-terms?",probing
"S: sure. i started by calculating the percent of students who are learning from home, which is 40 . then i subtracted that from 100 to get the percent of students who are in school, which is 60 . i then divided that number by two to get the percent of students in each group, which is 30 . finally, i divided that number by two again to get the percent of students present in school on any given day, which is 15 . </s> T: great, so first you noted the number of students from home, what was your next step?",focus
"S: sure! i started by calculating how much the family spent on hard shell tacos. they bought 4 tacos, so that was 4 x 5 20. then i calculated how much the family spent on soft tacos. they bought 3 tacos, so that was 3 x 2 6. then i calculated how much the rest of the customers spent on soft tacos. there were 10 customers after the family, so that was 10 - 1 9 customers. each customer bought 2 tacos, so that was 9 x 4 36. finally, i added up the amounts the family and the rest of the customers spent to get the total amount the taco truck made during the lunch rush 20 6 36 62. </s> T: can you show me again how you calculated the number of customers after the family?",focus
"S: sure! i started by figuring out how many votes barry got. i knew that barry got three more than joey, so i added 3 to joey's 8 votes to get 11 votes. then, i knew that barry got twice as many votes as joey, so i divided 11 by 2 to get 5.5 votes which i rounded down to 5 votes . finally, i knew that marcy got three times as many votes as barry, so i multiplied 11 by 3 to get 33 votes. </s> T: good strategy, but you're not quite there. let's take a step back. what is 3 more than 8?",probing
"S: sure! i started by setting up an equation. i let x represent the number of cans jack recycled, so i knew that he made 10 cents per bottle and 5 cents per can. i multiplied 10 cents by 80 bottles to get his earnings from the bottles, which was 800 cents or 8. then i multiplied 5 cents by x cans to get his earnings from the cans, which was 0.05x dollars. i added the two together to get his total earnings, which was 800 0.05x 1500 cents or 15. then i simplified the equation to 0.05x 700 and divided both sides by 0.05 to get x 1400 5 280. so, jack recycled 280 cans. </s> T: when you look through your solution, do all the units of your numbers look correct?",probing
"S: hi, sure. i started by figuring out how many minutes were in two hours, which is 120 minutes. then i figured out that one round trip on the ski lift and skiing down the mountain takes a total of 20 minutes. so i divided 120 minutes by 20 minutes to get 6 round trips. then i multiplied 6 round trips by 2 to get the total number of times a person can ski down the mountain in 2 hours, which is 12. </s> T: ok so your second step calculated what activity?",focus
"S: sure. i started by assuming that the amount of almond scent jill used for one candle was ""x"". then, i realized that since she used up all her almond scent, she must have made 10 almond candles. i also realized that she had 1.5 times as much coconut scent as almond scent, so she had 1.5x amount of coconut scent for one candle. since she used up all her coconut scent too, she must have made 10 coconut candles as well. lastly, i remembered that jill made twice as many lavender candles as coconut candles, so she made 2 x 10 20 lavender candles. </s> T: how many candles of coconut did she make?",focus
"S: sure. emma can run around two arenas in 20 hours, so she can run around one arena in 10 hours. fernando takes twice as long as emma to run his course, so it takes him 40 hours to run around two arenas. this means it takes him 20 hours to run around one arena. together, emma and fernando can run around two arenas in 10 20 30 hours. </s> T: how much time do emma and fernando take to run around one arena?",focus
"S: sure. i started by figuring out how many apples were used for each full-size pie. i knew there were 48 apples and 24 full-size pies, so i divided 48 by 24 to get 2 apples pie. then, i knew that each mini pie only uses 1 2 an apple, so i divided 2 by 2 to get 1 apple mini pie. then, i knew there were 24 mini pies, so i multiplied 24 by 1 to get 24 apples used for the mini pies. finally, i subtracted 24 from 48 to get 24 apples leftover. </s> T: you seem to have made a mistake. the question says for mini pies, 1 2 an apple is required. but you calculated 1 2 the apples required for a full-size pie. do you see your mistake?",focus
"S: sure. i started by calculating the total kilobytes needed to store 400 photos, which was 400 x 1.5 600 kilobytes. then i subtracted that from the total kilobytes of storage space available, which was 2000 - 600 1400 kilobytes. finally, i divided that number by the size of each 200-kilobyte video, which was 200 x 1 200 kilobytes. that gave me the total number of 200-kilobyte videos that can be stored, which was 1400 200 7. </s> T: ok lets go back and work out how much storage space there is initially",focus
"S: sure. i said that the farmer gets 1 ear of corn for every 4 seeds, so he needs 4 seeds 0.1 40 seeds to get 0.1. the cost to buy 40 seeds is 0.5 100 seeds x 40 seeds 0.2. so the profit for each ear of corn is 0.1 - 0.2 - 0.1. to make 40 in profit, he needs to sell 40 0.1 400 ears of corn. </s> T: ok how do we calculate the cost of 1 seed",probing
"S: sure. i started by calculating 10 percent of 800, which is 800 x 0.1 80 eggs that dry up. then i calculated 70 percent of 800, which is 800 x 0.7 560 eggs that are eaten. so, the total number of eggs that don't hatch is 80 560 640. then i subtracted 640 from 800 to get the total number of eggs that end up hatching, which is 800 - 640 160. finally, i used 1 4 of the remaining eggs to get the number of frogs that hatch out of the 800 eggs, which is 1 4 x 640 160. </s> T: i can see you you have correctly calculated 160 eggs it then says 1 4 of those eggs hatch so 160 4",probing
"S: sure. i started by calculating how many hamburgers were purchased by the first set of customers. they bought 4 hamburgers each, so that's 4 2 8 hamburgers. then i calculated how many hamburgers were purchased by the second set of customers. they bought 2 hamburgers each, so that's 2 2 4 hamburgers. so in total frank sold 8 4 12 hamburgers. then i calculated how many more hamburgers frank needs to sell to make 50. to make 50, frank needs to sell 50 5 10 hamburgers. so frank needs to sell 10-12 -2 more hamburgers, which is impossible, so the answer is 0. </s> T: you seem to have misunderstood the question. if i say, that 4 people bought 4 cars, does that mean each one of them bought 4 cars?",probing
"S: sure. i started by counting the wheels on the cars, which was 4 wheels x 2 cars 8 wheels. then i counted the wheels on the bikes, which was 2 wheels x 3 bikes 6 wheels. lastly, i counted the wheels on the tricycle and unicycle, which was 3 wheels 1 wheel 4 wheels. so, all together, there are 8 6 4 18 wheels in the garage. </s> T: hi i can see you have calculated the wheels on 2 cars, 3 bikes, a tricycle and a unicycle. look again at the question and check you have all the vehicles",focus
"S: sure. the ratio of coins that elsa has to that which amalie has is 10 45. this simplifies to 2 9. so if we let x be the number of coins elsa has, then the number of coins amalie has is 9x. the total number of coins they have is x 9x 10x. so, 10x 440. therefore, x 44. amalie has 9x 9 44 396 coins. she spends 3 4 of what she has on toys, so she spends 3 4 x 396 297 coins. she will remain with 396 - 297 99 coins. </s> T: i can see you have calculated that together they have 440 coins. what fraction of those coins does amalie have",probing
"S: sure. i started by using algebra to solve the problem. i let x be the amount of money beth has. from the first sentence, we know that x 35 105. so, solving for x, i got x 70. from the second sentence, we know that jan has the same amount of money as beth minus 10. so, jan's money 70 - 10 60. altogether, beth and jan have 70 60 130. </s> T: brilliant, good use of algebra. so we know that beth has 70. so let's look at jan. if jan had 10 less of what she already has then she would have the same amount as beth - we know that beth has 70 so how much must jan have?",probing
"S: sure. i started by calculating the total value of the 8 baseball cards that matt had, which was 8 x 6 48. then i calculated the value of the 2 baseball cards that matt traded to jane, which was 2 x 6 12. next, i calculated the value of the 3 2 cards that jane gave to matt, which was 3 x 2 6. finally, i added the value of the 9 card that jane gave to matt, which was 9, to get the total value of what matt received from jane, which was 12 6 9 27. i then subtracted the total value of what matt had from the total value of what matt received to get the profit, which was 27 - 48 -21. </s> T: okay good. lets take it step by step. what is the value of the cards matt trades with jane?",probing
"S: sure! i started by calculating how many pounds of salmon james caught. i knew he caught 50 more pounds of salmon than trout, so i multiplied 200 by 0.5 to get 100. then i added 200 and 100 to get 300 pounds of salmon. then i calculated how many pounds of tuna james caught. i knew he caught twice as much tuna as trout, so i multiplied 200 by 2 to get 400. finally, i added 200, 300, and 400 to get 900 pounds of fish. </s> T: excellent, so we know that he caught 200 pounds of trout and 300 pounds of salmon. he catches twice as much tuna than the salmon, what does that make?",focus
"S: sure! i started by calculating the total number of hours andrew has for appointments, which is 2 x 3 6 hours. then, i subtracted the number of hours for appointments from the total workday, which is 8 - 6 2 hours. i then multiplied the number of hours left for stamping permit applications by the number of permit applications he can stamp per hour, which is 50 x 2 100 permit applications. finally, i multiplied the number of permit applications he can stamp in the 2 hours by the total number of hours he has for appointments, which is 100 x 2 200 permit applications. therefore, andrew stamps a total of 200 permit applications today. </s> T: this is excellent. let's use an example here. if i can stamp 30 applications an hour and i have 3 hours to do so, how many do i stamp?",probing
"S: sure, i figured that marvin solved 3 times as many problems today as he did yesterday, so he solved 3 x 40 120 problems today. so, marvin has practiced a total of 120 40 160 math problems. then, arvin practiced twice as many problems as marvin did yesterday, so he practiced 2 x 40 80 math problems yesterday. therefore, the total number of math problems they have practiced altogether is 160 80 240. </s> T: brilliant so we know that marvin solved 160 math problems. we also know that arvin has practiced twice as many as marvin, so how many has arvin done?",probing
"S: mariana sure. i started by calculating the average loss per loot box, which is 5 - 3.5 1.5. then, i used the total amount spent to figure out how many loot boxes were bought, which is 40 5 8 loot boxes. finally, i multiplied the average loss per loot box by the number of loot boxes to get the total amount lost, which is 1.5 x 8 12. to find the average amount he lost per loot box, i divided the total loss by the number of loot boxes 12 8 1.5. </s> T: there seems to be a mistake. can you please confirm whether the question asks you to calculate the average amount lost per box?",focus
"S: sure. so i started by assuming that the daughter was x years old 5 years ago. then i used the fact that the mother was twice as old as the daughter 5 years ago to calculate that the mother was 2x years old 5 years ago. then i used the fact that the mother is now 41 years old to calculate that she was 36 years old 5 years ago. from that, i determined that x must be 18. so the daughter was 13 years old 5 years ago. therefore, she is now 18 years old and in 3 years she will be 21 years old. </s> T: good, you've correctly idenitfied the daughter as being 18 years old 5 years ago. if she was 18 5 years ago, how old would she be now?",focus
"S: sure, so i started by figuring out how much tea each person would need. i knew that each person wanted a 6-ounce cup of tea, and that her mom drinks an 8-ounce cup of tea with one ounce of tea. so i figured that each person would need 6 8 0.75 cups of tea. then i multiplied that by 12, since there were 12 people at the party, and i got 9 cups of tea. then i figured out how much tea she would need for each cup, since she uses 1 ounce of tea for 8 ounces of water. so i divided 1 by 8 and got 0.125 ounces of tea for each cup. finally, i multiplied that by 9, since there were 9 cups of tea, and i got 1.125 ounces of tea. </s> T: ok - your making this more complicated. you need to start at the end of the question to solve this one. we know the party has 12 poeple and each want a 6 ounce cup - so how many ounces of water is needed?",focus
"S: sangita has already completed a total of 50 9 121 180 hours of flying. to reach her goal, she needs to fly 1,500-180 1320 hours more. she has 6 months or 6 x 4 24 weeks to complete 1320 hours of flying. so, she needs to fly 1320 24 55 hours per month to reach her goal in exactly 6 months. 55 </s> T: you don't need to calculate anything to do with weeks to reach the correct response. she needs 1320 more hours to reach her goal over 6 months",focus
S: my answer is that giselle has 35 doves now. i used the information given that each dove laid 3 eggs and 3 4 of the eggs hatched to calculate that the total number of doves is 20 15 35. i used a calculator to make sure i didn't make any calculation errors. </s> T: good start. the total number of hatched eggs is 45. before dividing to find out the number of new doves you need to add the amount of females already known,focus
"S: sure, i started by calculating the price increase for one bottle of wine, which was 20 x 0.25 5. then i added that to the current price of one bottle of wine, which was 20 5 25. i then multiplied that number by the number of bottles, which was 5 x 25 125, to get the total cost of five bottles of wine in two months. finally, i subtracted the current cost of five bottles of wine, which was 5 x 20 100, to get the total increase in price. so the five bottles of wine will be 100 more expensive in two months </s> T: you have made a great start on this. but you have made an error in the last step. can you redo the final calculation where you take the new price minus the current price?",focus
"S: sure. i started by calculating the amount of meat needed by the cubs, which was 35 pounds per cub multiplied by 4 cubs, which is 140 pounds of meat. then i subtracted that from the total amount of meat needed, which was 210 pounds, to get the amount of meat needed by the bear, which was 70 pounds. i then divided that by 5 pounds per rabbit to get the total number of rabbits needed, which was 14. finally, i divided that by the number of days in a week, which is 7, to get the number of rabbits needed per day, which is 2. </s> T: ok. you have correctly calculated how much the cubs need. but have another look at the question to see what it tells you about how much meat the mother bear needs.",focus
"S: cody i started by figuring out that each football game ticket costs 60 by multiplying the cost of one movie ticket 30 by two. then i calculated that five football game tickets would cost 300, and eight movie tickets would cost 240. finally, i added the two amounts together to get a total of 540 </s> T: ok before going any further. you need to calculate how much 8 movie tickets would cost as all 8 cost twice as much as one football ticket",focus
"S: sure. i started with 8 ounces of brie cheese, which is 8 16 0.5 pounds. then i added 1 pound of bread, 1 pound of tomatoes, 2 pounds of zucchini, and 1.5 pounds of chicken breasts. after that, i added 8 ounces of raspberries and 8 ounces of blueberries, which is a total of 16 ounces or 1 pound. so, in total, i got 0.5 1 2 1.5 1 6 pounds of food. </s> T: ok. you have done a good job converting the ounce quantities into pounds so that everything is in the same units. but double check your list of numbers in the final calculation. have you included everything?",focus
"S: jian sure. i started by assigning the speed of the rabbit to a variable, x. then, i wrote an equation that reflected the problem 2 2x 4 188. after that, i simplified the equation to 4x 8 94. then, i subtracted 8 from both sides to get 4x 86. finally, i divided both sides by 4 to get x 21.5. therefore, the speed of the rabbit is 21.5 units. </s> T: great idea to make it into an equation and your initial equation is correct. however you have made some errors in solving the equation. can you talk me through the first step of solving the equation?",focus
"S: sure! so i started by saying that if andy has x black socks, then he has 4x white socks. then i said that if he loses half his white socks, he will have 2x white socks. after that, i said that if he has 6 black socks, then he has 2x 4 white socks. finally, i said that he has 4-6 -2 fewer white socks than black socks, so the answer is 0. </s> T: i can see you have over complicated this and got a bit confused. are you able to tell me how many black socks andy has?",probing
"S: sure. i used the formula wages number of workers x number of days x daily wage per worker . from the given information, we know that 15 workers for 6 days earned 9450. so, their daily wage per worker was 9450 15 x 6 42. then, i used this daily wage per worker to find the wages for 19 workers for 5 days wages 19 x 5 x 42 3990. </s> T: okay. you seem to have over complicated this. let's imagine this is one worker. what would be the equivalent days one worker would have to do to make it the equivalent of 15 workers for 6 days?",focus
"S: sure, i started with 8 ounces of brie cheese, which is 8 16 0.5 pounds. then i added 1 pound of bread, 1 pound of tomatoes, 2 pounds of zucchini, and 1.5 pounds of chicken breasts. finally, i added 8 ounces of raspberries and 8 ounces of blueberries, which is a total of 16 ounces or 1 pound. so, in total, i got 0.5 1 2 1.5 1 6 pounds of food. </s> T: i can see you have correctly converted ounces into pounds, well done. however i think you have missed a food item when you have done the adding up. could you check for me?",probing
"S: sure! after the 2nd stop, the trolley had 10 - 3 7 people. then twice as many people from the 1st stop got on at the 2nd stop, so 2 x 10 20 people got on. so after the 2nd stop, the trolley had 7 20 27 people. after the 3rd stop, the trolley had 27 - 18 9 people. and then 2 people got on, so the trolley currently has 9 2 11 people. </s> T: i can see you have missed something from the very start, you have forgotten something. look back at the question to see if you can identify something you have forgotten to add",probing
"S: sure. i started by realizing that each emu has two legs, so the total number of legs in the flock is 2 x the number of emus. i then let x represent the number of emus in the flock. since we know that the total number of heads in the flock is 60, and each emu has one head, we can conclude that the number of emus is equal to the number of heads in the flock. therefore, x 60. so, the number of emus in the flock is 60. </s> T: can you look at the question and the quantity 60 again? what does it refer to?",focus
"S: sure. i started by figuring out how many cups of popcorn each person wanted. joanie wanted 3 cups, mitchell wanted 4 cups, cliff wanted 3 cups, and miles and davis split 6 cups so they each wanted 3 cups 6 2 3 . then i added up all the cups of popcorn they wanted together, which was 3 4 3 3 13 cups of popcorn. i knew that 2 tablespoons of kernels make 4 cups of popcorn, so i divided 13 by 2 to get 6.5 tablespoons of popcorn kernels. </s> T: not exactly. is it important to know how many people want popocorn for determining how many cups of kernels you need?",probing
"S: sure. i started by figuring out how many words sarah could read per hour, which is 40 words per minute multiplied by 60 minutes, which equals 2400 words per hour. then i figured out how many words were in each of the books she was checking out, which was 100 words per page multiplied by 80 pages, which equals 8000 words per book. then i figured out how many minutes sarah would be reading for, which was 20 hours multiplied by 60 minutes, which equals 1200 minutes. finally, i figured out how many words sarah would read in total, which was 2400 words per hour multiplied by 1200 minutes, which equals 2,880,000 words. therefore, i concluded that she should check out 2,880,000 divided by 8000 words per book, which equals 360 books rounded down to the nearest whole number . </s> T: great, you already did many things right. you know that sarah can read 2400 words per hour, that each book has 8000 words, and that sarah would read for 1200 minutes. why did you want to multiply the amount of words with minutes?",focus
"S: sure. i said that if sarith runs x laps around the children's football field, then kristin will run 3x laps around the adult football field. since kristin runs 12 times around the adult football field, i set up the equation 3x 12 and solved for x, which gave me x 4. so, sarith ran 4 laps around the children's football field. </s> T: you did many things right already. but try to focus on the size of the fields on which sarith and kristin run. are they the same size?",focus
"S: sure. i started by calculating the cost of the 2 drip coffees, which was 2 x 2.25 4.5. then i calculated the cost of the 2 lattes, which was 2 x 4.00 8. i then added the cost of the vanilla syrup to one of the lattes, which was an additional 0.50. so, 1 latte with vanilla syrup was 4.00 0.50 4.5. then i calculated the cost of the 2 cold brew coffees, which was 2 x 2.50 5. lastly, i added up all the costs, which was 4.5 4.5 3.50 8 5 3.50 29. </s> T: you did many things right but have one little mistake. could you add everything up again but leave the vanilla sirup separate?",focus
"S: mariana sure. i started by calculating how many cherries jerry would need for 9 quarts of syrup. i multiplied 500 by 9, which gave me 4500. then, i figured out how long it would take him to pick all the cherries. i divided 4500 by 300, which is the number of cherries he can pick in 2 hours, and then multiplied that by 2 to get the total number of hours it would take him to pick all the cherries. that gave me 30 hours. finally, i multiplied 3 by 9, which is the number of hours it takes him to make the syrup, to get 27 hours. adding the 30 hours it took him to pick the cherries and the 27 hours it took him to make the syrup gave me 57 hours as the total amount of time it would take jerry to make 9 quarts of syrup. </s> T: right, ok. let's break this up. you've correctly idenified the 4500 cherries. plus the 30 hours that it has taken to pick them. then you gone too far by multiplying 3 by 9. looking at the final part of the question... and 3 hours to make the syrup. how long will it take him to make 9 quarts of syrup? ... what should you have done to the 30 to reach the answer?",focus
"S: hi, i started by figuring out how many quarts were in the hot tub. i knew that there were 4 quarts per gallon, so i multiplied 4 by 40 to get 160 quarts. then i figured out how many bottles of champagne were needed to fill the hot tub, which was 160 divided by 4, which is 40 bottles. then i calculated the original cost of 40 bottles, which was 40 multiplied by 50, which is 2000. finally, i figured out the discounted cost, which was 80 of the original cost, which is 1600. </s> T: ok let's break this down. you know there is 160 quarts. how can you find out the cost, knowing that each bottle is 50",focus
"S: i started by setting up an equation to represent the problem. i let x represent the amount of money nigel gave away, so i had 45-x as the amount of money he had after giving away some money. then his mother gave him 80 more, so he had 45-x 80 125-x dollars. we know that he now has 10 more than twice the amount he originally had, so i set up the equation 125-x 2 45-x 10. i then simplified the equation to get 35 x, so i concluded that nigel gave away 35 </s> T: ok lets try this a different way.",focus
"S: i started by counting the legs of the 4 tables with 4 legs each, which gave me a total of 16 legs. then i counted the legs of the 2 chairs with 4 legs each, which gave me a total of 8 legs. after that, i counted the legs of the 3 tables with 3 legs each, which gave me a total of 9 legs. finally, i added the 1 leg of the 1 table and the 2 legs of the 1 rocking chair, which gave me a total of 3 legs. so, when i added all of these together, i got 16 8 9 3 36 legs in the room </s> T: ok - let's come at this different. how many pieces of furniture have 4 legs?",focus
"S: hi, i started by calculating the cost of one birdhouse which is 7 pieces of wood at 1.50 each, so the cost of one birdhouse is 10.50. then i subtracted the profit from one birdhouse which is 5.50, so the cost of one birdhouse is 5. after that, i multiplied the cost of one birdhouse by two since danny is buying two birdhouses, so the cost of two birdhouses is 5 x 2 10. therefore, denver will charge danny 10 for two birdhouses. </s> T: ok good start. you are correct that he cost of one birdhouse which is 7 pieces of wood at 1.50 each, so the cost of one birdhouse is 10.50. you must now calculate the selling price by adding the profit and the cost together",focus
"S: sure. i started by subtracting the 5 pieces of chocolates that were not in a box from the total of 50 chocolates. that gave me 45 chocolates in the boxes. then i added the 25 chocolates that nida's friend brought, giving me a total of 70 chocolates. since each box can hold 6 chocolates, i divided 70 by 6 to get 11.67 boxes. since you can't have a fraction of a box, i rounded up to 12 boxes. since they already had 3 boxes, i subtracted 3 from 12 to get 9 more boxes. </s> T: can you please justify your assumption of 6 chocolates in box?",focus
"S: yes, i first found john's weight by subtracting tracy and jake's weight from the total combined weight. john's weight was 46 kg. then, i subtracted the smallest weight tracy's weight from the largest weight jake's weight to find the range of their weights. the range was 8 kg. </s> T: is tracy's weight actually the smallest weight?",focus
"S: hi, i got my answer by multiplying 2 hours by 4 walls for the dining room, which gave me 8 hours. then i multiplied 2 hours by 4 walls for the living room, which gave me 8 hours. then i added the two numbers together to get 16 hours total. </s> T: okay, but eric has already spent 2 hours removing the paper from one wall of his dining room?",focus
S: sure. i calculated the volume of each widget carton to be 4 x 4 x 5 80 cubic inches. then i calculated the volume of each shipping box to be 20 x 20 x 20 8000 cubic inches. then i divided the volume of the shipping box by the volume of each widget carton to get 8000 80 100 widgets per shipping box. </s> T: thats a great start but have a look back at the question - was there just one widget in each carton?,focus
"S: sure, i used the equation 6 x 4 24 to calculate the number of quarter cups needed for the cake. then i used 8 x 4 32 to calculate the number of quarter cups in the 8 cup bag of flour. i then subtracted 24 from 32 to get the number of quarter cups that needed to be removed, which was 8. finally, i divided 8 by 4 to get the number of scoops that needed to be removed, which was 2. </s> T: so if 8 quarter cups of flour need to be removed from the bag, how many scoops is that, if each scoop is 1 4 cup?",focus
"S: sure. i first figured out that i needed 8 ounces of ingredients to make one 8-ounce glass of chocolate milk. then, i added the 130 ounces of milk and the 60 ounces of chocolate syrup to get 190 ounces of ingredients total. i then divided 190 by 8 to get 23.75 glasses of chocolate milk. finally, i multiplied 23 by 8 to get 184 ounces of chocolate milk. </s> T: remember though, each glass of chocolate milk has to have exactly 6.5 ounces of milk and 1.5 ounces of syrup",focus
"S: sure! to solve this problem, i used the formula wages number of workers x number of days x daily wage per worker . from the given information, i knew that 15 workers for 6 days earned 9450. so, i calculated the daily wage per worker to be 42 by dividing 9450 by 15 x 6 . then, i used this daily wage per worker to find the wages for 19 workers for 5 days. i multiplied 19 x 5 x 42 to get the answer of 3990. </s> T: you seem to have made a calculation error. can you revaluate the daily wage per worker?",focus
"S: sure! i used the equation x 1800 to represent the cost of ben's old car, since he sold it for 1800. then i used the equation 2 x - 1800 2000 to represent the amount he still owed on his new car. by substituting the value of x, i got 2 1800 - 1800 1800, which means ben's old car cost 1800. </s> T: ben sold his old car for 1800, but that does not mean that's what he paid for it.",focus
"S: sure. i started by calculating that wanda walks a total of 1 mile each day, which is 0.5 miles in the morning and 0.5 miles in the afternoon. then, i multiplied that by 5 days a week, which gave me a total of 5 miles per week. finally, i multiplied that by 4 weeks, which gave me a total of 20 miles after 4 weeks. </s> T: you seem to have made a mistake. can you please tell me how much wanda walks in one round trip?",focus
"S: sure. i started by figuring out that for every 3 steps forward and 2 steps backward, jeffrey takes a total of 3-2 1 step forward. then, to cover a distance of 66 steps with 1 step forward at a time, jeffrey needs to take 66 x 1 66 steps. so, i concluded that jeffrey takes a total of 66 steps when he goes from the house to the mailbox. </s> T: ok the first bit you have worked out is correct, but you have not then used this in the second stage of your calculation. for each of those one step forwards he needs to take 5 steps in totla",focus
"S: the total number of street lights in the town can be calculated by multiplying the number of roads in each neighborhood by the number of street lights on each road. since there are 10 neighborhoods, each with 4 roads, and each road has 250 street lights on each side, the total number of street lights in the town is 10 neighborhoods x 4 roads x 250 street lights x 2 sides 80,000 street lights. </s> T: tell me how many neighbourhoods there are",probing
"S: sure. tim used to run 3 times a week for a total of 3 x 2 6 running sessions. with the added 2 days, tim now runs 5 times a week for a total of 5 x 2 10 running sessions. each running session is 1 hour in the morning and 1 in the evening, so tim runs 2 hours per running session. therefore, tim now runs 10 x 2 20 hours a week. </s> T: i can see you have worked out that tim runs 5 times a week, how many hours does he run each day",probing
"S: to solve this problem, i first figured out how many cups of popcorn were needed in total. joanie wanted 3 cups, mitchell wanted 4 cups, cliff wanted 3 cups, and miles and davis split 6 cups, so they each wanted 3 cups. this added up to 13 cups of popcorn. next, i determined how many tablespoons of popcorn kernels were needed to make the 13 cups of popcorn. i knew that 2 tablespoons of popcorn kernels make 4 cups of popcorn, so i divided 13 by 2 to get 6.5 tablespoons of popcorn kernels. this means that they will need 6.5 tablespoons of popcorn kernels to make the 13 cups of popcorn. </s> T: how many does joanie want",probing
"S: ronny sure. i started by figuring out how many cups of popcorn they needed in total. joanie wanted 3 cups, mitchell wanted 4 cups, cliff wanted 3 cups, and miles and davis split 6 cups, so they each wanted 3 cups. that adds up to 13 cups of popcorn. </s> T: ok - that is a good plan to start with calculating how many cups you need in total. however you have made a minor error, can you look over the numbers again and see if you can figure out where you have gone wrong?",focus
"S: the total quantity of oranges that they would have bought after the three weeks is 55 kgs because they initially bought 10 kgs and then added 5 more kgs. for the next two weeks, they needed to buy double the amount of oranges each week, which was 20 kgs. so, for the next two weeks, they would need to buy a total of 40 kgs of oranges. therefore, the total quantity of oranges they would have bought after the three weeks is 15 40 55 kgs. </s> T: how many did the buy in week 1",probing
"S: sure. i started by figuring out how much faster the dragon was going than xena. i knew the dragon was going 30 feet per second and xena was going 15 feet per second, so the dragon was going 15 feet per second faster. then i figured out how far xena needed to go to make up the 600 feet head start and the 120 feet safety zone, which was 720 feet. finally, i divided 720 feet by xena's speed of 15 feet per second to get the number of seconds she had to get to the cave, which was 48 seconds. </s> T: ok zena has 600ft to go but the dragon will burn her if it get within 120ft. what is the difference between the 2 distances",probing
"S: sure. i started by figuring out how many minutes polly spends cooking on the first four days of the week. i knew she spends 20 minutes cooking breakfast every day, and 5 minutes cooking lunch. i also knew she spends 10 minutes cooking dinner four days this week, so i multiplied 10 minutes by 4 to get 40 minutes. this means she spends 20 5 40 65 minutes cooking on the first four days of the week. then i figured out how many minutes she spends cooking dinner on the remaining three days of the week. since she spends 30 minutes cooking dinner on those days, i multiplied 30 minutes by 3 to get 90 minutes. so in total, polly spends 65 90 155 minutes cooking this week. </s> T: ok . good start. however, the numbers you have used in the first calculation are for just one breakfast and lunch but for four dinners - have another go at calculating information for the first four days",focus
"S: to solve this problem, i first calculated the number of chickens in the coop, which was 14. then i multiplied that number by two to get the number of chickens in the run, which was 28. then i multiplied that number by two again to get the number of chickens that would be free ranging, which was 56. finally, i subtracted four from the total to get the final answer of 108 chickens free ranging. </s> T: how many chickens in coop",probing
"S: sure. i started by calculating how much money randy had after he gave sally 1,200. i added the 2,000 he had left and the 1,200 he gave sally, which gave me 3,200. then i subtracted the 200 smith gave him, which gave me 3,000. finally, i subtracted the 200 smith gave him from the 3,000, which gave me 2,800. so, randy had 2,800 at first. </s> T: i can see that you worked out that randy had 3200, then you subtracted 200 that smith gave him leaving 3000. how much money dis smith give him",focus
"S: sure. i said that rosie will receive 1 - 0.44 0.56 in change. since we want the smallest number of coins possible, i used quarters, dimes, and pennies. i used one quarter worth 0.25 to reduce the change to 0.31. then, i used one nickel worth 0.05 to reduce the change to 0.26. finally, i used one penny worth 0.01 to reduce the change to 0.25. therefore, rosie will receive 1 quarter, 1 nickel, and 1 penny as change, for a total of 3 coins. </s> T: have you accounted for all of the change",focus
"S: sure. i figured that the elevator will take 60 seconds to get to the ground floor. so, austin descends 9 x 30 270 steps in 60 seconds. thus, austin descends 270 60 4.5 steps per second. therefore, jake will take 270 3 90 seconds to get to the ground floor. so, jake will get to the ground floor 90 seconds later than austin. </s> T: ok - you have correctly identified that it takes austin 60seconds to get down in the elevator. we dont need to work out how many seconds per step this is. just note this and put to one side for now. you have also correctly identified that it will take jake 90s to get down based on the information that you have. what is the next step you need to take to work out what the time difference is?",probing
"S: sure. after the 2nd stop, the trolley had 10 - 3 7 people. then, twice as many people from the 1st stop got on at the 2nd stop, so 2 x 10 20 people got on. so after the 2nd stop, the trolley had 7 20 27 people. after the 3rd stop, the trolley had 27 - 18 9 people. and then 2 people got on, so the trolley currently has 9 2 11 people. </s> T: there seems to be a mistake. have you counted the trolley driver in as well?",focus
"S: sure. jenny had 24 left after spending 3 7 of her money. to find out how much was half of her original amount of money, i first figured out how much she spent. i did this by subtracting 3 7 from 1, which gave me 4 7. i then assumed that her original amount of money was x, so 4 7 of x would be equal to x - 24. i then simplified the equation by multiplying both sides by 7, which gave me 4x 7x - 168. i then subtracted 4x from both sides, which gave me 3x 168. finally, i divided both sides by 3, which gave me x 56. half of jenny's original amount of money is 56 2 28. </s> T: ok you have worked out that jenny had already spent 4 7 of her money 24 what would 1 7 of her money be",probing
"S: sure. first, i subtracted the amount of concrete used for the first anchor from the total amount of concrete needed for the bridge, which was 1600 tons. this gave me the amount of concrete used for the second anchor, which was 900 tons. then, i subtracted the amount of concrete used for the roadway deck and the second anchor from the total amount of concrete needed for the bridge, which was 4800 tons. this gave me the amount of concrete needed for the supporting pillars, which was 2300 tons. </s> T: do you agree to the fact that the question mentions the two anchors need the same amount of concrete?",focus
"S: hi, yes. i calculated the speed of each snail and then multiplied the speed of the third snail by the time it took the first snail to reach the finish line. that gave me the total time it took the third snail to reach the finish line. </s> T: did you need to calculate the speed of snails 2 and 3, or could you work this out from t he speed of snail 1?",probing
"S: sure! i started by assigning variables to represent the number of trolls in each location. for the trolls by the path, there were 6. for the trolls under the bridge, there were 4 times the number of trolls by the path, plus 6, so that was 30. for the trolls in the plains, there were half as many as under the bridge, so that was 15. to find the total number of trolls, i added the number in each location 6 30 15 51. </s> T: ok, good caalculations. however if you re-read the question as i think you might have read it slightly wrong.",telling
"S: the question asks how long it would take two people to solve the same problem if one person takes 10 hours to solve it. i calculated that each person would need to do 10 2 5 person-hours of work, so the two of them would have to work for 5 5 10 hours to solve the same problem. </s> T: okay, so just double check your workings out. can i ask why youi decided to divide the hours but then also added them together again at the end?",generic
"S: yes, i re-read the question and i still get the same answer. i have two piggy banks, one with 100 pennies and one with 50 dimes. the piggy bank with pennies is equal to 1 and the piggy bank with dimes is equal to 5. so, in total, i have 1 5 6. </s> T: ok, you have done the correct calculatioons. however the questioon states that both piggy banks hold 100 pennies in each and then 50 dimes in each",telling
"S: i started by adding the number of people who took wine and soda, which was 26 22 48. then, i subtracted the 17 people who took both drinks to account for double-counting, which gave me 48 - 17 31. finally, i added the 31 people who took only wine or only soda to the 17 people who took both drinks to get the total number of people at the gathering, which was 31 17 48. </s> T: so if 26 people took wine and 22 people took soda. how many is that?",probing
"S: sure. in 2014, kendra made 8000 less than laurel, which is 30000 - 8000 22000. in 2015, kendra made 20 more than laurel made in 2014, which is 20 100 30000 6000 more. so kendra's earnings in 2015 is 22000 6000 28000. therefore, kendra's total earnings in the two years is 22000 28000 50000. </s> T: let's have another look at kendra's 2015 sales. you are correct in that if she made 20 more than laurel made in 2014, which was 30000, this would amount to 6000 more, but it's 20 more than laurel earned in 2014. have another go please.",focus
"S: hi, i calculated that javier would need to buy and sell 8 dozen donuts to reach his goal. i figured this out by calculating the loss for each dozen donuts, which was 1.40, then dividing the amount he wanted to raise, 96, by the amount he would make from each donut, 1, which gave me 96 donuts. i then divided that by 12 to get 8 dozen donuts. </s> T: lets work out what each donut costs him. divide 2.40 by 12?",probing
"S: i figured out that each person would need 0.75 cups of tea, so i multiplied that by 12 people to get 9 cups of tea. then i figured out that each cup would need 0.125 ounces of tea, so i multiplied that by 9 cups to get 1.125 ounces of tea. </s> T: each person wants a 6 ounce cup of tea and there are 12 people there. how much does that make?",probing
"S: sure. i started by figuring out how many words keenan had already written in the first two hours, which was 400 x 2 800 words. then, i figured out how many words she still needed to write, which was 1200 - 800 400 words. i then assumed that the additional time she needed to write the remaining words was ""t"" hours. i then figured out that in ""t"" hours, she would write 200t words. from this, i concluded that 200t 400, which meant that t 2. therefore, i concluded that keenan needed to start writing 2 hours before the deadline to finish on time. </s> T: you've used two different approaches to the different steps of the problem, when they are similar calculations. could you try using the approach in the first part of the problem in the second part to check your work?",focus
"S: sure. i started by figuring out how many of each type of bag the teacher needed to buy. i determined that she needed 11 vampire-themed bags and 14 pumpkin-themed bags. then i figured out that she could buy 3 packs of 5 of each type of bag for 9 each. then i figured out that she would need to buy 1 additional vampire-themed bag and 4 additional pumpkin-themed bags, which would cost 1 each. so the total cost would be 9 9 1 4 23. </s> T: is buying the number of multi-packs for each type of bag the most cost effective to get the right number of bags?",focus
"S: sure! i started by adding up yulia's total earnings from the lemonade stand and babysitting, which was 44 47 31 122. then i let x represent the amount she spent to run her lemonade stand. i knew that her total profit was 44, so i set up an equation to solve for x 47 - x 44. solving for x, i got x 3, so yulia spent 3 to operate her lemonade stand. </s> T: can you look again at the figures you are using in your initial calculation. what do those figures represent?",focus
"S: sure, i started by looking at the regular price of one bottle of detergent, which was 25.00. then i noticed that with the sale, the price of one bottle dropped to 20.00. since he was buying two bottles, i multiplied the price of one bottle by two, which gave me a total of 40.00. then i remembered that the detergent could wash 80 loads of laundry, so i divided the total cost by 80 to get the cost per load, which was 0.50. finally, i multiplied by 100 to convert it to cents, which gave me 50 cents per load of laundry. </s> T: could we look at the steps in your approach? would it be better to calculate the number of loads against the price of the bottle, or the number of loads you know a bottle can generate?",focus
"S: sure. i started by looking at the second week, when carly ran twice as long as 2 miles, which is 4 miles, and added 3 extra miles, for a total of 4 3 7 miles. then, for the third week, i calculated that she ran 9 7 of what she ran in the second week, which is 9 7 x 7 9 miles. finally, for the fourth week, i subtracted 5 miles from the previous week, meaning she ran 7-5 2 miles. so, the week she was injured, she ran 2 miles. </s> T: in your last calculation, you said you used the figure from the previous week, is this the case if you review your solution?",focus
"S: sure. i multiplied 4 times 1, since jake can wash his car 4 times with 1 bottle of car wash soap. then i multiplied 4.00 by 1, since each bottle costs 4.00. finally, i multiplied 20 times 1, since jake washes his car once a week for 20 weeks. so i calculated 20 x 4.00 80.00. </s> T: take a look at your answer again. can you see that you multiplied 20 times 4 instead of 1?",focus
"S: sure! i started by counting the number of episodes in each season. there are 9 seasons, so there are 8 full seasons with 22 episodes each. that's 8 x 22 176 episodes. then, the last season has 4 more episodes, so it has 22 4 26 episodes. in total, there are 176 26 202 episodes in the whole series. so, it would take 202 x 0.5 101 hours to watch all episodes after the last season finishes. </s> T: let's focus on the amount of seasons. i agree that the description is not very clear. how many seasons are there already?",focus
"S: sure! i started by saying that if devin taught algebra for x years, then he taught statistics for 5x years. then i added up the number of years he taught each course, which was 4 2x 5x 4 7x. since he taught only one course per year, i concluded that 4 7x 11, which is the number of years he taught. </s> T: let's go back to the question and start with what we know. how long did he teach calculus for?",focus
"S: sure! i started by figuring out what percentage of the moon's weight is made up of other elements. i knew that the moon is made of 50 iron and 20 carbon, so i subtracted those two from 100 to get 30 . i then let x represent the weight of the moon in tons. i knew that the weight of the other elements on the moon is 30 of x, which is 0.3x tons. since mars has the same composition as the moon, i assumed that the weight of the other elements on mars is also 30 of its weight, which is 150 tons. i set up an equation to solve for x, 0.3x 150, and then solved for x, x 150 0.3, which gave me x 500. so the moon weighs 500 tons. </s> T: great. you already did many things right. you know that the other elements make up 30 . with this information, do you already know how much mars weighs?",focus
"S: sure! in september, julie earned 25 x 4 100 for mowing lawns. then she earned 3 x 8 24 for pulling weeds. so in total she earned 100 24 124 in september. since she worked the same number of hours in october, she would earn the same amount, 124. therefore, julie earned 124 in september and october combined. </s> T: you already did many things right. but let's think again. if julie already earned 124 for september, why would the amount not increase by working one more month?",probing
"S: sure. i used the information given in the problem to calculate that 25 of the people aimee polled were women who opposed the idea. then, i set up an equation to solve for x, which is the total number of people she polled. 0.25x 39, so x 39 0.25, which is equal to 156. </s> T: we know that 65 39 women. do you know how to find 100 using this information?",probing
"S: sure. i started by cutting the pizza in half, which gave me 2 x 40 2 40 slices. then i cut these halves in half again, giving me 4 x 40 4 40 slices. so, i had 40 slices in total. then, i subtracted 1 slice because 1 slice fell off when lard picked it up, giving me 40 - 1 39 slices left. lastly, i gave jelly one of the slices, so jelly got 1 slice out of the 39 slices left. </s> T: let's focus on the slices of pizza. how many slices are there if the pizza is cut once in half?",focus
"S: sure. i started by figuring out how many trains max had before his parents gave him more. i knew he got 1 train for each of his 5 birthdays, so i multiplied 1 x 5 to get 5 trains from birthdays. then i knew he got 2 trains for each of the 5 christmases, so i multiplied 2 x 5 to get 10 trains from christmases. that meant he had 5 10 15 trains before his parents gave him more. then i knew his parents gave him double the number of trains he had, so i multiplied 15 x 2 to get 30 trains. so max has 30 trains now. </s> T: if i have 15 trains in one hand and double that number in my other hand, how many trains do i have altogether?",probing
"S: sure. i figured that harry needed to buy 2 packs of 10 balloons, which would give him 20 balloons in total. then he would need to buy 4 more individual balloons to get to 14. so i calculated that 2 packs of 10 balloons cost 2 x 3 6 and 4 individual balloons cost 4 x 0.5 2. so, the total cost was 6 2 8. </s> T: ok, let's go back to the question. if harry needs 14 balloons, how many packs of 10 does he need?",focus
"S: yes, i think the answer is 2 miles. the second week she ran 4 miles plus 3 extra miles, for a total of 7 miles. the third week she ran 9 7 of what she ran in the second week, which is 9 miles. then in the fourth week, she reduced her running time by 5 miles, so she ran 2 miles. </s> T: ok, you are right up to your last step. if she ran 9 miles in the third week, and 5 miles less in the fourth, how many miles did she run in the fourth week?",focus
"S: hi, i thought that since dr. bronner's liquid soap can make twice as many bubbles per ounce as dawn liquid soap, then one half ounce of the equal mixture would make 0.5 x 2 1 ounce of the equal mixture. then i multiplied 200,000 by 2 to get 400,000 bubbles per ounce for dr. bronner's liquid soap and added that to 200,000 for dawn liquid soap to get 600,000 bubbles. then i multiplied 600,000 by 0.5 to get 300,000 bubbles for one half ounce of the equal mixture. </s> T: if i have 1 ounce of soap that makes 20 bubbles, how many bubbles will i get if i only use half of the soap?",probing
"S: yes, i think the answer is 4000. cecil has 600, catherine has 250 less than twice as much as cecil, and carmela has 50 more than twice cecil's money. so, altogether they have 600 950 2450 4000. </s> T: ok you're right about what catherine has. let's look at how much carmela has. what does the question say that she has?",focus
"S: yes, i think my answer is correct. i cut the pizza in half, giving me 2 x 40 2 40 slices. then i cut these halves in half again, giving me 4 x 40 4 40 slices. so, i have 40 slices in total. if 1 slice falls off, then i have 40 - 1 39 slices left. i give jelly one of the slices, so she gets 1 slice out of the 39 slices left. </s> T: ok, some of your reasoning is correct but you seem a bit confused. let's work through this step by step. firstly, you seem to be confused by the difference between slices of pizza and slices of pepperoni. so let's start with the pizza. how many slices of pizza are there in total?",focus
"S: sure. i started by figuring out how many gnomes had blue hats. i knew that three-fourths of the gnomes had red hats, so i divided 28 by 4 to get 7. then, i knew that half of the gnomes had big noses, so i divided 28 by 2 to get 14. since 6 of the gnomes with blue hats had big noses, i subtracted 6 from 14 to get 8. finally, i subtracted 8 from 28 to get 20, which is the number of gnomes with red hats that have small noses. </s> T: let's try to start calulating how many nomes have big noses.",focus
"S: yes, my solution is that juan reads 500 pages in an hour. he takes 4 hours to move from his office to grab lunch, and the time he takes to read the book is 8 hours, so 500 pages in an hour. </s> T: can you talk me through your workings?",generic
"S: sure. first, i calculated how much pablo earns from reading each book. since he earns 1 cent for each page, and each book is 150 pages, he earns 150 x 0.01 1.5 for each book. let's call the number of books he read ""b"". so, his earnings are also equal to b x 1.5. we know that his earnings from reading books plus his 3 leftover equals 15 worth of candy, so we can write an equation b x 1.5 3 15. subtracting 3 from both sides b x 1.5 12. dividing both sides by 1.5 b 8. therefore, pablo read 8 books. </s> T: okay, i can see you have over complicated this, let's work backwards. can you tell me how much money pablo had altogether?",probing
"S: sure. after 20 minutes, there were 50 30 80 racers. after another 30 minutes, the total number of racers doubled to 80 x 2 160 racers. so, 160 - 130 30 racers did not finish the race. therefore, the total number of people who dropped before finishing the race was 50 30 80 people. </s> T: okay, please could you tell me why you added an extra step at the end '50 30 80 people.'",probing
"S: sure! i started by figuring out how many marbles betty kept. since she gave 40 of her collection to stuart, she kept 100 - 40 60 of her marbles. then i used that percentage to figure out how many marbles she had, which was 60 of 60 marbles 0.6 x 60 36 marbles. finally, i subtracted that number from the number of marbles stuart had after receiving 40 of betty's collection, which was 80 marbles. so, 80 - 36 44 marbles. </s> T: okay, that's not the correct answer, let's start at the beginning. let's start by calculating what 10 of betty's 60 marbles is",probing
"S: sure. mike buys 6 rose bushes at 75 dollars each, so he spent 6 x 75 450 dollars on rose bushes. he gave 2 rose bushes to his friend, so he kept 6 - 2 4 rose bushes for himself. he also buys 2 tiger tooth aloes for 100 dollars each, so he spent 2 x 100 200 dollars on tiger tooth aloes. therefore, he spent 450 200 650 dollars on plants for himself. 650 </s> T: i see, i can see you have calculated the total money mike spent, but you have forgotten to subtract something, can you read the question again and try and work this out?",probing
"S: sure! i started by thinking that earl went up 5 floors and then down 2 floors, so he ended up 5 - 2 3 floors higher than his starting point. then he went up 7 floors, so he was 3 7 10 floors higher than his starting point. since he was 9 floors away from the top of the building, the building has 10 9 19 floors in total. </s> T: okay, i can see that your math is sound, but you have forgotten something. could you read the question again paying close attention to the first sentence?",probing
"S: sure! i started by figuring out how many servings were in one box. i found that each box contains three bars, so that's 1.5 servings. then, i multiplied that by the number of people, which was 6, so that gave me 9 servings. to buy 9 servings, i had to buy 6 boxes, which cost 6 x 7.50 45. finally, i divided the total cost by the number of people, which was 6, so each person would need to pay 7.50. that's 7.50 2 bars 3.75 per person. </s> T: thats a good way of working it out",generic
"S: sure! i started by finding how many marbles archie had after losing 60 of them. i figured that if he has 20 left, that means he has 100 - 60 - 50 40 of his original marbles. then i figured that 40 represents 20 marbles, so 1 represents 20 40 0.5 marbles. finally, i concluded that 100 represents 0.5 x 100 50 marbles. </s> T: great. lets start by working out the number he lost in the sewer. if he lost half of the marbles leaving 20?",probing
"S: yes, i started by calculating the time it takes to get to each floor. i took 15 seconds to get to the 2nd floor, then added 9 seconds for each odd-numbered floor and 15 seconds for each even-numbered floor. i added up all the times to get 111 seconds, and then divided by 60 to get 1.85 minutes. </s> T: does the question say it is 9 seconds more to get to odd numbered floors?",probing
"S: sure, i calculated that coral read 30 pages on night 1, and 2 less than twice that on night 2, which is 58 pages. then i added the two numbers together and got 88 pages. then i added 3 more pages to that and got 91 pages in total </s> T: does the question ask you how many pages in total?",focus
"S: sure. i started by calculating how many pages jim reads at his original speed, which is 40 pages per hour times 7 hours, which equals 280 pages per week. then i multiplied his original speed by 150 , which is 1.5, to get his new speed of 60 pages per hour. then i subtracted 4 hours from the 7 hours he originally read to get 3 hours, and multiplied that by his new speed of 60 pages per hour, which equals 180 pages per week. finally, i added the 280 pages he read at his original speed to the 180 pages he reads at his new speed to get a total of 460 pages per week. </s> T: great, lets take this step by step. first we want to find out many pages jim reads originally in a week. how do we find this out?",probing
"S: sure. i started by adding the initial 50 racers to the 30 that joined after 20 minutes, which gave me a total of 80 racers. then i doubled that number to get 160 racers. then i subtracted the 130 racers that finished the race from the 160, which gave me 30 racers that did not finish the race. finally, i added the initial 50 racers to the 30 that joined after 20 minutes to get the total number of people who dropped before finishing the race, which was 80. </s> T: great! you got the right answer but you've gone to far in your workings. let's look at an example. if 10 people are at a restaurant, after an hour 30 more join, after 30 minutes the diners doubled. at closing there are 70 people. how many people left before closing?",probing
"S: i figured out that the hare would run the 20-foot race in 2 seconds, and then i figured out that the turtle would need 18 seconds to finish the race. so, i divided 18 seconds by 2 to get the head start the turtle would need to finish in a tie, which was 9 seconds. </s> T: how did you calculate the turtles time?",focus
"S: sure, i started by calculating the total number of tractor-days. the two tractors worked for 2 days for a total of 2 2 4 tractor-days. similarly, the seven tractors worked for 3 days for a total of 7 3 21 tractor-days. together, the tractors worked for 4 21 25 tractor-days. next, i calculated the number of acres that need to be planted per day to meet the deadline. to plant 1700 acres in 5 days, they need to plant 1700 5 340 acres per day. finally, i calculated the number of acres each tractor needs to plant per day. therefore, each tractor needs to plant 340 25 13.6 acres per day rounded to one decimal place . </s> T: great so we know that they are working at a total of 25 tractor days. how do we then find the acres each day by looking at the total acres and tractor days?",probing
"S: i first figured out that governor sandoval gave 12 2 6 commencement addresses in the first term. then i figured out that governor sloan gave 12 10 22 commencement addresses in the same amount of time. lastly, i figured out that governor hawkins gave 6 2 3 commencement addresses in the first term. so, altogether, the three governors gave 6 22 3 31 commencement addresses. </s> T: how many did governor sloan give?",focus
"S: sure. first, i let x be the number of books in the first level. then, i used the given information that each level has 80 as many books as the previous level to calculate the number of books in each level. i multiplied 0.8 by itself the number of levels, which gave me 0.8 3x 64. solving for x, i got x 100. so the first level has 100 books, the second level has 80 books, the third level has 64 books, and the fourth level has 64 books. finally, i added all these numbers together to get the total number of books in the pyramid, which is 100 80 64 64 308. </s> T: great. this is good but let's take it step by step to narrow it down. we know that the top level has 64, and the third level must have 20 extra of that. how would we find this?",probing
"S: sure. i started by finding 1 3 of the total players, which is 24 3 8 players. then i multiplied that number by 1 goal per game and 15 games, which gave me 8 x 1 x 15 120 goals. i then subtracted 120 from the total goals scored 150 to get 30 goals. finally, i divided 30 by the total number of players 24 to get an average of 1.875 goals per player. i then multiplied that number by 16 players and 15 games to get a total of 450 goals scored by the other 16 players. </s> T: how does it make sense for 16 players to score 450 goals, when the total goals in the season were 150 only? do you see the mistake?",focus
"S: sure. i started by subtracting 2 from 30, since two tourists were eaten by anacondas. this left 28 tourists. then i divided 28 by 2, since half of the remaining tourists tried to pet the poisonous dart frogs and got poisoned. this left 14 tourists. then i multiplied 14 by 1 7, since only 1 7 of the poisoned tourists recovered. this left 2 tourists. finally, i subtracted 2 from 14, since this is how many tourists were left at the end of the tour. so the answer is 12. </s> T: why did you subtract at the end?",focus
"S: the cost of almond butter is three times the cost of peanut butter, so i multiplied 3 by 3 to get 9. since it takes half a jar of almond butter to make a batch of cookies, i divided 9 by 2 to get 4.5. since it takes one jar of peanut butter to make a batch of cookies, i just used the cost of one jar, which is 3. to find the difference in cost, i subtracted 3 from 4.5 to get 1.5. so it costs 1.5 more per batch to make almond butter cookies instead of peanut butter cookies. </s> T: how much is the almond butter",probing
"S: jaco needs to buy gifts for 8 friends, each worth 9. this means that he will spend a total of 8 x 9 72. he also needs to buy gifts for his mother and father, which will cost another 9 x 2 18. therefore, jaco's total budget for all the gifts is 72 18 90. since jaco has a budget of 100, he has 100 - 90 10 left for his mother and father's gift. so, jaco's budget for each of his mother and father's gift is 10 </s> T: how much are his friends gifts",probing
"S: the students contributed a total of 20 x 5 100. this is the amount each student contributed. the total amount for the field trip is 20 x 7 140. this is the amount needed to cover the cost of the field trip for each student. including the 50 they raised, the total amount available for the field trip is 50 100 140 290. this is the total amount available for the field trip. after paying for the field trip, there is 290 - 140 150 left in miss grayson's class fund. this is the amount left after the field trip costs were paid. </s> T: how much did they have in total before paying for the trip",probing
"S: i used the fact that each roll of wrapping paper can wrap 5 shirt boxes or 3 xl boxes, so it can wrap the same as 5 3 8 boxes. then i calculated that harold needs to wrap 20 shirt boxes and 12 xl boxes, which is a total of 20 12 32 boxes. so i divided 32 by 8 to get the number of rolls of wrapping paper he needs, which is 4. finally, i multiplied 4 by 4.00 to get the total cost of 16. </s> T: how many shirt boxes can 1 roll wrap",probing
"S: sure! i started by calculating how many quarts were in the hot tub, which is 4 x 40 160 quarts. then i figured out how many bottles of champagne jackson needs, which is 160 4 40 bottles. then i calculated the original cost of 40 bottles of champagne, which is 40 x 50 2000. after that, i figured out that jackson gets a 20 discount, so he only needs to pay 80 of the original cost. so he spends 80 x 2000 1600 on champagne. does that make sense? </s> T: this doesn't make sense. if there are 160 quarts in the tub and each bottle holds 1 quart, how many bottles are needed?",focus
"S: sure. a jar of almond butter costs 3 times as much as a jar of peanut butter, so that's 9. it takes half a jar of almond butter to make a batch of cookies, so that's 9 divided by 2, which is 4.5 per batch. a jar of peanut butter costs 3 and it takes one jar to make a batch of cookies, so that's 3 per batch. so it costs 4.5 - 3 1.5 more per batch to make almond butter cookies instead of peanut butter cookies. </s> T: there seems to a mistake in here. how much of a jar of peanut butter is needed to make a batch of cookies?",generic
"S: sure. i started by calculating how much it would cost to rent the white cars for 3 hours. that's 2 x 180 360. then i calculated how much it would cost to rent the red cars for 3 hours, which is 3 x 180 540 per car. so for the three red cars, it would be 3 x 540 1620. adding the cost of the white cars, that would be 1620 360 1980. so lori earned a total of 1980. </s> T: there seems to be a mistake here. did you calculate the rent for 2 white cars?",focus
"S: sure. i started by calculating the number of texts he sent asking why jennifer wasn't responding. that was 5 x 5 25 texts. then i added the initial 5 texts about the grocery shopping to get a total of 30 texts before the last set. for the last set, i used 10 100 x 30 3 texts. so the total number of texts he sent was 30 25 3 58. </s> T: there seems to be a mistake here. don't you think 25 texts are already included in the 30 texts you added?",focus
"S: sure. i started by simplifying the ratio of coins that elsa has to that which amalie has to 2 9. then, i let x be the number of coins elsa has. since the total number of coins they have is 10x, i knew that 10x 440. therefore, x 44. this means that amalie has 9x 9 44 396 coins. she spends 3 4 of what she has on toys, so she spends 3 4 x 396 297 coins. finally, she will remain with 396 - 297 99 coins. </s> T: can you work this out without using algebra?",generic
"S: sure. i started by figuring out how many tadpoles there were. since there were five frogs and three times as many tadpoles, i multiplied 5 x 3 to get 15 tadpoles. then i figured out how many frogs there would be when the tadpoles grew up. two-thirds of the tadpoles would survive, so i multiplied 15 x 2 3 to get 10 frogs. since the pond can only sustain eight frogs, i subtracted 8 from 10 to get 2, which is the number of frogs that will have to find a new pond. </s> T: remember, there are already some frogs living in the pond",focus
"S: sure, i started by calculating the cost of the mr. and mrs. martin's regular scoops. that was 2 x 4 8. then i calculated the cost of the two children's kiddie scoops, which was 2 x 3 6. finally, i calculated the cost of the three teenage children's double scoops, which was 3 x 6 18. so in total, mrs. martin pays 8 8 6 6 18 46 to the cashier. </s> T: check how many numbers are in your final calculation",focus
"S: sure, i started by calculating the cost of the three shirts. the first two shirts were full price at 10 each, and the third shirt was discounted at 60 , so it was 10 x 0.6 6. so the total cost of three shirts was 10 10 10 - 6 24. then i subtracted the total cost from the original cost, which was 10 x 3 30. so the total savings was 30 - 24 6. </s> T: what discount should the second shirt have?",focus
"S: sure. in seven years, talia will be 20 years old, so she is currently 20 - 7 13 years old. talia's mom is currently three times as old as talia is today, so she is 3 x 13 39 years old. in three years, talia's father will be the same age as talia's mom is today, so he will be 39 3 42 years old. therefore, talia's father is currently 42 - 3 39 years old. </s> T: think again about this part... in three years, talia's father will be the same age as talia's mom is today. what calculation should you do?",focus
"S: sure! i started by figuring out how much the company increased its production by. since they increased it three times more, i multiplied the original production of 7000 by 3, which gave me 21000. then i figured out that there were 31 days in march, so i multiplied 21000 by 31 to get the total production for the month, which was 651000. </s> T: remember they increased production by 3 times. the original amount would still be included.",probing
"S: sure. i started by counting the number of seasons, which was 9. then i subtracted 1 from that to get the number of seasons with 22 episodes each, which was 8. so i multiplied 8 by 22 to get 176, which was the number of episodes in those 8 seasons. then i added 4 to 22 to get the number of episodes in the last season, which was 26. finally, i added 176 and 26 to get 202, which was the total number of episodes. then i multiplied 202 by 0.5 to get 101, which was the total number of hours to watch all episodes after the last season finishes. </s> T: i can see your math is sound, but are you sure there are just 9 seasons all together? could you re-read the question carefully.",probing
"S: sure! i started by assuming that the amount of almond scent jill uses for one candle is ""x"". then, since she used up all her almond scent, i figured she must have made 10 almond candles. since she had 1.5 times as much coconut scent as almond scent, i concluded that she had 1.5x amount of coconut scent for one candle, and since she used up all her coconut scent too, i figured she must have made 10 coconut candles as well. finally, since jill made twice as many lavender candles as coconut candles, i concluded that she must have made 2 x 10 20 lavender candles. </s> T: okay, i can see you have got a little muddled. how would you calculate how many coconut candles were made?",probing
"S: sure. i started by figuring out how many classes david has each week. i knew it was two 3-hour classes and one 4-hour class, so i added them together and got 3 classes per week. then i multiplied that by the number of hours in each class, which was 3 4 7, to get 21 hours per week. finally, i added the 4 hours of homework to get 25 hours per week, and then multiplied that by the 24 weeks to get 600 hours. </s> T: in your second step you multiply the number of classes by the hrs, but will this help you figure out the number of hours david studies per week?",probing
"S: sure. the number of basketballs is 20 5 25. the number of soccer balls is 20 x 2 40. the number of baseballs is 20 10 30. the total number of soccer balls, basketballs, and baseballs is 40 25 30 95. therefore, the number of volleyballs is 145 - 95 50. </s> T: i can see that your math is sound, but you have missed a step. please look over the first part of the question carefully and see if you can self correct",probing
"S: sure, i started by figuring out how many classes chip takes notes for. i multiplied 5 classes by 5 days a week to get 25 classes. then, i multiplied 2 pages of notes per day by 5 days a week to get 10 pages of notes per day. i then multiplied 10 pages of notes per day by 5 days a week to get 50 pages of notes per week. after that, i multiplied 50 pages of notes per week by 6 weeks to get 250 pages of notes per week. finally, i multiplied 250 pages of notes per week by 6 weeks to get 1500 pages of notes in total. then, i divided 1500 pages of notes by 100 sheets of paper per pack to get 15 packs of notebook paper. </s> T: can you just check the steps of your solution? you seem to be multiplying by the number of weeks in both steps 4 and 5. is that correct?",focus
"S: sure, my solution was to calculate the net amount of water added to the tub in one minute, which was 11 2 5.5 liters. then i multiplied that by the total amount of water needed, which was 120 liters, to get the total time needed to fill the tub, which was 120 5.5 21.82 minutes. </s> T: not quite, i can see you have got a little muddled by the literacy in the question. let's break it down. can you tell me how many litres of water is in the tub after 2 minutes?",probing
"S: sure. i started by subtracting 2 from 8 to get the number of children max has that have the same number of children as he does. then i subtracted 1 from that number to get the number of grandchildren each of those children have. i multiplied that number by 6 to get the total number of grandchildren from those 6 children. then i added the two children who had 5 children each, which gave me an additional 10 grandchildren. so, the total number of grandchildren is 42 10 52. </s> T: i can see you have got the majority of the question correct. however, what was the purpose in subtracting 1 from 8?",probing
"S: sure, i started by calculating the total number of doors that the factory would have produced if they had not been affected by the metal shortages or the pandemic. i multiplied 200 cars by 5 doors, which gave me 1000 doors. then, i subtracted 50 cars from the original production to account for the metal shortages, which gave me 150 cars. i then multiplied 150 cars by 5 doors, which gave me 750 doors. finally, i multiplied the 750 doors by 0.5 to account for the pandemic, which gave me 375 doors. adding the 750 and 375 together gave me a total of 1125 doors. </s> T: think about how many cars they will be producing and go from there",focus
"S: sure, i started by calculating 40 of 80 students, which is 32 students. then, i called the number of students in class b ""b"" and subtracted that from the total number of students, which is 80. that gave me 80 - 32 - b 27 students. then, i remembered that class b has 21 students fewer than class a, so b 32 - 21 11 students. therefore, there are 27 students in class c. </s> T: your answer got class a is correct but try working out the number in class b next",focus
"S: sure. i started by figuring out how many people had blue eyes, which was 19. then i figured out that half of the remaining people had brown eyes, so i subtracted 19 from 100 and divided that number by 2 to get 40.5. i rounded down to 40 to get the number of people with brown eyes. then i divided the remaining number by 4 to get the number of people with black eyes, which was 20. finally, i subtracted 19, 40, and 20 from 100 to get the number of people with green eyes, which was 2. </s> T: can you recheck your approach here? does the problem ask you how many of the remaining people have brown eyes, or how many of the 100?",focus
"S: sure. janice earns 30 per day, so she earns 30 x 5 150 for working 5 days a week. for each overtime shift, she earns an additional 15, so she earns 30 15 45 for each overtime shift. since she works three overtime shifts this week, she will earn 45 x 3 135 from overtime. therefore, her total earnings for the week will be 150 135 285. </s> T: think again about how much she earns for each overtime",focus
"S: seth sure. i started by dividing the total number of balloons 672 by the number of groups 4 to get the number of balloons in each group 168 . then, i took half of the yellow balloons in each group, which is 1 2 x 168 4 21 yellow balloons. so, anya took home 21 yellow balloons. </s> T: think about how to find half. you appear to have divided by 4",focus
"S: sure. i figured that andy had to stop for 3 minutes at 4 red lights, so he lost 3 x 4 12 minutes. he also had to wait 10 minutes to get past construction, so his total delay was 12 10 22 minutes. if he left his house at 7 15, he should have arrived at school at 8 00, which means he had 45 minutes to get there. however, he was delayed by 22 minutes, so he will be late by 22 minutes. </s> T: how long in total did it take him to get there?",focus
"S: sure! i started by assuming that the size of oliver's alien baseball card collection was ""x"". then, i knew that oliver had twice as many monster club cards, so he had 2x monster club cards. i also knew that oliver's battle gremlins card collection was three times the size of his alien baseball card collection, so he had 3x battle gremlins cards. i set up an equation to solve for x x 2x 3x 48. i then solved for x, which was 8. so oliver had 2x 2 8 16 monster club cards. </s> T: ok, so the information tells us that oliver had 48 battle gremlins cards",focus
"S: sure! i started by calculating the total number of problems composed by each person. bill composed 20, ryan composed 40, and frank composed 120. then, i realized that since each person had to compose 4 different types of math problems in equal proportion, the total number of problems for each type would be 180 4 45. so, frank composed 3 x 45 135 problems of each type. </s> T: ok, we know that bill composed20, ryan 40 and frank 120. the question asks us to focus on frank",focus
"S: my solution was to let x be the length of the pen in centimeters. then, i subtracted 3 centimeters from x to find the length of the rubber. i then used the given information that the pen is shorter than the pencil by 2 centimeters and the pencil is 12 centimeters long to calculate the length of the pen. i found that the length of the pen is 12 - 2 10 centimeters, so x 10 2 12 centimeters. finally, i subtracted 3 centimeters from 12 centimeters to find the length of the rubber, which was 9 centimeters. i then added the length of the rubber, the pen, and the pencil altogether to get 33 centimeters. </s> T: what is the difference between the pen and the rubber",probing
"S: to solve this problem, i started by finding out how many candy bars nicole had. i knew that kevin had 4 candy bars less than nicole, so i added 4 and 16 to get 20 candy bars. then i knew that lena needed 5 more candy bars to have 3 times as many as kevin, so i divided 21 by 3 to get 7 candy bars. finally, i added 16 and 5 to get 21 candy bars for lena, and then subtracted 20 from 21 to get 1 candy bar more than nicole. </s> T: how many bars does lena have",probing
"S: to solve this problem, i first added the number of 3 and 4-year-olds together, which was 13 20 33. then i added the number of 5 and 6-year-olds together, which was 15 22 37. i then divided each of these totals by 2 to get the average class size for each group, which was 33 2 16.5 for the 3 and 4-year-olds and 37 2 18.5 for the 5 and 6-year-olds. finally, i added these two averages together and divided by 2 to get the overall average class size, which was 16.5 18.5 2 17.5. </s> T: so what is the total of all the year groups",probing
"S: my solution was to first assign a variable to the number of apple trees lily planted. i chose the variable ""l"". then, i used the given information that ava planted 3 more than lily to figure out that ava planted ""l 3"" trees. to find the total number of apple trees planted in their backyards collectively, i added the two numbers together, which was ""2l 3"". since we know that lily planted 9 trees, i substituted ""l"" with 9, so the equation became ""2 9 3"" which equals 21. therefore, they planted 21 apple trees in their backyards collectively. </s> T: how many trees did ava plant?",probing
"S: sure. when fatima cuts the cloth in half the first time, each piece will be 100 2 50 square inches. she plans on keeping one half, which is 50 square inches, and donating the other half, which is also 50 square inches. when she repeats this process again, she will donate another 50 square inches of cloth. therefore, in total, fatima will have donated 50 50 100 square inches of cloth. </s> T: you seem to have misunderstood the phrase, ""repeats the process"". it means that she would cut the 50 square inch of cloth with her once again and donate the half of it.",focus
"S: yes, i think my answer is correct. i started by calculating the total number of photos taken in bali. i took 50 photos in the first week, and twice that many in the second week, so that was 100 photos. for the third and fourth weeks, i took 80 photos in total, so that was 40 photos each week. so i added up all of these numbers and got 50 100 40 40 230 photos in bali. then i added this to the original collection of 100 photos, so i got 100 230 330 total photos under her bed. </s> T: yes, i think your answer is correct too. but the answer that is written in the solutions section says 380. can you see where the extra 50 photos are coming from?",focus
"S: sure! i started by figuring out how many days mr. johnson had taken the pills for. i multiplied 4 5 by 30 to get 24 days. then i subtracted 24 from 30 to get 6 days worth of pills. i then added 12 pills the amount he had left to 6 days worth of pills to get 30 pills initially. i then simplified the equation to 6d 18, and from there i got d 3, meaning mr. johnson is supposed to take 3 pills a day. </s> T: ok so you're right up to 6 days of pills, but then you're going wrong. what does the number 6 represent?",focus
"S: sure! i said that tony bought x pounds of cheese, so the cost of x pounds of cheese is 7x dollars. then, the cost of 1 pound of beef is 5 dollars, so the cost of x pounds of beef is 5x dollars. tony spent 7x 5x 12x dollars on cheese and beef. tony had 87 before buying cheese and beef, and 61 after buying them, so he spent 87 - 61 26 dollars on cheese and beef. so, i set up an equation 12x 26. solving for x, i got x 2.17 rounded to two decimal places . so, tony bought 2.17 pounds of cheese. </s> T: the equation seems to be a blunder. are you confident that tony brought equal amounts of beef and cheese as you have assumed the same variable x for both the quantities. this doesn't make any sense",focus
"S: sure. i started with the weight of the box and the first 2 pounds of jelly beans. so, the total weight is 2 2 4 pounds. then, i added enough brownies to triple the weight, which means the weight became 4 x 3 12 pounds. after that, i added another 2 pounds of jelly beans, bringing the weight to 12 2 14 pounds. finally, i added enough gummy worms to double the weight, which means the weight became 14 x 2 28 pounds. </s> T: ok, your workings are correct, but you have added an extra unit in your first step. read the question again. in the first step, how much do the box and the initial jelly beans weigh?",focus
"S: sure! on monday, daisy had 5 dog toys. on tuesday, she had 3 dog toys left after losing some, and her owner went to the store and got her 3 more, so she had a total of 6 dog toys. on wednesday, all of daisy's old and new dog toys were missing, so her owner went to the store and bought her 5 more. that means she had a total of 11 dog toys. if daisy's owner found all the lost dog toys, including the new ones, she would have a total of 11 dog toys 5 lost dog toys 16 dog toys. </s> T: ok, lets look at this step by step. on monday she had 5 toys, we ignore the fact that she lost some. her owner bought 3 more on tuesday, so we add 5 and 3",focus
"S: yes, sure. i calculated that the original 25 songs took 75 minutes and the 10 extra songs took 105 minutes, so the total time to finish all the songs in the album was 75 105 180 minutes. </s> T: ok, your first 2 calculations are correct. can you explain why you have added 75 and 105?",focus
"S: sure. the cost of a pair of jeans is 10 x 2 20. the clothing store will earn 20 x 20 400 from selling all pairs of jeans. the clothing store will earn 20 x 10 200 from selling all shirts. therefore, the clothing store will earn a total of 400 200 600 if all shirts and jeans are sold. </s> T: there seems to be a mistake in here. can you confirm how many pairs of jeans were sold?",generic
"S: sure. i divided 672 by 4 to find the number of balloons in each group, which was 168. then i multiplied 168 by 1 2 to find the number of yellow balloons in each group, which was 21. so anya took home 21 yellow balloons. </s> T: ok, you're right that the number of balloons in each group is 168. you go wrong after that. read the question again and tell me what do the 4 groups represent?",focus
"S: sure. i started by letting x be the amount each person saves per month. then i calculated that in one year, each person saves 12x and in three years, each person saves 3 12x 36x. since they are saving together, i multiplied 36x by 2 to get 72x. i then set that equal to the house's down payment of 108000 and solved for x. i found that x 108000 72 1500 per person per month. since they share the monthly savings, each person saves 1500 2 750 per month. </s> T: so they are saving 1500 per month per person so 3000 in total. why did you divide the monthly amount a second time?",focus
"S: sure. so, i started by saying that andy has x black socks. then, i said that he has 4x white socks. next, i said that if he loses half of his white socks, he will have 4x 2 2x white socks. after that, i said that if he has 6 black socks, then he has 2x 4 white socks. finally, i said that he has 4-6 -2 fewer white socks than black socks, so the answer is 0. </s> T: you assumed that there are x black socks ? then how can 2x be equal to 4 white socks for 6 black socks.",focus
"S: sure. i said that on wednesday glenn spends 5 x 2 10 per ticket and on saturday he spends 5 x 5 25 per ticket. so, he buys 1 ticket on wednesday and 2 tickets on saturday, for a total of 1 2 3 tickets. therefore, he spends 10 25 x 2 60 on movie tickets </s> T: so we know that glenn goes to the cinema on wednesday and saturday. he goes alone so only needs one ticket per day",focus
"S: yes, i subtracted the number of years between 1982 and 1985 3 years from the number of years his parents had been living in america 39 years to get the answer of 36 years. </s> T: let's revisit the question. what is it asking us to calculate?",focus
"S: deandre sure. i calculated that noah earned 480 for the large paintings last month and 120 for the small paintings. so his total sales last month was 600. then i calculated that if he sold twice as much this month, he sold 16 large paintings and 8 small paintings. his total sales this month would be 16 x 60 8 x 30 1440. </s> T: there's a much easier way. if you know he sold twice 600, how much did he sell this month?",focus
"S: mariana sure! karina's brother is currently 20 years old, so i subtracted 20 from 2021 to find the year he was born. i then simplified the equation to 2x 2001, which means x 1000.5. since x represents the year, i rounded up to the nearest whole number, which is 1001. </s> T: let's revisit the question and work out the current year in the question. can you do that?",focus
"S: yes, i multiplied 4 small pandas by 6.25 pounds of bamboo sprouts and 5 bigger pandas by 8 pounds of bamboo sprouts. then i added the two numbers together and got 65 pounds of bamboo sprouts. finally, i multiplied 65 by 7 to get the total amount of bamboo sprouts eaten by 9 pandas in a week, which is 455 pounds. </s> T: the question isn't very clear. it meant that the bears eat that amount each per day.",focus
"S: sure! first, i calculated how much money lisa's mother and brother gave her. her mother gave her 3 5 times of what she had saved, which is 3 5 1200 720. her brother gave her twice the amount her mother gave her, which is 2 720 1440. then, i added up the money lisa had after her mother and brother gave her money, which is 1200 720 1440 3360. after that, i subtracted 400 from the total amount of money lisa had, which is 3360- 400 2960. so, the price of the gift she wanted to buy is 2960. </s> T: that subtraction at the end seems to be mistake. let's try to understand it with something else. jack wants to buy a apartment and saves 14000 for it. he is still short of 1200. how much does the apartment costs?",probing
"S: mariana sure. i started by calculating the maximum amount of rum don can have for a healthy diet, which is 10oz x 3 30oz. then i subtracted the amount of rum don already had earlier that day, which was 12oz, to get the amount of rum he can have after eating all of the rum and pancakes. so 30oz - 12oz 18oz. therefore, don can have a maximum of 18oz of rum after eating all of the rum and pancakes. </s> T: you did a great job determining how much rum he can have in a day, and subtracting earlier that day. look back at the question, did he consume any other rum already that day?",focus
"S: sure, i calculated that john earns 3 x 400 1200 per month from subletting. his total monthly earnings from the apartment is 1200 900 2100. in a year, he earns 2100 x 12 25,200. but he also pays rent for the apartment, which is 900 x 12 10,800. therefore, his profit is 25,200 - 10,800 14,400 per year. </s> T: john earns 1200 a month from his renters. why did you add 900?",focus
"S: sure. i calculated that the cost of 1 pack of 500 ml milk is 1.30 2 0.65. so, the cost of 2 packs of 500 ml milk is 0.65 x 2 1.30. thus, the total cost for 10 sets of 2 packs of 500 ml milk is 1.30 x 10 13. if we buy 10 sets of 2 packs of 500 ml milk, the cost will be 2.50 x 10 25. therefore, our total savings is 25 - 13 12. </s> T: oka, first we need to conisder that the 2 pack costs 2.50, so how much would that make each bag of milk in the two pack?",focus
"S: sure. i started by calculating the cost of one birdhouse. i multiplied 7 pieces of wood by 1.50, which equals 10.50. then, i subtracted the profit of 5.50 from the cost of the wood, which equals 5. so, the cost of two birdhouses would be 5 x 2, which equals 10. therefore, denver will charge danny 10 for two birdhouses. </s> T: i like how you determined that it would cost 10.50 to make one birdhouse. and we know the profit is 5.50. but we need to determine how much he would sell one birdhouse for.",focus
"S: sure. i started by finding the length of the lake. we know that the boat traveled at 10 mph for 2 hours, so it covered a distance of 10 x 2 20 miles. since the lake is square, its width must also be 20 miles. next, i used the formula for the area of a square, which is side x side, or in this case, length x width. so the area of the lake is 20 x 20 400 square miles. </s> T: i agree, that the lake is 20 miles across. we need to consider that it takes 30 mins to cross the width. how long would it take to cross the length?",focus
"S: sure! i started by figuring out how many steps elliott took on his walks to and from school, which was 10,000 2 5000 steps. then i added the 1,000 steps he took with his friend, which was 5000 1000 6000 steps. after that, i subtracted the 6000 steps from his goal of 10,000, which was 10,000-6000 4000 steps. so in total, he took 4000 steps during his jog. </s> T: that's a great start - well done! have another look at the question though - do you think you missed out any steps?",generic
"S: sure! to peel a potato, it takes 1.5 minutes or 90 seconds. so, to peel 60 potatoes, it will take 90 x 60 5400 seconds. to cut up a potato, it takes 5 seconds. so, to cut up 60 potatoes, it will take 5 x 60 300 seconds. therefore, it will take billy a total of 5400 300 5700 seconds to finish prepping the potatoes. </s> T: can you convert 5700 seconds to minutes?",focus
"S: sure! i started by figuring out how many books elise sold in the first year. i assumed that number was x, and then i used the fact that she sold twice as many books in the first year as she has sold in the current year to calculate that x 2 45 90. then i figured out that the total books elise has sold in three years was 200 - 50 200. since we know that in the first year she sold 90 books, that means she sold 110 books in the second and third year. since each book sells for 20, i calculated that in the second year elise earned 110 x 20 2200. </s> T: that doesnt seem to be correct. can you please tell me how many books did she sell in the first and the current year in total?",focus
"S: sure. i started by realizing that wendi needs to give each chicken 3 cups of feed per meal. so for 20 chickens, she needs to give 3 x 20 60 cups of feed per meal. then i calculated that for the day, she needs to give 60 x 3 180 cups of feed. after that, i subtracted the 40 cups of feed she has already given in the morning and afternoon from the 180 cups of feed to get the amount of feed she needs to give in the final meal, which is 180 - 40 140 cups of feed. </s> T: you seem to have misunderstood the question. wendi needs to give each chicken 3 cups of feed per day. not per meal",focus
"S: my answer is that 29 people sang in the performance. i calculated that since 50 of the choir are girls and 50 are boys, there are 26 girls and 26 boys in the choir. since half of the choir can't make it to the show, only 26 people can perform. since the teachers decided to sing with them, then there are 26 3 29 people who sang in the performance. </s> T: okay, remember you are only looking at the girls. half of the girls can't make it not half of the choir",focus
"S: sure, so i started by figuring out how much money billy had left to spend on candy after buying the gumballs. he had 10 to start with, and spent 0.05 x 40 2 on gumballs, so he had 5 - 2 3 left to spend on candy. then i figured out how many pounds of candy he could buy with that amount of money. he could buy 3 1.5 per pound 2 pounds of candy. therefore, billy bought 2 pounds of candy. </s> T: okay, let's try a different approach. you've correctly identified the 2 spent on gumballs. and that he had 4 change. so how much did he spend on candy?",focus
"S: morgan has 90 - 5 arcade tokens 85 left to spend on mini-golf and go-karts. playing mini-golf costs 5 per person, and she wants to ride the go-karts twice which costs 10 per ride. so, it will cost 5 10 x 2 25 per person. therefore, morgan can invite 85 25 3.4 friends. she can only invite 3 friends since she cannot invite a fraction of a person. 3 </s> T: okay - don't forget that each guest needs 5 for ae rcade tokens",focus
"S: to peel a potato, it takes 1.5 minutes or 90 seconds. so, to peel 60 potatoes, it will take 90 x 60 5400 seconds. to cut up a potato, it takes 5 seconds. so, to cut up 60 potatoes, it will take 5 x 60 300 seconds. therefore, it will take billy a total of 5400 300 5700 seconds to finish prepping the potatoes. 5700 </s> T: yes - now focus on the question. it is asking you how long it'll take in minutes to prep the potatoes",focus
"S: ayisha i calculated that each ticket cost 6.75 dollars. then i subtracted 4.50 from that to get the amount they spent on food which was 2.25 dollars. then i multiplied 33 dollars by 2 rides to get the amount they spent on rides which was 66 dollars. then i added all the costs together which was 20.25 2.25 66 88.5 dollars. then i divided this by three to get the amount each of them paid which was 88.5 3 29.5 dollars. </s> T: okay, double check how much the food costs",focus
"S: sure. to solve this problem, i started by calculating how many candles charlie can make from one pound of beeswax. i found that he can make 10 candles. then, i calculated the cost of supplies per candle, which is 10.00 divided by 10, which equals 1.00. after that, i found the profit per candle, which is 2.00 minus 1.00, which equals 1.00. finally, i calculated the total profit by multiplying the profit per candle by the number of candles sold, which is 20 candles. so, the total profit is 1.00 x 20, which equals 30.00. </s> T: there seems to be a misunderstanding here. are you sure that his total cost for supplies was 10?",focus
"S: mariana sure. i started by calculating the rewards the customer earned on their last shopping trip. they spent 80, so they earned 80 20 4 rewards. then i multiplied 4 rewards by 1 to get the total amount of rewards, which was 4. i then applied the coupon that took twice the amount of rewards off the price, so it took 4 x 2 8 off the price. the original price of the items was 43 4 47. after the coupon and rewards were applied, the customer paid 47 - 8 39. </s> T: if i purchase a bicycle worth 100 and have a coupon of 24 and rewards worth 6 , how much do i actually pay for it?",probing
"S: sure! i started by realizing that each new record is worth two old records. so, the 7 new records would be worth 7 x 2 14 old records. then, i realized that the 5 people brought in a total of 14 old records, so each person brought in an average of 14 5 2.8 old records. since each person can only trade in whole records, each person brought in 2 old records. therefore, the 5 people brought in a total of 2 x 5 10 old records. </s> T: that's a mistake there. you are not supposed to average out records per person.",focus
"S: sure. i started by calculating the total interest she has to pay, which is 3,650 x 10 100 x 5 1825. then i added the total interest to the original amount borrowed, which was 3,650 1,825 5475. finally, i divided the total amount by the number of months, which was 5, to get the amount she has to pay per month, which is 5475 5 1095. </s> T: there seems to be a mistake here. one doesn't calculate the interest every month",focus
"S: sure. i started by subtracting the 5 for the arcade tokens from the 90 budget, so i had 85 left. then i calculated that it would cost 5 for mini-golf and 10 for two rides on the go-karts, so it would cost 25 per person. i divided the 85 by 25 and got 3.4, so i concluded that morgan could invite 3 friends. </s> T: there seems to be mistake in here. could you please tell me how much money would it cost for a person to go through arcade tokens, mini golf and go-karting?",focus
"S: hi, i started by figuring out how many hotdogs the caterer prepared. i knew that he prepared enough for half of the guests to have two hotdogs each, so i multiplied 18 by 2 to get 36. then i subtracted 18 from 40 to figure out how many guests didn't get a second hotdog. </s> T: i think you're on the right track, but i see one small mistake at the beginning of your answer i think the question was a bit unclear. let me ask you a silly question -- do you think it would be a very good party if only half the guests were able to eat?",generic
"S: sure. i started by calculating the total interest she has to pay. i multiplied the amount borrowed 3,650 by the interest rate 10 and the number of months 5 . this gave me a total interest of 1,825. then, i added the total interest to the amount borrowed, which gave me a total amount of 5,475. finally, i divided this total amount by the number of months 5 to get the amount she has to pay per month, which is 1,095. </s> T: you seem to have misunderstood the question. the interest that karan has to pay is not calculated for 5 months. it is fixed at the time of borrowing at 10",focus
"S: sure. if 5 of the candles have a defect that makes them smell like wet dog, then 95 of the candles don't have that defect. so, out of 50000 candles, 95 of them won't smell like wet dog, which is 0.95 x 50000 47500 candles. out of the 47500 candles that don't smell like wet dog, 1 of them will still explode, which is 0.01 x 47500 475 candles. therefore, there will be 475 candles that both smell like wet dog and explode. </s> T: that is a complete misunderstanding of the question. you have assumed that 5 of the total candles smell like wet dog. but the question mentions 5 of the defective candles smell like wet dog. do you see your mistake?",focus
"S: sure! so, i started by letting ""f"" represent the number of fish in each aquarium. then, i used the information given in the problem to set up the equation 28 2f. after simplifying, i got f 14, so i concluded that there are 14 fish in each aquarium. </s> T: there seems to be mistake here. what is total number of fishes in both the aquarium if one has f and both have equal number?",focus
"S: sure. i started by adding up the scores on the first five tests which gave me a total of 438. then i figured out that in order to get an average of 93 for six tests, i needed a total of 93 x 6 558 on all six tests. after that, i subtracted my lowest score of 71 from the total of the first five tests which gave me a total of 367. finally, i subtracted 367 from 558 which gave me a total of 191, which is the score that brinley needs to get an average of 93. </s> T: there seems to be misunderstanding here. brinley is allowed to remove one test score. so, the average should be on 5 tests. isn't it?",focus
"S: sure. i started by figuring out how many books elise sold in the first year. i assumed that number was x, and then i used the fact that she sold twice as many books in the first year as she has sold in the current year to solve for x. i found that x was equal to 2 45 , which is 90. then i subtracted the number of unsold books 50 from the total number of books 250 to get the total number of books sold in three years 200 . since we know that in the first year she sold 90 books, we can subtract that from the total number of books sold to get the total number of books sold in the second and third year 110 . finally, i multiplied the number of books sold in the second year 110 by the price of each book 20 to get the total amount of money she earned in the second year, which is 2200. </s> T: how many books did she sell in the second and current year?",focus
"S: sure. i started by adding up the total number of pages solo needs to read, which is 4 20 7 8 39 pages. then i subtracted the number of pages he already read, 15 pages, so i was left with 24 pages. finally, i divided 24 by the number of days he has left, 5 days, to get an average of 4.8 pages per day. </s> T: well that doesn't look to be correct. lets see something else. rocky needs to run 80 km in 5 days. if he runs 20 km on the first day, how much should he run in one day on average to complete his goal?",probing
"S: sure. first, i calculated the increase in value due to the repairs, which is 150 of the original value, or 150 100 x 80,000 120,000. then, i added the cost of the house and repairs, which is 80,000 50,000 130,000. finally, i subtracted the cost of the house and repairs from the total value of the house after repairs, which is 250,000 - 130,000 120,000. </s> T: this seems to be a wrong solution. let's see something else. let's say i buy an old bike worth 20, repair it for 5 and sell back at a 50 more than the original value. what is the profit i amde?",probing
"S: sure. i started by figuring out how many gallons of gas were left in the tank. i knew that sophia had used 4 gallons, so i subtracted 4 from 12 to get 8 gallons. then, i figured out how many miles sophia could drive with 1 gallon of gas. i knew that she had driven 100 miles with 4 gallons, so i divided 100 by 4 to get 25 miles per gallon. finally, i multiplied 25 by 8 to get 200 miles, which is the total number of miles sophia can drive on a single tank of gas. </s> T: excellent, so we know that sophia has 25 miles to the gallon. how many gallons does her car hold?",probing
"S: sure. i calculated that each person consumes 0.2 kg of rice per meal, so 5 people would consume 0.2 x 5 2 kg of rice per meal. then, i divided the 42 kg bag of rice by 2 kg to get the number of meals the bag would last, which was 42 2 21 meals. finally, i divided 21 meals by the number of meals in a week, which is 14, to get the number of weeks the bag would last, which was 21 14 1.5 weeks. </s> T: great, so we know that each person eats 0.4kg of rice everyday ad that for all the family 2kg of rice is consumed everyday. how would we find their weekly consumption?",probing
"S: i started by figuring out how much weight joey loses per week. i divided 8 pounds by 4 weeks, which gave me 2 pounds per week. then, i multiplied 2 pounds per week by 4 weeks to get 8 pounds, which is the same amount of weight joey lost in 4 weeks. finally, i multiplied 4 weeks by 2 pounds per week to get 8 weeks, which is the amount of time it will take sandy to lose the same amount of weight as joey. </s> T: to match joey we need to divided sandy's 2 pounds by 4",probing
"S: i started by looking at the money billy had, which was 10. i then figured out that since he spent half his change on gumballs, he would have 5 left to buy candy. i then calculated how much he spent on gumballs, which was 0.05 x 40 2. i subtracted that from the 5 to get 3, which is how much he had left to spend on candy. finally, i divided 3 by 1.5 per pound to get 2 pounds of candy. so, billy bought 2 pounds of candy </s> T: how much did the gumboils cos",probing
"S: sure. i started by calculating the number of candles that don't smell like wet dog. since 5 of the candles have the defect, 95 of the candles don't have the defect. so, out of 50000 candles, 95 of them won't smell like wet dog, which is 0.95 x 50000 47500 candles. then, i calculated the number of candles that will explode. out of the 47500 candles that don't smell like wet dog, 1 of them will still explode, which is 0.01 x 47500 475 candles. so, in total, there will be 475 candles that both smell like wet dog and explode. </s> T: excellent, lets look at this step by step. we want to know how many are likely to explode. how do we find this out?",probing
"S: i started with the opening bid of 200 and then added 50 for each subsequent bid. since there were 3 other people who each bid once, i added 50 three times, which brought the total to 350. so the desk cost carmen 350 </s> T: tell me the order of the bids",probing
"S: sure, i started by calculating the total interest that karan had to pay. i multiplied the principal amount of 3,650 by 10 and then multiplied the result by 5 months. this gave me 1,825 as the total interest. then, i added the principal amount of 3,650 to the total interest of 1,825 to get the total amount that karan has to pay back, which is 5,475. finally, i divided the total amount by 5 months to get the amount that karan has to pay each month, which is 1,095. </s> T: excellent, let's do this step by step. first we want to find the additional 10 interest rate on top of the 365 each month. if i had to pay 20 per month with a 10 interest rate how much would i pay?",probing
"S: to solve this problem, i first determined the total number of slots in the shelving system, which was 6 x 6 36. then, i let the number of books wendy needs to carry be represented by ""x"". since she wants to place 20 more than double the number of books, i expressed this as 2x 20 36. i then subtracted 20 from both sides to get 2x 16. finally, i divided both sides by 2 to get x 8, which is the number of books wendy needs to carry. </s> T: what is the capacity of the shelf",probing
"S: to solve this problem, i first calculated the total number of pages solo needs to read, which is 4 20 7 8 39 pages. then i subtracted the number of pages solo already read on monday, which was 15 pages. this left me with 24 pages that needed to be read in the remaining 4 days. to find the average number of pages per day, i divided the 24 pages by the 4 days, which gave me 4.8 pages per day. </s> T: how many pages to read",probing
"S: sure! i started by finding the number of shoplifters. i added 3 customers to four times that many minus 5, which equals 10 shoplifters. then, i multiplied 10 shoplifters by 3 to get the number of customers kicked out for violence, which was 30. finally, i added the 3 customers, 10 shoplifters, and 30 customers for violence to get a total of 43 customers. to find the number kicked out for other reasons, i subtracted 43 from the total of 50, which gave me 7 customers. </s> T: good. lets look at this one step at a time. we know that 3 people were kicked out for not wearing masks. we know that 4x as many except 5 were kicked out for shoplifting. how do we find this number?",probing
"S: hi! i understand that charlie needs to make and sell 20 candles. i know that for every pound of beeswax, he can make 10 tapered candles and that one pound of beeswax and the wicks cost 10.00 in supplies. so, i figured that charlie can make 10 x 1 10 candles from one pound of beeswax. the cost of supplies per candle is 10.00 10 1.00. charlie's profit per candle is 2.00 - 1.00 1.00. if he makes and sells 20 candles, charlie's total revenue is 2.00 x 20 40.00. his total cost for supplies is 10.00. his total profit is 40.00 - 10.00 30.00. </s> T: you've done rteally well on this and you're almost there but you've calculated the cost of supplies wrongly. how many lots of wax wicks did charlie need to buy?",probing
"S: sure! i first found the number of shoplifters by adding 3 customers and 3 x 4 - 5 shoplifters, which gave me 10 shoplifters. then, i multiplied 10 shoplifters by 3 to find the number of customers kicked out for violence, which was 30. finally, i added 3 customers, 10 shoplifters, and 30 customers kicked out for violence to get the total number of customers kicked out, which was 43. to find the number of customers kicked out for other reasons, i subtracted 43 from the total of 50, which gave me 7 customers. </s> T: just look again at your working out for the number of shoplifters",focus
"S: sure. i started by calculating the total interest karan has to pay, which is 3,650 x 10 100 x 5 1825. then i added the total interest to the original amount borrowed, which is 3,650 1,825 5475. finally, i divided the total amount by the number of months, which is 5475 5 1095 per month. </s> T: try working out the interest again",focus
"S: sure. i started by letting x be the total number of cards kenny started with. then, i realized that he kept 1 3 of them, so he sold 2 3 of them, which is 2 3x. he sold them for 1.5 each, so he earned 1.5 2 3x 3x 2 dollars. he wanted to end up with 50 spending cash, so he needed to earn 100 50 150 in total. therefore, 3x 2 150. to solve for x, i divided both sides by 3 2, which gave me x 100. so, kenny started with 100 cards. </s> T: first work out how much money he made selling the cards?",probing
"S: sure, i started by realizing that the bids were increasing by 50 each time. so i added 50 to the opening bid of 200 to get the second bid of 250. then i added 50 to that to get the third bid of 300, and then i added 50 again to get the fourth and winning bid of 350. </s> T: you've made a great start - well done. have you included all the bids in your calculations?",probing
"S: sure. i started by calculating how much money john earned from selling his lego sets. i multiplied 13 by 15 to get 195. then i calculated how much money he spent on video games. i multiplied 8 by 20 to get 160. i then subtracted 160 and 5 from 195 to get 30. since he sold each lego set for 15, i divided 30 by 15 to get 2. finally, i subtracted 2 from 13 to get 11. so, john still has 11 lego sets. </s> T: at the start you have assumed that he sold all the sets but at the end you said he still has 11 sets?",probing
"S: sure, on thursday the mechanic earned 6 x 60 360 for repairing truck tires and 4 x 40 160 for repairing car tires. so the total revenue on thursday was 360 160 520. on friday, the mechanic earned 12 x 40 480 for repairing car tires. so the revenue on friday was higher by 480 - 520 -40. </s> T: look again...the revenue was higher on thursday",focus
"S: sure. i started by letting x be the number of spoons julia bought. then i added 5 to x to get the total number of spoons. next, i subtracted 3 from the total number of spoons to get the number of spoons left. finally, i set up an equation and solved for x, which was 4. so julia bought a package of 4 spoons. </s> T: okay - you've overcomplicated this. let's start again. we know julia has 12 spoons when setting the table. we also know she used three whilst sampling her stew. how many is that altogether?",focus
"S: i started by noting that the first bid was 200 and each subsequent bid was 50 more, so the second bid was 200 50 250, the third bid was 250 50 300, and the fourth bid was 300 50 350. then i realized that carmen bid after each of the other 3 people, so she made 3 bids in total. therefore, i concluded that the desk cost her 350, since that was her winning bid. </s> T: okay, let's start again. if each bid adds 50 to the price and there were 3 bids - how much is added to the overall cost?",focus
"S: i started by calculating the total interest she has to pay, which is 3,650 x 10 100 x 5 1825. then i added the total interest to the original amount borrowed, which is 3,650 1,825 5475. finally, i divided the total amount by the number of months, which is 5475 5 1095 per month. </s> T: lets try it from a different angel. try 3,650 x 0.1 to calculate the interest",focus
"S: cody sure. i started by figuring out how much money billy had left to spend on candy. he had 10, and if he spent half his change on gumballs, he had 5 left to spend on candy and gumballs. he spent 0.05 x 40 2 on gumballs, so he had 5 - 2 3 left to spend on candy. then i divided 3 by 1.5 per pound to get 2 pounds of candy. so, billy bought 2 pounds of candy. </s> T: okay - let's revisit this by starting with how much he spent on gumballs",focus
"S: sure. i started by calculating the amount of data that had been downloaded before the restart. that was 0.4 x 200 80 gb. then i calculated how long it took to download that amount of data, which was 80 2 40 minutes. after that, i accounted for the 20 minutes that the restart took. finally, i calculated how long it would take to download the remaining data, which was 200 - 80 120 gb. that was 120 2 60 minutes. so, the total time it takes to download the file is 40 20 60 120 minutes. </s> T: so she had 40 mins of downloading time before the restart. then the restart took 20 mins",focus
"S: sure. i started with 80 post-it notes and used 220 at work. that left me with 23 post-it notes remaining. so i used a total of 80 220 - 23 277 post-it notes. since i bought a package of post-it notes, the number of post-it notes i bought is the difference between the total i used and the number i started with 277 - 80 197. </s> T: ok lets have a look at this step by step she started with 80 notes and also bought a pack on her way to work. so 80 x she used 220 on cups and had 23 remaining",focus
"S: sure! i started by calculating the number of glasses of water john drinks during the weekdays. i multiplied 4 glasses per day by 5 days to get 20 glasses of water. then, i calculated the number of glasses of water john drinks on the weekends. i added 3 glasses per day for the two days plus 1 glass for the soda to get 4 glasses of water per day. i multiplied 4 glasses per day by 2 days to get 8 glasses of water for the weekend. finally, i added 20 glasses of water for the weekdays and 8 glasses of water for the weekend to get a total of 28 glasses of water for the week. </s> T: ok, so we only need to count glasses of water. john has 4 glasses per day during the week so 4 5",focus
"S: mariana sure. i started by calculating how much rice each person consumes in each meal, which is 0.2 kg. then i multiplied that by 5 people to get the total amount of rice consumed in each meal, which is 0.4 kg x 5 2 kg. then i divided the total amount of rice in the bag 42 kg by the amount of rice consumed in each meal 2 kg to get the number of meals the bag of rice will last, which is 42 2 21 meals. finally, i divided the number of meals 21 by the number of meals in a week 14 to get the number of weeks the bag of rice will last, which is 21 14 1.5 weeks. </s> T: ok, lets work through this step by step. each person eats 0.2kg per meal. there are 5 people in the family, they eat rice for lunch and dinner. so our first calculation would be 0.2 10 5 lunch 5 dinner this will give us our amount per day",focus
"S: sure! i started by figuring out how much each ticket cost, which was 20.25 divided by 3, which is 6.75. then, i subtracted 4.50 from 6.75 to get the amount they spent on food, which was 2.25. then, i multiplied 2 rides by 33 dollars each to get the cost of the rides, which was 66 dollars. finally, i added all the costs together to get the total cost, which was 88.5 dollars. then, i divided this by three to get the amount each person paid, which was 29.5 dollars. </s> T: ok, theres an easier way to work out this calculation. firstly we can look at the total costs. so we have 20.25 for tickets, then 33 2 for the rides",focus
"S: sure. i started by figuring out that since 50 of the choir are girls and 50 are boys, then there are also 52 2 26 girls in the choir. then, i figured out that since half of the choir can't make it to the show, then only 26 people can perform. lastly, i added the 3 teachers who decided to sing with them, so there are 26 3 29 people who sang in the performance. </s> T: there seems to be a mistake here. can you confirm whether half the choir can't make it to the show or is it half the performing choir which are girls only? refer to the question",focus
"S: sure. i started by figuring out how many pencils jam had in her boxes. she had 26 pencils, but 2 of them were loose, so she had 24 pencils in her boxes. then i added the number of pencils jam had to the number of pencils meg had, which was 46. that gave us a total of 70 pencils. i then divided the number of pencils by the number of pencils in each box, which was 24. that gave us 2.92 boxes. since you can't have a fraction of a box, i rounded up to the nearest whole number, which was 3. so, they need 3 boxes to store all their pencils. </s> T: i think you missed out on two pencils",focus
"S: sure, i started by calculating how many glasses of water john drinks during the weekdays. i knew that he drinks 4 glasses of water each day, so i multiplied 4 by 5 to get 20 glasses of water. then, i calculated how many glasses of water he drinks on the weekends. i knew that he drinks 3 glasses of water and 1 soda each day, so i added 3 and 1 to get 4 glasses of water. i then multiplied 4 by 2 to get 8 glasses of water for the weekends. finally, i added 20 and 8 to get 28 glasses of water for the entire week. </s> T: did you find any specific part of the question confusing?",generic
"S: sure! i started by calculating the total interest that karan has to pay, which is 3,650 x 10 100 x 5 1825. then, i added the interest to the original amount she borrowed, 3,650 1,825 5475. finally, i divided the total amount by the number of months she borrowed the money for, 5475 5 1095, which is the amount she has to pay per month. </s> T: when interest is specified it means over the whole loan period, not per month. how would this change your calculation?",probing
"S: hi! i solved the problem by taking the original value of the house 80,000 and multiplying it by 150 to get the increase in value due to repairs 120,000 . then i added the cost of the house and repairs 130,000 to the increase in value to get the total value of the house after repairs 250,000 . finally, i subtracted the cost of the house and repairs from the total value to get the profit josh made 120,000 . </s> T: what was the cost of the repairs",probing
"S: michael to solve this problem, i first determined the total number of slots in the shelving system by multiplying the number of rows and columns, which is 6 x 6 36. then, i expressed the number of books wendy needs to carry as 2x 20, since she wants to place 20 more than double the number of books. since 2x 20 36, i subtracted 20 from both sides to get 2x 16. dividing both sides by 2, i got x 8, which means wendy needs to carry 8 books to complete her task. </s> T: how many books is the capacity",probing
"S: melanie started with 36 vacuum cleaners because we worked backwards from the amount she had left. first, we multiplied the 5 vacuum cleaners she had left by 2 to get 10. then, we added 2 to get 12. lastly, we multiplied 12 by 3 to get 36. this is the total amount of vacuum cleaners she started with. </s> T: how many did she have before rising red house",probing
"S: i started by calculating the number of windows in each house. there are 3 bedrooms in each house, and each bedroom has 2 windows, so that's 6 windows in each house. then, there are 4 additional windows in each house not connected to the bedrooms, so that's 8 windows in each house. that means each house has a total of 6 8 14 windows. since john has 2 houses, the total number of windows is 2 x 14 28 windows. </s> T: how many bedrooms are there",probing
"S: sure, i started by figuring out how many hotdogs the caterer prepared. he was told to prepare enough for 36 guests, but half of them were to have two hotdogs each. so, i calculated that he prepared 18 x 2 36 hotdogs. then i realized that 40 guests showed up, so i subtracted 18 from 40 to get 22 guests who did not get a second hotdog. </s> T: okay, you've missed something out. if every guest had one hot dog how many would there be?",probing
"S: deandre my solution was that the desk cost carmen 350 because the first bid was 200 and each subsequent bid was 50 more. so the second bid was 200 50 250, the third bid was 250 50 300, and the fourth bid was 300 50 350. carmen bid after each of the other 3 people, so she made 3 bids in total and her winning bid was 350. </s> T: focus on how after each time the other person bids then carmen makes another bid",probing
"S: sure. i started by realizing that there were 6 rows and 6 columns in the shelving system, so that meant there were a total of 36 slots. then i let ""x"" represent the number of books wendy needed to carry. since she wanted to place 20 more than double the number of books, i expressed that as 2x 20 36. then i subtracted 20 from both sides to get 2x 16, and then divided both sides by 2 to get x 8. so, wendy needs to carry 8 books to complete her task. </s> T: seems like you are way out in your answer. let's start at the beginning. how many books can the shelves hold?",probing
"S: sure. i started by calculating the number of windows in each house. there are 3 bedrooms in each house, and each bedroom has 2 windows, so that's 6 windows in each house. then i added the 4 additional windows that are not connected to bedrooms, so that's 8 windows in each house. that means each house has a total of 6 8 14 windows. since john has 2 houses, the total number of windows is 2 x 14 28 windows. </s> T: that number seems a bit high, let's just work out how many windows one house has first, how would you do that?",probing
"S: sure, i said that on thursday the mechanic earned 6 x 60 360 for repairing truck tires, and 4 x 40 160 for repairing car tires, for a total of 360 160 520. on friday, the mechanic earned 12 x 40 480 for repairing car tires, so the revenue on friday is higher by 480 - 520 -40. </s> T: mmmm okay. not quite. what do you understand when i say the word 'range'?",probing
"S: sure. to peel a potato, it takes 1.5 minutes or 90 seconds. so, to peel 60 potatoes, it will take 90 x 60 5400 seconds. to cut up a potato, it takes 5 seconds. so, to cut up 60 potatoes, it will take 5 x 60 300 seconds. therefore, it will take billy a total of 5400 300 5700 seconds to finish prepping the potatoes. </s> T: can you convert this to minutes to make it easier?",probing
"S: sure. i started by figuring out how much joey was losing per week. i took the 8 pounds he lost in 4 weeks and divided it by 4, which gave me 2 pounds per week. then i multiplied the 2 pounds per week by 4 weeks, which gave me 8 pounds. since sandy loses weight at a rate of 8 pounds per 4 weeks, it will take her 8 weeks to lose the same amount of weight as joey. </s> T: not quite. how would we work out how many pounds joey loses each week?",probing
"S: sure, i started with 80 post-it notes. then i used 220 post-it notes at work, leaving me with 23 post-it notes remaining. so i used a total of 80 220 - 23 277 post-it notes. since i bought a package of post-it notes, the number of post-it notes i bought is the difference between the total i used and the number i started with 277 - 80 197. </s> T: okay, so you've started off well. however, your calculation isn' correct. can you look again at the calculation in the middle and think about it a bit more?",probing
"S: sure. i started by calculating the number of glasses of water john drinks during the weekdays. he drinks a glass of water 4 times a day, which is 4 x 5 20 glasses of water. then, i calculated the number of glasses of water he drinks on the weekends. he drinks a glass of water 3 times a day and a soda once a day, which is 3 1 4 glasses of water per day. therefore, he drinks 4 x 2 8 glasses of water on the weekends. finally, i added the number of glasses of water he drinks during the weekdays and the number of glasses of water he drinks on the weekends to get the total number of glasses of water he drinks in a week. so, 20 8 28 glasses of water in a week. </s> T: can you think about the sodas in particular?",probing
"S: sure. i started by figuring out that each new record is worth 2 old records. so, the 7 new records are worth 7 x 2 14 old records. then, i figured out that the 5 people brought in a total of 14 old records, so each person brought in an average of 14 5 2.8 old records. since each person can only trade in whole records, each person brought in 2 old records. therefore, the 5 people brought in a total of 2 x 5 10 old records. </s> T: okay, it seems as though you have gone further beyond the question. the question only asks 'how many old records did the 5 people bring in?' not how many did 'each' bring in",probing
"S: sure. joey loses 8 pounds in 4 weeks, so he loses 8 4 2 pounds per week. to lose the same amount of weight as joey, sandy needs 4 weeks 2 pounds per week 8 pounds. since sandy loses weight at a rate of 8 pounds per 4 weeks, it will take her 4 weeks 2 8 weeks to lose the same amount of weight as joey. </s> T: can you think again about what sandy should lose per week",probing
"S: sure! i started by figuring out how many pencils jam had in her boxes. she had 3 boxes with 26 pencils in total, but 2 of those were loose, so i subtracted 2 from 26 to get 24. then i added the 24 pencils that jam had to the 46 pencils that meg had to get a total of 70 pencils. since each box holds 24 pencils, i divided 70 by 24 to get 2.92. since you can't have a fraction of a box, i rounded up to the nearest whole number, which was 3. so jam and meg need 3 boxes to store all their pencils. </s> T: that number seems too low.. how would we work out how many pencils can be stored in a box?",probing
"S: mariana sure! the question is asking how much money madeline spends on her dog per year. so, i started by figuring out how much she spends in a month. for food, it's 25 per week, so that's 4 x 25 100. for medicine, it's 100 per month, so that's 12 x 100 1200. for treats, it's 20 per month, so that's 12 x 20 240. so, in total, madeline spends 100 1200 240 1540 per year. </s> T: that seems low. i can see you have calculated the treats and medicine correctly for the year, what do you think you are missing?",probing
"S: deandre sure. i started by using the area formula to find the width of the room. i knew the area was 360 sq ft and the length was 3 yards, so i divided 360 by 3 to get the width of the room, which was 120 ft. then i used the perimeter formula to find the perimeter of the room. i added the length and width together and multiplied by 2 to get the perimeter, which was 258 ft. </s> T: can you rethink your strategy? think about the length of the room only",probing
"S: sure. i started by working backwards. i figured that if melanie had 5 vacuum cleaners left, then before she sold to the orange house, she had 10 vacuum cleaners 5 x 2 . before she sold to the red house, she had 12 vacuum cleaners 10 2 . and before she sold to the green house, she had 36 vacuum cleaners 12 x 3 . so, melanie started with 36 vacuum cleaners. </s> T: okay, that's a little high. before the green house, working backwards, how many vacuum cleaners does she have?",probing
"S: sure, my solution is that elise sold 90 books in the first year, 110 books in the second and third year combined, and each book sold for 20. that means she earned 2200 in the second year. </s> T: can i ask what you thought about the third year for?",probing
"S: sure. before brian lost 5 video games, he had 20, so after losing 5 he has 20-5 15 video games. then, three times as many video games as brian had before losing 5 is 3 20 60 video games. bobby has 5 fewer than 3 times as many video games as brian does, which means bobby has 60-5 55 video games. </s> T: think about the second step. you might be confused. can you think about this term again - '5 fewer than 3 times as many'",probing
"S: yes, i used the formula for calculating the increase in value due to repairs. the increase in value was 150 , which is 150 100 x 80,000 120,000. then i added the cost of buying the house and repairs, which was 130,000, to get the total value of the house after repairs, which is 250,000. finally, i subtracted the cost of buying the house and repairs from the total value of the house after repairs to get the profit josh made, which is 120,000. </s> T: can i ask why you added the 50,000 to the value?",probing
"S: i started by looking at the opening bid of 200 and then added 50 each time for the subsequent bids. i then realized that there were 3 other people who each bid once, so i added up the bids to get to the final cost of 350. </s> T: let's think a little harder. starting bid was 200, then there were three bids. how much extra on the total would there be?",probing
"S: sure. i figured that the customer earned 4 rewards from their last shopping trip, which is 80 20 4. then i multiplied the 4 rewards by 1 to get 4 in rewards to use this shopping trip. the coupon took twice the amount of rewards off, so i multiplied the 4 by 2 to get 8 off the price. the original price of the items was 43 4 47. after the coupon and rewards were applied, i subtracted the 8 from the 47 to get the customer's total of 39 </s> T: yes, the original price was 43. where did you get the extra 4?",probing
"S: sure. i started by calculating the discount for 4 packets of milk. the discount for one packet of milk is 0.5, so the total discount for 4 packets of milk is 4 x 0.5 2. then, i calculated the original cost for 2 tubs of ice cream. the original cost for 2 tubs of ice cream is 2 x 13 26. after that, i calculated the new cost for 2 tubs of ice cream. the new cost for 2 tubs of ice cream is 2 x 11 22. finally, i calculated the total savings for 2 tubs of ice cream and 4 packets of milk. the total savings for 2 tubs of ice cream and 4 packets of milk is 2 2 4. </s> T: well done, you have done almost everything correctly, but jian can you please explain your reasoning behind adding adding 2 2 to get 4 in last step?",generic
"S: mariana sure. i started by figuring out that each new record was worth 2 old records. so, the 7 new records were worth 7 x 2 14 old records. then, i figured out that the 5 people brought in a total of 14 old records. to figure out how many each person brought in, i divided 14 by 5, so each person brought in an average of 14 5 2.8 old records. since each person can only trade in whole records, each person brought in 2 old records. therefore, the 5 people brought in a total of 2 x 5 10 old records. </s> T: marianan you see the question asks ""how many old records did the 5 people bring in?"" which means the total number of records brought is sufficient. no need to calculate how many records did each person bring. it is nowhere written that they all brought equal number of records.",telling
"S: sure. before losing 5 video games, brian had 20, so after losing 5 he has 20-5 15 video games. then, three times as many video games as brian had before losing 5 is 3 20 60 video games. bobby has 5 fewer than 3 times as many video games as brian does, which means bobby has 60-5 55 video games. so the answer is 55. </s> T: jia can you explain why you multiplied 3x20 in step 2?",generic
"S: sure. joey loses 8 pounds in 4 weeks, so he loses 8 4 2 pounds per week. to lose the same amount of weight as joey, sandy needs 4 weeks 2 pounds per week 8 pounds. since sandy loses weight at a rate of 8 pounds per 4 weeks, it will take her 4 weeks 2 8 weeks to lose the same amount of weight as joey. 8 </s> T: steven lets consider this example. lets say that i read 24 pages in 4 weeks. you take 4 weeks to read what i read in one week. then how many pages do you read in 4 weeks?",generic
"S: sure. i started by calculating the number of candles that don't smell like wet dog. since 5 of the candles have a defect that makes them smell like wet dog, that means 95 of the candles don't have that defect. so, out of 50000 candles, 95 of them won't smell like wet dog, which is 0.95 x 50000 47500 candles. then, i calculated the number of candles that will explode. out of the 47500 candles that don't smell like wet dog, 1 of them will still explode, which is 0.01 x 47500 475 candles. therefore, there will be 475 candles that both smell like wet dog and explode. </s> T: no you see, we need to find out the number the candles that smell like dog and also explodes, both. so 1 candles that explode should not be calculated on the candles that do not smell.",focus
"S: sure! first, i used the area of a rectangle formula to find the width of the room. since the area is 360 sq ft and the length is 3 yards, i divided 360 by 3 to get the width, which is 120 ft. then, i used the formula for the perimeter of a rectangle to find the total perimeter. i added up the length 3 yards x 3 ft yd and the width 120 ft to get 129 ft, and then multiplied that by 2 to get the total perimeter of 258 ft. </s> T: jordy please note that the length is given in yards whereas the area is given in terms of square feet. these are two different units.",focus
"S: sure! i started by calculating how many steps elliott took on his walks to and from school. since he finished half of his steps on these walks, i divided 10,000 by 2 and got 5000. then i added the 1,000 steps he took with his friend, so i had 5000 1000 6000 steps. subtracting 6000 from his goal of 10,000, i had 10,000-6000 4000 steps left to take. so, i concluded that he took 4000 steps during his jog. </s> T: rishi you see, after his school and walk with his friend he had completed 6000 steps, as calculated by you. and you have correctly calculated that 4000 steps were remaining to reach his goal. now you see the question already states that ""he also went for a short jog around the block and realized that after he had finished his jog, he only had 2,000 steps left to take"". therefore you need to find out the number of steps that was left to take after completing the jog.",focus
"S: sure. i started by calculating the rewards the customer earned on their last shopping trip. they spent 80, so they earned 80 20 4 rewards. then i multiplied that by 1 to get the total rewards of 4. i then applied the coupon, which took twice the amount of rewards off, so it took 4 x 2 8 off the price. the original price of the items was 43 4 47. after the coupon and rewards were applied, the customer paid 47 - 8 39. </s> T: you see claire 43 represents the value of goods that they bought. but the amount they paid will be calculated after the rewards discount and the coupon discount.",focus
"S: sure. i started by figuring out how many candles don't have the defect that makes them smell like wet dog. 5 of 50000 candles is 0.05 x 50000 2500. so, there are 47500 candles that don't have the defect. then, i figured out how many of those 47500 candles will explode. 1 of 47500 is 0.01 x 47500 475. so, there will be 475 candles that both smell like wet dog and explode. </s> T: rishi your method is correct. but you see the question says ""how many of them will both smell like wet dog and explode?"" so you need to calculate the 1 candles that might explode as well as smell like wet dogs both. not the candles that won't smell but explode.",focus
"S: sure! i started by figuring out that each new record is worth 2 old records. so, the 7 new records are worth 7 x 2 14 old records. then i figured out that the 5 people brought in a total of 14 old records, so each person brought in an average of 14 5 2.8 old records. since each person can only trade in whole records, each person brought in 2 old records. therefore, the 5 people brought in a total of 2 x 5 10 old records. </s> T: stephanie you see you just need to calculate the total number of records brought by them. you dont need to calculate how many each of them brought. so 14 is our required answer.",focus
"S: sure. in a month, madeline spends 25 on food for her dog each week, which is 100 per month. in a year, she spends 100 per month on medicine, which is 1200. she also spends 20 per month on treats, which is 240 for the year. so, in total, she spends 100 1200 240 1540 on her dog per year. </s> T: jia can you tell me what 100 represent in your calculation?",focus
"S: sure. the caterer was told to prepare gourmet hotdogs for 36 guests, so he prepared enough for 18 guests to have two hotdogs each. that means he prepared a total of 18 x 2 36 hotdogs. however, 40 guests showed up, so there were 40 - 18 22 guests who did not get a second hotdog. so the answer is 22. </s> T: so 36 hotdogs were made considering 18 guests can have a second hotdog, am i right?",probing
"S: sure. i started by finding the total cost of the two pairs of high heels. i knew that one pair cost 33 and the other pair cost twice as much, so i multiplied 33 by 2 to get 66. then i added 33 and 66 together to get 99. then i knew that the cost of the boots and the two pairs of high heels combined was 5 more than the cost of just the boots, so i subtracted 5 from 99 to get 94. so the cost of the boots is 94 dollars. </s> T: your method is correct michael. but you see the question says that the heels together costs 5 less than the boots not more.",focus
S: sure. i started by subtracting the number of post-it notes she had at the start 80 from the total number of post-it notes she used 277 . this gave me the number of post-it notes she bought 197 . </s> T: let's think again about the cups that candice labelled. how many cups did she label and how many post its did she use?,probing
"S: sure. i started by calculating how many steps elliott took on his walks to and from school. i divided 10,000 steps by 2 to get 5,000 steps. then, i added the 1,000 steps he took with his friend, which gave me 6,000 steps. finally, i subtracted 6,000 from 10,000 to get 4,000 steps, which is the number of steps he took during his jog. </s> T: you already did many things right but let's look at the end of the problem. are there any steps left to take for elliott?",focus
"S: sure. i started by calculating the amount of data that was downloaded before the restart. that was 0.4 x 200 80 gb. then i calculated how long it took to download that amount of data, which was 80 2 40 minutes. then i added the 20 minutes for the restart. after that, i calculated the amount of data left to download, which was 200 - 80 120 gb. finally, i calculated how long it would take to download the remaining data, which was 120 2 60 minutes. so the total time to download the file was 40 20 60 120 minutes. </s> T: you already did many things right but let's focus on one detail you might have forgotten. when the download was interrupted because of the update, did carla start where she left off?",focus
"S: sure. i started by calculating the increase in value due to the repairs, which was 150 of the original value, or 150 100 x 80,000 120,000. then, i added the original value of the house 80,000 and the cost of repairs 50,000 to get the total value of the house after repairs, which was 250,000. finally, i subtracted the cost of buying the house and repairs 130,000 from the total value of the house to get the profit josh made, which was 120,000. </s> T: let's try to think of another problem. if i bought a table for 5 and bought oil and new screws for 8. afterwards, i sold the table for 20 new value. how much profit would i have made?",probing
"S: sure. i started by figuring out how many steps elliott had taken before his jog. i knew he had walked to and from school, so i divided 10,000 by 2 to get 5,000. then i added the 1,000 steps he took with his friend, so i had 6,000 steps. i then subtracted 6,000 from 10,000 to get the number of steps he had left to take, which was 4,000. so i concluded that he must have taken 4,000 steps during his jog. </s> T: if you read back through the problem can you see how many steps were left at the end of the day?",focus
"S: sure. i started with 3 balls and added 1 ball each week for 4 weeks, so i ended up with 3 1 1 1 1 7 balls. then i dropped 3 balls, so i was left with 7-3 4 balls. but two of the dropped balls were caught, so i got them back and had 4 2 6 balls. since one ball was lost, i was left juggling with 6-1 5 balls. </s> T: you already did many things right. but i think your confusion lies in the understanding of the question. let's imagine the balls are caught by someone in the audience but josh doesn't have the time to go get them during his performance but only collects them later. how many balls can he immediately juggle with?",probing
"S: sure. i started by figuring out that there are 6 rows and 6 columns in the shelving system, which means there are a total of 6 x 6 36 slots. then i let the number of books she needs to carry be ""x"". since she wants to place 20 more than double the number of books, that can be expressed as 2x 20 36. i then subtracted 20 from both sides to get 2x 16, and then divided both sides by 2 to get x 8. so, wendy needs to carry 8 books to complete her task. </s> T: thanks, you got the first step correct. if you reread the first line of the problem can you work out double the number of books already in the shelves?",focus
"S: sure! i started by figuring out how many cups of feed wendi needs to give each chicken per meal. since she has 20 chickens, i multiplied 3 cups of feed per meal by 20 chickens, which gave me 60 cups of feed per meal. then, i figured out how many cups of feed she needs to give her chickens for the whole day, which was 60 cups of feed per meal multiplied by 3 meals, which gave me 180 cups of feed for the day. after that, i subtracted the 40 cups of feed she had already given her chickens in the morning and afternoon from the 180 cups of feed for the day, which gave me 140 cups of feed for the final meal. </s> T: look carefully at the questions, how often does she need to feed 3 cups of feed?",probing
"S: hi, i started by figuring out how many gallons of gas were left in sophia's tank. i knew that she had used 4 gallons of gas to fill it up, so i subtracted 4 from 12 to get 8 gallons of gas left in the tank. then i figured out how many miles sophia could drive on a single gallon of gas. i knew that she had driven 100 miles on 4 gallons of gas, so i divided 100 by 4 to get 25 miles per gallon. finally, i multiplied 25 by 8 to get 200 miles, which is how many miles sophia can drive on a single tank of gas. </s> T: ok remember the question is asking how many miles can be done on a tank rather than on the remaining 8 gallons",focus
"S: sure. the question is asking how many spoons julia bought. so first i thought of the number of spoons julia bought as ""x"". then i added the 5 spoons her husband bought, so the total number of spoons was x 5. then i subtracted the 3 spoons julia used to sample the stew, so she had 9 spoons left. i set up an equation that x 5 9, and then i subtracted 5 from both sides to get x 4. so the answer is that julia bought a package of 4 spoons. </s> T: ok, you've overcomplicated this. it only requires addition and subtraction. start with the total number of spoons",focus
"S: i used the information given in the problem to calculate the total time it would take to download the file. first, i calculated the amount of the file that had been downloaded before the restart, which was 40 of 200 gb, or 80 gb. then, i calculated the amount of time it would take to download the 80 gb, which was 40 minutes. i then added the 20 minutes for the restart, and then calculated the amount of time it would take to download the remaining 120 gb, which was 60 minutes. finally, i added all the times together to get the total time of 120 minutes. </s> T: if the computer restarted during the midddle of the download would it restart from the same point or would you have to restart it completely?",probing
"S: elliott finished half of his steps on his walks to and from school, so he took 10,000 2 5000 steps during these walks. adding the 1,000 steps he took with his friend, he has taken 5000 1000 6000 steps. subtracting 6000 from his goal of 10,000, he has 10,000-6000 4000 steps left to take. therefore, he took 4000 steps during his jog. </s> T: you are very close! in the last part of the question it tells you that he only had 2,00 steps left to take. did you subtract the 2,000 to reach the final answer?",focus
"S: sure. i started by figuring out that marcy was entitled to 5 of the value of the pension per year after 20 years. so, her annual pension after 20 years would be 50,000 x 100 50,000. then, i calculated that for the next 10 years, she would be entitled to an additional 5 x 10 50 of the value of the pension. so, her annual pension after 30 years would be 50,000 50,000 x 50 50,000 25,000 75,000. </s> T: ok, you've gone wrong in the first step. marcy becomes entitled to the pension after 20 years of service, so it is only in year 21 that she starts being entitled to 5 a year. try again with this in mind",telling
"S: i calculated that the total discount for 4 packets of milk is 4 x 0.5 2. then i calculated the original cost for 2 tubs of ice cream is 2 x 13 26. then i calculated the new cost for 2 tubs of ice cream is 2 x 11 22. finally, i calculated the total savings for 2 tubs of ice cream and 4 packets of milk is 2 2 4 </s> T: so close! did you add the discount of milk to the discounted icecream to get the total savings?",focus
"S: yes, i think my answer is correct. i calculated that sally spent 3 for the taffy, 1.50 for the seashells, and 1 for the magnets. so, she spent a total of 5.50, and she has 4.50 left. </s> T: that's partly right. you have made a mistake with the taffy, though, so let's look at that. how many pounds did sally buy?",focus
"S: i said that since 50 of the choir are girls and 50 are boys, then there are also 52 2 26 girls in the choir. so, there are also 26 boys in the choir. half of the choir can't make it to the show, so only 52 2 26 people can perform. since the teachers decided to sing with them, then there are 26 3 29 people who sang in the performance. </s> T: ok reminder the question doesn't ask about boys. its saying that half the girls couldn't attend",focus
"S: yes, i think my solution is correct. i used the equation 24 46 70, which means that jam and meg need 70 24 2.92 boxes. since they can't have a fraction of a box, i rounded up to the nearest whole number of boxes, which is 3. </s> T: ok there are some issues with this. firstly, how many pencils does jane have?",focus
"S: yes, i think my answer is correct. i used the fact that wendi gives each chicken 3 cups of feed per meal, so for 20 chickens, she needs to give 3 x 20 60 cups of feed per meal. in total, for the day, she needs to give 60 x 3 180 cups of feed. she has already given 15 25 40 cups of feed in the morning and afternoon. therefore, in the final meal, she needs to give 180 - 40 140 cups of feed. </s> T: ok, you are almost right, but you're starting off with the wrong figure. read the question again. how many cups of feed does she give each chicken per day?",focus
"S: yes, i think my answer is correct. i used 10 pounds of meat and 10 pounds of cheese, so i multiplied 7 dollars times 10 pounds for the meat and 3 dollars times 10 pounds for the cheese. that gave me a total of 100 for the meat and cheese </s> T: ok, read the question again, and answer these questions separately how much meat per sandwich? how much cheese per sandwich?",focus
"S: sure! i started by figuring out how many cups of feed she needs to give each chicken per meal. since she has 20 chickens, i multiplied 3 cups of feed by 20 chickens, which gave me 60 cups of feed per meal. then, i added the number of cups of feed she has already given in the morning and afternoon, which was 15 25 40 cups of feed. finally, i subtracted the 40 cups of feed from the total of 180 cups of feed to get the number of cups of feed she needs to give in the final meal, which was 140 cups of feed. </s> T: ok, you are on the right track but you are making one key error. read the question again and tell me how many cups of feed per chicken per day?",focus
"S: yes, i calculated the cost of the donuts, cupcakes, and cheesecakes separately. the donuts cost 68 per dozen, so i multiplied 3 dozen by 68 to get 2448. the cupcakes cost 80 per dozen, so i multiplied 2 dozen by 80 to get 1920. the cheesecakes cost 55 per dozen, so i multiplied 6 dozen by 55 to get 3960. then i added all of these numbers together to get the total cost of 8328. </s> T: ok how much do donuts cost per dozen",focus
"S: sure! i started by letting x be the number of spoons that julia bought. then, i added 5 to x to get the total number of spoons. after that, i subtracted 3 from the total number of spoons to get the number of spoons left after julia sampled her stew. finally, i set up an equation with the total number of spoons and the number of spoons left after sampling, and solved for x. this gave me the answer of 4, which is the number of spoons that julia bought. </s> T: ok, you started off correctly but there is an error in step 3. you should add the 3 spoons to the total, not subtract. try it again",focus
"S: sure. i started by letting x be the total number of cards kenny started with. then i said he kept 1 3 of them, so he sold 2 3 of them, which is 2 3x. he sold them for 1.5 each, so he earned 1.5 2 3x 3x 2 dollars. he wanted to end up with 50 spending cash, so he needed to earn 100 50 150 in total. therefore, 3x 2 150. i then solved for x, and got x 100, which means kenny started with 100 cards. </s> T: ok, let's look at this another way. how much cash did kenny make from the sale of his cards?",focus
"S: hi, sure. i started by figuring out how many pencils jam had in her boxes, which was 26 minus the two loose pencils, so 24. then i added that to meg's 46 pencils to get the total of 70. since each box holds 24 pencils, i divided 70 by 24 to get 2.92 boxes. since they can't have a fraction of a box, i rounded up to the nearest whole number of boxes, which was 3. </s> T: i can see you worked out how many jam had in her boxes, how many pencils do jam and meg have each",focus
"S: sure. i started by figuring out how many gallons of gas were left in the tank. i knew that sophia had used 4 gallons of gas, so i subtracted 4 from 12 to get 8 gallons of gas left. then, i figured out how many miles sophia could drive on 1 gallon of gas. i knew that she had driven 100 miles on 4 gallons of gas, so i divided 100 by 4 to get 25 miles per gallon. finally, i multiplied 25 miles per gallon by 8 gallons of gas left in the tank to get 200 miles that sophia can drive on a single tank of gas. </s> T: ok, you are on the right track, but you are answering the wrong question. read the question again. does it ask you to calculate how many miles she can drive on her remaining fuel?",focus
"S: sure. i started by calculating the amount of data that had been downloaded before the restart, which was 0.4 x 200 80 gb. then, i calculated how long it took to download the 80 gb, which was 80 2 40 minutes. after that, i added the 20 minutes it took for the restart. finally, i calculated how long it took to download the remaining 120 gb, which was 120 2 60 minutes. so, the total time it took was 40 20 60 120 minutes. </s> T: i can see you have calculated that 80gb had been downloaded in 40mins and that it would be 20 mins resart. to find the time to download the file after restart 200 2",probing
"S: sure. i started by assuming that the number of spoons julia bought was ""x"". then, i added 5 to that number to account for the spoons her husband bought. after that, i subtracted 3 from the total number of spoons, since julia used 3 spoons to sample her stew. this gave me the equation x 5 9. i then subtracted 5 from both sides of the equation to get x 4, which means that julia bought a package of 4 spoons. </s> T: ok lets start at the beginning, how many spoons did julia have when she set the table",focus
"S: sure, i started by figuring out that since 50 of the choir are girls and 50 are boys, then there are also 52 2 26 girls in the choir. so, there are also 26 boys in the choir. then i figured out that since half the choir can't make it to the show, then only 52 2 26 people can perform. finally, since the teachers decided to sing with them, then there are 26 3 29 people who sang in the performance. </s> T: which half of the choir was asked to perform boys or girls",focus
"S: sure. i started by calculating how much money john earned from selling his lego sets. i multiplied 13 sets by 15 each, which gave me 195. then i calculated how much money he spent on video games, which was 8 sets at 20 each, for a total of 160. i then subtracted the 160 he spent on video games from the 195 he earned from selling the lego sets, which gave me 35. i then divided that by 15, which told me how many lego sets he sold, which was 2. finally, i subtracted 2 from 13 to get 11, which is how many lego sets he still has. </s> T: okay, that seems like a lot of lego sets. how much money did he have left after buying video games?",probing
"S: sure. to serve 20 people, tyson needs to make 20 4 5 sandwiches. each sandwich requires 1 1 2 pounds of meat and cheese. for 5 sandwiches, he needs a total of 2 x 5 10 pounds of meat and cheese. the cost of 10 pounds of meat is 10 x 7.00 70. the cost of 10 pounds of cheese is 10 x 3.00 30. the total cost of meat and cheese is 70 30 100. </s> T: i see, that figure seems a bit high. can you tell me how many sandwiches are needed to feed 20 people?",probing
"S: sure. i started by figuring out how many cups of feed each chicken needs in one meal, which is 3 cups. then i multiplied 3 cups by the number of chickens, which is 20, to get the total number of cups of feed needed in one meal, which is 60 cups. then i added the number of cups of feed given in the morning and afternoon, which is 15 25 40 cups. finally, i subtracted 40 cups from the total number of cups needed in one day, which is 180 cups, to get the number of cups of feed needed in the final meal, which is 140 cups. </s> T: wow that seems like a lot of feed. could you tell me how many chickens there wer in total?",focus
"S: sure! i started by working backwards. i knew that melanie had 5 vacuum cleaners left, so i multiplied 5 by 2 to get 10, since she sold half of what she had left at the orange house. then i added 2, since she sold 2 more to the red house. finally, i multiplied 10 by 3, since she sold a third of her vacuum cleaners at the green house. that gave me 36, so i concluded that melanie started with 36 vacuum cleaners. </s> T: okay, i can see you have got the correct method of working backwards, i can see you have got it correct right up until the green house. do you have any idea what you did wrong when calculating the green house vaccum cleaners?",probing
"S: sure. i started by calculating the cost of the donuts. i multiplied 3 dozen by 68 to get 2448. then i calculated the cost of the cupcakes. i multiplied 2 dozen by 80 to get 1920. finally, i calculated the cost of the cheesecakes. i multiplied 6 dozen by 55 to get 3960. adding all of these together, i got a total cost of 8328. </s> T: wow, that seems like a lot of money for doughnuts. can you read the question and remind me of the unit of measurement we are working in?",probing
"S: sure. i started by letting x be the total number of cards kenny started with. then, i realized that he kept 1 3 of them, so he sold 2 3 of them, which is 2 3x. since he sold them for 1.5 each, he earned 1.5 2 3x 3x 2 dollars. i then realized that he wanted to end up with 50 spending cash, so he needed to earn 100 50 150 in total. therefore, 3x 2 150. from there, i solved for x and got x 100. this meant that kenny started with 100 cards. </s> T: ok, i think there is an easier approach. how much money did he make in total?",focus
"S: sure. i started by figuring out how many pencils jam has in her boxes. she has 26 pencils total, but two of them are loose, so she has 26 - 2 24 pencils in her boxes. then, i added the number of pencils jam has to the number of pencils meg has, which was 46. that gave me 24 46 70 pencils in total. since each box holds 24 pencils, i divided 70 by 24 to get 2.92 boxes. since they can't have a fraction of a box, i rounded up to the nearest whole number, which is 3 boxes. so, they need 3 boxes to store all their pencils. </s> T: ok, we need to start by working out how many pencils they have altogether.",focus
"S: sure. i calculated that morgan has 90 - 5 arcade tokens 85 left to spend on mini-golf and go-karts. playing mini-golf costs 5 per person, and she wants to ride the go-karts twice which costs 10 per ride. so, it will cost 5 10 x 2 25 per person. therefore, morgan can invite 85 25 3.4 friends. she can only invite 3 friends since she cannot invite a fraction of a person. </s> T: ok, we need to start again, so forget what you did and let's revisit the question.",focus
"S: sure. i calculated that wendi needs to give each of her 20 chickens 3 cups of feed per meal, so in total she needs to give 3 x 20 60 cups of feed per meal. i then added up the amount of feed she has already given in the morning and afternoon, which was 15 25 40 cups of feed. so, in the final meal, she needs to give 180 - 40 140 cups of feed. </s> T: read the question again. what does it tell us about the three cups of feed?",focus
"S: yes, i calculated that the total discount for 4 packets of milk is 4 x 0.5 2. the original cost for 2 tubs of ice cream is 2 x 13 26. the new cost for 2 tubs of ice cream is 2 x 11 22. so the total savings for 2 tubs of ice cream and 4 packets of milk is 26 - 22 - 2 4. </s> T: you forgot to add on the discount for the ice cream that you already calculated.",focus
"S: sure. elliott had 10,000 steps to take, so he took half of that 5000 steps on his walks to and from school. then he added 1,000 steps with his friend, bringing his total to 6000 steps. subtracting 6000 from 10,000 gives us the number of steps he had left to take 4000 steps . therefore, he took 4000 steps during his jog </s> T: okay, so after the 6000 steps, have you thought about how many steps he had left?",probing
"S: yes, i calculated that marcy is entitled to 5 x 20 100 of the value of the pension, so her annual pension after 20 years is 50,000 x 100 50,000. for the next 10 years, marcy is entitled to an additional 5 x 10 50 of the value of the pension, so her annual pension after 30 years is 50,000 50,000 x 50 50,000 25,000 75,000. </s> T: actually, marcy only gets 50,000 per year if she works for the company for 40 years, not 20",focus
"S: sure, first i subtracted the 5 for the arcade tokens from the 90 budget, leaving me with 85. then i calculated that it would cost 5 for mini-golf and 10 for each go-kart ride, so 25 per person. finally, i divided the 85 by 25 to get 3.4 friends, but since you can't invite a fraction of a person, the answer is 3 </s> T: why did you subtract the 5 for the arcade tokens?",probing
"S: hi, i started by figuring out how many days i had to sell bread because i was closed on monday and friday. i then added up the number of crates i sold on each day from tuesday to thursday, which was 20 15 12 18 65 crates. i then added the 20 crates i sold over the weekend, which gave me a total of 65 20 85 crates. finally, i subtracted the number of crates i sold from my target of 120 crates, which gave me 120 - 85 35 crates of bread. </s> T: it looks like you added 20 crates twice",focus
"S: sure! i worked backwards to find out how many vacuum cleaners melanie started with. i started by figuring out that if she had 5 left, then before she sold to the orange house, she had 5 x 2 10 vacuum cleaners. then, before she sold to the red house, she had 10 2 12 vacuum cleaners. finally, before she sold to the green house, she had 12 x 3 36 vacuum cleaners. so, i concluded that melanie started with 36 vacuum cleaners. </s> T: so before she sold to the red house, she had 12 vacuum cleaners. we can call x the number of vacuum cleaners she had before visiting the red house. if she had 12 vacuum cleaners, and that represented 2 3 of what she originally had, how can we figure out what x is?",probing
"S: sure, i first calculated the discount for the taffy. i got 1 2 x 3 1.5 for each pound of taffy. so, she paid 3 - 1.5 1.5 for each pound of taffy. then, i calculated the total cost of the taffy which was 1.5 x 2 3. i also calculated the cost of the magnets which was 0.25 x 4 1. lastly, i added up all the costs which was 3 1.50 1 5.5. finally, i subtracted this from the initial amount which was 10 - 5.5 4.5. </s> T: actually, sally had to buy one pound of taffy at full price, then she got half off the second",focus
"S: sure! i started by letting x be the total number of cards kenny started with. then i figured out that he kept 1 3 of them, so he sold 2 3 of them, which is 2 3x. he sold them for 1.5 each, so he earned 1.5 2 3x 3x 2 dollars. he wanted to end up with 50 spending cash, so he needed to earn 100 50 150 in total. therefore, 3x 2 150. finally, i solved for x and got x 100, so kenny started with 100 cards. </s> T: ok, good, you've made a great start! you've got a little confused though, so let's try this another way. how much did kenny make altogether when selling the cards?",probing
"S: sure. i started by figuring out how many steps elliott had taken before his jog. i knew he had finished half of his steps on his walks to and from school, so i calculated that he had taken 10,000 2 5000 steps during these walks. then, i added the 1,000 steps he took with his friend, so i had taken 5000 1000 6000 steps. after that, i subtracted 6000 from his goal of 10,000, so i had 10,000-6000 4000 steps left to take. this meant that he had taken 4000 steps during his jog. </s> T: but after his jog he still had 2000 steps left",focus
"S: sure! i started by adding the rent and utilities together to get the total cost of 1214. then i multiplied the amount one roommate paid by two to get the total cost for both roommates, which was 1514. then i subtracted the rent and utilities from the total cost to get 300. since the roommates split all costs equally, i divided this amount by two to get the cost of groceries for the whole apartment, which was 150. </s> T: alejandra could you please re-read the question and tell me what is needed to calculate here?",generic
"S: sure. lily had 55 in her account. she spent 7 on a shirt. so, she had 55- 7 48 left in her account. she spent thrice as much as she spent on a shirt, which is 3 7 21. so, lily spent a total of 7 21 28. therefore, she has 48- 28 20 left in her account. </s> T: hunter but haven't you already subtracted the 7 in step 2 to get 48 which was left with lilly after buying the shirt? so why add it with 21 and subtract it again from 48?",focus
"S: sure. agnes earns 15 x 8 120 each week. in a month, agnes earns 120 x 4 480. mila earns 10 x h hours in a week, and 40 x h hours in a month assuming 4 weeks in a month . to earn as much as agnes, we need to solve for h in the equation 40h 480. h 480 40 12 hours in a month. therefore, mila needs to work 12 hours in a month to earn as much as agnes. </s> T: scott can you explain what the variable 'h' in your solution represents? what did you assume 'h' to be?",generic
"S: sure, so i started by letting the number of candies in the jar of grape candy be ""x"". then, i said that the jar of peanut butter candy has 4 times as much, so it has 4x candies. after that, i said that the jar of grape candy has 5 more pieces of candy than the jar of banana candy, which means it has x 5 candies. since we know that the jar of banana candy has 43 candies, i set x 43. therefore, the jar of grape candy has x 5 43 5 48 candies. finally, i said that the jar of peanut butter candy has 4x 4 43 172 candies. </s> T: okay - so you are correct that the grape jar had 43 5 48 candies. you are also right that you need to multiply 48 by 4 to get your answer. can you check you multiplication using a calculator please",focus
"S: i started by calculating the profit mrs. choi made from selling the house, which was 20 100 x 80000 16000. then i added the profit to the original price of the house, which was 80000 16000 96000. then i calculated the broker's commission, which was 5 100 x 80000 4000. finally, i subtracted the broker's commission from the selling price, which was 96000 - 4000 92000. </s> T: ok, focus on the question. it's asking you how much the house sold for, not how much it sold for after the broker's commision",focus
"S: sure. dakota and ben's original order cost 2 x 2 for the mugs of cocoa, 3 for the eggs, 2 for the pancakes, and 1 for tax, which equals 2 3 2 1 8. ben's additional order cost 2 for the pancake and 2 for the mug of cocoa, which equals 2 2 4. their total cost is 8 4 12. their change from 15 is 15 - 12 3. </s> T: jordy can you explain why you added 2 for 2 mugs of cocoa whereas you calculate the cost to be 2x 2?",focus
"S: sure, i started by calculating how much water oliver filled the bathtub with. i multiplied 120 ounces, the amount in one bucket, by 14, the number of times he filled it, and got 1680 ounces. then i calculated how much water he used to get to the level he puts it at. i multiplied 120 ounces by 11, the number of buckets he needed to take away, and got 1320 ounces. then i subtracted 1320 from 1680 to get 360 ounces, which is the amount of water he uses per bath. finally, i multiplied 360 by 7 to get 2520 ounces, which is the amount of water he uses in a week for his baths. </s> T: okay i see. you are correct that he uses 1,320 ounces per day fro his bath as 11 x 120 is 1,320. if he uses this per day, how much does he use per week?",focus
"S: sure. the first half of the floors is 20 2 10 floors. traveling down 10 floors at 15 minutes per floor takes 10 x 15 150 minutes. the next 5 floors take 5 x 5 25 minutes. the final 5 floors take 5 x 16 80 minutes. in total, the elevator took 150 25 80 255 minutes to reach the bottom. converting to hours, the elevator took 255 60 4.25 hours to reach the bottom. </s> T: emily you see the phrase "" it takes 15 minutes for the elevator to travel down the first half of the floors."" means it takes 15 minutes in total to travel the first half of the floors and not 15 minutes per floor.",focus
"S: sure. i started by figuring out the cost of a small puzzle. i knew that a large puzzle cost 15 and that a small puzzle and a large puzzle together cost 23. so i set up an equation to find the cost of a small puzzle 2x 15 23. then i solved for x and found that a small puzzle costs 4. then i used that information to find the cost of 1 large and 3 small puzzles. i knew that 1 large puzzle cost 15 and 3 small puzzles cost 3 x 4 12. so the total cost of 1 large and 3 small puzzles is 15 12 27. </s> T: ok, you've overcomplicated this. let's start again. if a large puzzle is 15 and a small plus a large is 23 how much is a small puzzle?",focus
"S: yes, i started by working backwards from the fifth dog. the fifth dog carried off twice as many bones as the fourth dog, so the fifth dog had 2 bones. then i added the number of bones carried off by the first four dogs, which was 3 3-1 2 3-1 1 10. so the original pile of bones had 10 bones. </s> T: nearly perfect, let's simplify your sum so we can add the whole numbers together. can you do that?",focus
"S: sure, i started by figuring out how many kids were going to soccer camp in the morning. i knew that 1 4 of the kids were going in the morning, so i divided the total number of kids going to soccer camp in the afternoon 750 by 2, which gave me 375. then, i doubled that number to get the total number of kids going to soccer camp, which was 750. finally, i added the number of kids going to soccer camp 750 to the number of kids not going to soccer camp 750 to get the total number of kids in camp, which was 1500 </s> T: right, let's try this again. we know 750 children are going to soccer in the afternoon. we need to this by 3v to find out how many go in the morning",focus
"S: yes, my answer is that levi needs to score 2 more times to reach his goal. i used the equation 17 - 15 2 to calculate this. this means that levi needs to score 17 baskets in total, and since his brother has scored 15 baskets, he needs to score 2 more baskets to reach his goal. </s> T: ok, let's check how many levi has scored. can you spot your mistake?",focus
"S: sure. i started by saying that three years ago, john was 39 - 3 36 years old. then i said that james is currently x years old, so three years ago, james was x - 3 years old. in 6 years, james will be x 6 years old. so, 3 years ago, john was twice as old as james will be in 6 years 36 2 x 6 - 3 . from there, i used algebra to solve for x, which is 15. so, james is currently 15 years old, and his older brother is 15 4 19 years old. </s> T: it's easier to work this out in steps, rather than using algebra. let's start at the beginning. what age was john 3 years ago?",focus
"S: yes, i started by finding the number of chickens in the coop, which is 14. then i multiplied that by two to find the number of chickens in the run, which is 28. then i multiplied that by two again to find the number of chickens that would be free ranging, but i subtracted four to account for the fact that there are four less than double the number of chickens free ranging. so the total number of chickens free ranging is 108. </s> T: ok, you have doubled the number of chickens twice.",focus
"S: yes, i used the formula that for every jump, 400 ml of water splashes out and evaporates. so, i divided the total amount of water in the pool 2,000,000 ml by the amount of water that evaporates each jump 400 ml to get the number of jumps before the pool needs to be cleaned 4000 . </s> T: we also need to know how many ml have splashed out of the pool, not just the amount left in it.",focus
"S: sure! i started by figuring out how many issues there were in the 18-month subscription, which is 18 x 2 36. then i figured out the discount for each issue, which is 0.25 x 2 0.5 dollars. so the promotional subscription is 0.5 x 36 18 dollars cheaper. therefore, the promotional subscription costs 34 - 18 16 dollars. </s> T: let's focus on each step of the problem. first, let's figure out how many issues will be received in the subscription",focus
"S: jordy sure! i said that shawna has to do 30 - 12 18 situps more to meet her minimum goal. she has already done 12 19 31 situps in total. therefore, shawna has to do 30 - 31 -1 situps on wednesday to meet her goal. since she can't do negative situps, it means she has already exceeded her goal by 31 - 30 1 situp. </s> T: when we read the problem, do you think shawna's goal is to do 30 sit ups total or 30 every day?",probing
"S: sure! for every set of earrings, rebecca needs two magnets, half as many buttons as magnets so 2 2 1 button , and three times as many gemstones as buttons so 1 x 3 3 gemstones . so for 4 sets of earrings, rebecca needs 8 magnets, 4 buttons, and 12 gemstones. therefore, rebecca will need 12 gemstones to make 4 sets of earrings. </s> T: cody your method is correct but you see 4 sets of earring refers to 8 earrings.",generic
"S: sure. so, i started by writing an equation that relates the number of builders to the time taken to build the cottage. i wrote 3 8 6 t. then, i multiplied both sides by 8t to get 3t 48. finally, i divided both sides by 3 to get t 16. so, it will take 6 builders 16 days to build the same size cottage working at the same rate. </s> T: lets reign it in a wee bit here. from the top. if it takes 8 days for 3 builders to build one house then how much faster can 6 builders do it. remember there are now twice as many builders.",probing
"S: cody sure, i said that the number of students in the restroom is 2, the number of absent students is 3 2 - 1 5, and the number of students present in each row is 6 x 2 3 4. so the total number of students in all rows is 4 x 4 16. and then the total number of students carla teaches is 16 2 18 </s> T: great. and did you count all the possible students in that total?",probing
"S: after the first harvest, i calculated that the total number of sacks would be 20 20 of 20, which is 4, so the total number of sacks after the first harvest would be 24. then, for the second harvest, i calculated that the total number of sacks would be 24 20 of 24, which is 4.8, so the total number of sacks after the second harvest would be 28.8. </s> T: how many sacks in the first yeild?",probing
"S: sure. i started by calculating the number of married women at the party, which was 60 x 3 4 45. then, i assumed that each married woman brought one husband, so the number of husbands at the party was 45. this meant that the total number of women and men at the party was 60 45 105. finally, i calculated the number of single men at the party by multiplying 45 by 3 4, which gave me 33.75 rounded to the nearest whole number . this meant that the total number of people at the party was 105 33.75 rounded to the nearest whole number 139. </s> T: great! let's go back to the total number of people at the party. did you forget anyone in that number?",probing
"S: sure. i started by calculating the total amount paid for snacks, which is 6 x 150 900. then i calculated the total amount paid for hardcover books, which is 6 x 30 180. lastly, i calculated the total amount paid for paperback books, which is 6 x 12 72. so, the total amount of money niles collects is 900 180 72 1152. </s> T: heidi, please note that the phrase "" 30 each for six hardcover books and 12 each for six paperback books. "" refers to the fact that cost of each book for each person is 30 hardcover and 12 paperback.",focus
"S: hi, i started by calculating the amount of money lisa's mother and brother gave her. i added the amount lisa had saved 1200 with the amount her mother gave her 3 5 1200 720 and the amount her brother gave her 2 720 1440 . that gave me a total of 3360. then i subtracted the 400 that she still had less to get the price of the gift she wanted to buy 3360- 400 2960 . </s> T: why did you decide to subtract the 400?",probing
"S: sure. i started by calculating the 20 tip, which is 0.2 x 26 5.20. then i calculated the 5 tip, which is 0.05 x 26 1.30. to reach the 20 tip level, i subtracted the 5 from the 20 , which gave me 15 . i then multiplied 15 by 26 to get the additional amount gina needs to tip, which is 0.15 x 26 3.90 or 390 cents. therefore, gina would need to tip an additional 390 - 130 260 cents to be considered a good tipper. </s> T: hunter well done. but you see if gina needs to tip 15 more to be a good tipper then that is the answer. you dont need to subtract the 5 tip from the 15 .",focus
"S: sure! i started by looking at tina's time of 6 minutes, which is one-third as fast as tom's time. so, tom's time is 6 x 3 18 minutes. then, tony can run a mile twice as fast as tina, so his time is 6 2 3 minutes. so, the total time for all three of them is 18 6 3 27 minutes. </s> T: very good alejandra. everything is correct except one step. you see tina is is one-third as fast a runner as tom implies that tina's speed is one-third of tom's time or conversely we can say that tom's time is three times faster than tina.",focus
"S: sure. for one normal car, william spends 4 minutes washing the windows, 7 minutes washing the car body, 4 minutes cleaning the tires, and 9 minutes waxing the car. this adds up to 24 minutes. since he washed two normal cars, he would spend 48 minutes on them. the big suv took twice as long as a normal car, so he would spend 96 minutes on it. this adds up to a total of 144 minutes. </s> T: jia can you tell me how much time does it take to wash a normal car?",generic
"S: i added the cost of the two regular scoops 8 , the two kiddie scoops 6 , and the three double scoops 18 for a total of 46. </s> T: ok and how much is a regular scoop?",focus
"S: hi, i started by figuring out how many hours cathy and chris were supposed to work in a month. i figured out that they were supposed to work 80 hours each for a month. then i realized that chris was absent for one week, so cathy had to take over his shifts and work for 40 extra hours that week. so, i concluded that cathy worked a total of 200 hours for the two months. </s> T: please can you check the part where you look at when chris was sick. how many hours extra did she work?",focus
"S: sure. i started by letting x be the number of cans jack recycled. then, i calculated that he made 10 cents per bottle and 5 cents per can, so he made 10 80 800 from the bottles. then, i calculated that he made 5x cents from the cans, or 0.05x dollars in total. so, his total earnings were 800 0.05x 1500 cents, or 15. then, i simplified the equation 800 0.05x 1500 to 0.05x 700. after that, i divided both sides by 0.05 to get x 1400 5 280. therefore, jack recycled 280 cans. </s> T: wow, that seems like a lot of cans! let's start from the beginning. if he rececyled 80 bottles at 0.10, how much did jack earn?",probing
"S: sure. i started by letting x be the value of one gold coin. then i said that roman originally had 20 x gold coins. after that, i said he sold 3 gold coins for a total of 3x dollars. then i said that after selling the 3 gold coins, he had 20 - 3x dollars. after that, i said that we know that 20 - 3x 12. then i solved for x, and got x 2. so each gold coin is worth 2. finally, i said that roman originally had 20 2 10 gold coins. after selling 3 gold coins, he has 10 - 3 7 gold coins left. </s> T: wow. that seems like a lot! let's start from the beginning- if dorothy paid 12 for 3 gold coins, how would we calculate what 1 gold coin is worth?",probing
"S: sure! first, i converted the euros to pounds by multiplying 11 euros by 2 pounds per euro, which gave me 22 pounds. then, i added up all the pounds he had, which was 42 pounds plus 22 pounds, giving me 64 pounds. finally, i converted the pounds to yen by multiplying 64 pounds by 100 yen per pound, which gave me 6400 yen. so, jack has 6400 yen in total. </s> T: great, you got part way there, but remember the yen tat jack already has?",focus
"S: yes, i worked out that the car uses 1 20 gallon of gas per mile. to travel 600 miles, the car needs 1 20 x 600 30 gallons of gas. mr. montero's car already has 8 gallons, so he needs 30 - 8 22 more gallons of gas. he needs 22 gallons of gas to travel 600 miles, back and forth. </s> T: let's try a different approach. how many miles will he travel altogether, going back and forth?",focus
"S: sure. the original cost of the movie and food combo was 20. then, the discount for the movie ticket was 20 of 10 which is 4. the discount for the food combo was 50 of 10 which is 5. so, the new cost of the movie and food combo was 10 - 4 10 - 5 11. therefore, trip could save 20 - 11 9 by going to the earlier movie. </s> T: i can see you have the correct method of calculating this, but you have made one mistake. can you spot it?",probing
"S: sure! i started by figuring out the total number of customers who bought one or three watermelons, which was 17 3 20. then, i let x be the number of customers who bought two watermelons. so, the total number of watermelons sold was 1 17 3 3 2x 17 9 2x 26 2x. to find the value of x, i set 26 2x 46, which gave me x 20. therefore, 20 customers bought two watermelons. </s> T: i can see you have forgotten one step there, you have 20 watermelons left in your solution, but the question asks you 'how many customers bought two watermelons?'. so what would you need to do?",probing
"S: sure. i started by calculating how much water sandy needs to drink in a day, which is 3 liters or 3000 milliliters. then i realized that she drinks 500 milliliters of water every 2 hours. so if she drinks 500 milliliters every 2 hours, then she will be able to drink 1500 milliliters in 6 hours. therefore, sandy needs to drink water for 6 hours to reach her goal of 3 liters or 3000 milliliters. </s> T: you worked out she drinks 1500 ml in 6 hours. id this enough to reach her daily target?",focus
"S: sure. i thought that the total weight on both sides of the see-saw should be equal to make it balanced. so, i added the weights of jack and anna which is 60 40 100 pounds. to make their weights equal, jack needs to hold 100 - 60 40 pounds. as each rock weighs 4 pounds, jack needs to hold 40 4 10 rocks. </s> T: mm okay, that's not quite right. imagine you have jack on one side and anna on the other, how much weight would you need to put on anna's side so they are equal?",probing
"S: sure. i started by adding up the total number of desserts, which was 42 63 21 126. then, i divided 126 by the number of people in the family, which was 7, to get the total number of desserts each person should get, which was 18. since there are three types of desserts, i divided 18 by 3 to get the number of each type of dessert each person should get, which was 6. so each person will get 6 cookies, 6 pieces of candy, and 6 brownies. </s> T: can you see that you already worked out the answer but then carried on too far?",focus
"S: i started by calculating the number of followers denny would have in a day, which is 100000 1000 101000. then i multiplied that by 365 to get the total increase in followers in a year, which is 101000 x 365 36865000. finally, i subtracted 20000 from that to get the total number of followers he would have if 20000 people unfollowed him in a year, which is 36865000 - 20000 36845000 </s> T: let's take this one step at a time. you said there are 365 days in a year and we know that denny gets 1000 new followers every day. so how many new followers would that be a day given just that information?",probing
"S: sure. i started by assuming the length of the pen is x centimeters. then, i subtracted 3 from x to get the length of the rubber, which is x - 3 centimeters. since the pen is shorter than the pencil by 2 centimeters and the pencil is 12 centimeters long, the length of the pen is 12 - 2 10 centimeters. so, x 10 2 12 centimeters. therefore, the length of the rubber is 12 - 3 9 centimeters. finally, i added the length of the rubber, the pen, and the pencil altogether to get 9 12 12 33 centimeters. </s> T: okay lets start again together from the top. the pen is shorter than the encil by 2cm so what does that make?",probing
"S: i multiplied the time it takes to wash one normal car 24 minutes by two, since there were two normal cars. then, i multiplied the time it takes to wash one normal car 24 minutes by two again, since the suv took twice as long as a normal car. adding the two together gave me my final answer of 144 minutes. </s> T: so you have 2 x 24 for the time it takes to do two cars. hoow long does it take to do the suv",focus
"S: sure. on the first day, james visited 20 houses and sold something in each house. that means he sold 20 x 2 40 items in total on the first day. on the second day, he visited twice as many houses, which is 40 houses, but only sold to 80 of the houses. that means he sold something in 40 x 0.8 32 houses on the second day. so, he sold 32 x 2 64 items on the second day. therefore, he sold a total of 80 64 144 items in two days. </s> T: that's a great start! so how many houses did scott go to in total across the two days?",probing
"S: sure. i started by calculating the amount of salmon that james caught. i knew that he caught 50 more salmon than trout, so i multiplied 200 by 0.5 to get 100. i then added 200 and 100 to get 300, which is the amount of salmon he caught. i then calculated the amount of tuna he caught. i knew that he caught twice as much tuna as trout, so i multiplied 200 by 2 to get 400. finally, i added all three numbers together to get 900, which is the total amount of fish he caught. </s> T: that's a great start. but let's look at the number of tuna. do you think he caught twice as much tuna than trout or twice as much tuna as salmon?",probing
"S: i think my answer is correct. i used a calculator and i didn't make any calculation errors. i figured that since tabitha started adding a new color to her hair when she was 15, and she has added a new color every year since then, she must be 21 years old now. </s> T: let's approach this working backward. if in three years, tabitha will have 8 colors in her hair, how many colors does she have in her hair now?",focus
"S: rishi sure. i started by figuring out how many dust particles were on the porch after samuel walked across it. there were 331 dust particles, so i subtracted 223 from that to get 108 dust particles. then i realized that samuel had cleared nine-tenths of the dust particles, so i divided 108 by 9 to get 12. finally, i multiplied 12 by 10 to get 120, which is the number of dust particles that were on the porch before samuel swept. </s> T: how many parts are there altogether in 9 10?",focus
"S: deandre i added up the duration of the film plus all the times she had to rewind and re-watch parts. i added 35 5 40 minutes for the first time she had to rewind, and then 45 15 60 minutes for the second time she had to rewind. then i added the total viewing time of 40 60 20 120 minutes, and then added the time for rewinding, which was 120 5 15 140 minutes. </s> T: look carefully, within your calculations you added 35 and 5. what is that 5 mins for?",focus
"S: ronny i started by calculating how many minutes she studied on the first day, which was 2 hours or 120 minutes. then i doubled this amount for the second day, which was 240 minutes. finally, i subtracted one hour from the second day for the third day, which was 60 minutes. so in total, she studied for 420 minutes over the 3 days. </s> T: okay so lets break this down. how many hours did she study on the second day?",focus
"S: i started by adding the number of racers at the beginning of the race 50 and the number of racers who joined after 20 minutes 30 , which gave me a total of 80 racers. then, i multiplied that number by two to get the total number of racers after 30 minutes, which was 160. finally, i subtracted the total number of racers who finished the race 130 from the total number of racers after 30 minutes 160 to get the total number of people who dropped before finishing the race, which was 80. </s> T: you told me you subtracted 130 from 160. what did you get?",probing
"S: i started by figuring out that two and a half dozen cupcakes is equal to 30 cupcakes. then i counted the people in the class, which was 27 1 1 29. after 3 students called in sick, there were only 27 - 3 24 students present. so, i figured dani needed 24 cupcakes for each student, which is a total of 24 x 1 24 cupcakes. so, i subtracted 24 from 30 and got 6 cupcakes left. </s> T: does the question ask you about each student getting a cupcake or each person getting a cupcake?",probing
"S: i started by counting the total number of pastries sold from tuesday to sunday, which was 3 4 5 6 7 8 33. then i divided the total number of pastries sold by 6, since there were 6 days in the week, to get the average number of pastries sold each day, which was 33 6 5.5. </s> T: the problem asks you to determine how many pastries are sold on average each day of the week, but you're missing one day--what's missing?",probing
"S: sure. to fill the tub with 120 liters of water, i calculated that it would take 21.82 minutes. i did this by taking the flow rate of the tap 12 liters per minute and subtracting the amount of water that is lost due to the leak 1 liter per minute . this gave me 11 liters of net water added per minute. i then divided the total amount of water needed 120 liters by the amount of net water added per minute 11 liters to get the total time needed to fill the tub 21.82 minutes . </s> T: ok lets start at the beginning. the water flows in at a rate of 12l per min and escapes at rate of 1l per min. in the question it says he turns the tap on for 1 min and off for 1 min so in that time how many litres of water have escaped",probing
"S: sure! i started by finding the radius of the circle by using the formula a r 2. i then used the fact that the perimeter of the square is equal to 4s, where s is the length of one side of the square. so i set up the equation 4s 2 r and solved for s. the result was r 2, and i plugged in the value of r to get the final answer of 8.88. </s> T: do you need to use all those calculations?",probing
"S: sure. i started by figuring out how much water was needed to fill the tank to 3 4 of its capacity, which was 3 4 of 4000 gallons, or 3000 gallons. then i subtracted that from the total capacity of the tank, which was 4000 gallons, to get the amount of water needed to fill the tank to 3 4 of its capacity, which was 1000 gallons. then i divided that by the rate of 10 gallons per hour to get the number of hours it would take to fill the tank to 3 4 of its capacity, which was 100 hours. so it would take a total of 100 hours to fill the tank to 3 4 of its capacity. </s> T: great i can see you have worked out he needs 3000 gallons so at a rate of 10 gallons per hour how long would it take",probing
"S: sure, i started by calculating how many days it would take john to get to 15 reps. that was 15 - 1 14 days. then i added 1 rep per day until he got to 15 reps, so that was 15 15-1 29 days. then i did the same for the high elevation push-ups, which was 29 15-1 43 days. and then for the low elevation push-ups, which was 43 15-1 57 days. finally, i divided the total number of days by 5 since he trains 5 days a week, which gave me 57 5 11.4 weeks. i rounded up to 12 weeks for the total time it would take him to get to floor push-ups. </s> T: how many days does he train per week?",probing
"S: sure. i started by adding the two sheets of stickers together, which gave me a total of 150 stickers. then, i divided that number by 3 since she wanted to share them with 3 friends. that gave me 50 stickers for each friend. so, i multiplied 50 by 3 to get the total number of stickers she would be giving away, which was 150. finally, i subtracted 150 from 150 to get 0, which is the number of stickers she would have left. </s> T: ok how many space stickers did paige have",focus
"S: sure. i started by figuring out how many stripes each person had on their shoes. olga had three stripes, rick had two stripes, and hortense had six stripes. then i multiplied the number of stripes per person by two, since each person has two shoes. finally, i multiplied that number by three, since there are three people. that gave me the total number of stripes, which is 66 </s> T: how many stripes did the three people have on each shoes?",focus
"S: sure, i started by adding the total number of boys and girls in first grade which is 56 44 100. then i realized that to have an equal number of boys and girls in each classroom, there must be 50 boys and 50 girls in each classroom. so the total number of students in each classroom is 50 50 100. since there are 4 classrooms, the total number of students is 100 x 4 400. </s> T: ok how many boys are there",focus
"S: sure. i started by saying that jenny spent 3 7 of her money, which is 1 - 3 7 4 7 of her original amount of money. i then set up an equation that said 4 7 x x - 24. i then multiplied both sides by 7 to get 4x 7x - 168. i then subtracted 4x from both sides to get 3x 168. finally, i divided both sides by 3 to get x 56. half of jenny's original amount of money is 56 2 28. </s> T: how much of her money do you need to work out?",focus
"S: sure. betty had 60 marbles and she gave 40 of her collection to stuart, which means she kept 60 of her collection. so, 60 of 60 marbles is 36 marbles. that means stuart had 80 marbles after receiving 40 of betty's collection, which means he had 80 - 36 44 marbles initially. </s> T: ok tell me the calculation needed to work out how many marbles she gave stuart",probing
"S: sure, i started by figuring out the total number of chips in the jar. i knew that 10 of the chips were blue, so i set up the equation 3 0.1x and solved for x to get x 30. this means there are 30 chips in the jar. then i knew that 50 of the chips were white, so i set up the equation 0.5 x 30 15 to find that there were 15 white chips. then, i subtracted the number of white chips from the total number of chips to get the number of green chips, which was 15. </s> T: can you see you forgot to deduct the blue chips?",focus
"S: sure! i added up the duration of the film plus all the times she had to rewind and re-watch parts to get the total amount of time it took her to watch the movie. i added 35 minutes for the first part of the movie, then 5 minutes for the first time she had to rewind, then 45 minutes for the second part of the movie, then 15 minutes for the second time she had to rewind, and finally 20 minutes for the last part of the movie. this gave me a total of 140 minutes. </s> T: can you see that you had already included the times for rewinding in your workings?",focus
"S: sure. i calculated that after the first harvest, the yield increases by 20 of 20 sacks, which is 4 sacks. so the total number of sacks after the first harvest is 20 4 24 sacks. then, after the second harvest, the yield increases by 20 of 24 sacks, which is 4.8 sacks. so the total number of sacks after the second harvest is 24 4.8 28.8 sacks rounded to one decimal place . </s> T: remember, the first harvest yields 20 sacks. the 2nd harvest yields 20 more.",focus
"S: sure, i started by figuring out how many candles kerry needed. i knew that each cake would need kerry's age in candles, so i multiplied kerry's age by 3 to get the total number of candles he would need. then i divided that number by 12 to figure out how many boxes of candles he would need. i knew that the cost of the candles was 5, so i divided that by the cost of one box of candles, which was 2.5, to get the number of boxes. finally, i multiplied that number by 12 to get kerry's age, which was 24. </s> T: ok i can see you have correctly worked out she needed 2 boxes of candles, how many candles is that",probing
"S: sure. i started by subtracting 12 from 30, which gave me 18. then i added 12 and 19, which gave me 31. finally, i subtracted 31 from 30, which gave me -1. i realized that this was incorrect, so i subtracted 30 from 31, which gave me 1. </s> T: let's try this from a different angle. how many sitpus would shawna have to do in total throughout all three days monday-wednesday?",focus
"S: sure. i started by letting x be the number of cats frankie has. then i knew that he had x 6 snakes and x-1 parrots. since six of his pets have four legs, i assumed that those were the two dogs and four cats. so, i set up the equation 4 x 2, which then gave me x 2. this meant that frankie had 2 cats, 8 snakes 2 6 , and 1 parrot 2-1 . adding these together, i got a total of 13 pets. </s> T: going back to the question, how many pets have 4 legs and how many of these are dogs?",focus
"S: winnie sure. i started by figuring out that 60 of the students are paying for their lunch. so i took 60 of 50 students, which is 30 students. then, i took the total cost of 210 and divided it by the number of students, which is 50. that gave me the cost of feeding one student, which is 4.2. i then multiplied 4.2 by the number of students paying for their lunch, which is 30, and got the total cost of 126. so, the paying students pay 4.2 for their lunch. </s> T: great start. you are correctin saying that 60 of 50 students is 30. but in order to figure out the cost per student you mst divide 30 by 50 before x by 126",focus
"S: sure. i first added up the number of pages jesse had already read, which was 10 15 27 12 19 83. then i realized that he was only 1 3 of the way through the book, so i figured that he still had 2 3 of the book left to read. i set up an equation to figure out the total number of pages in the book, which was x 249. finally, i subtracted the number of pages he had already read from the total number of pages in the book, which was 2 3 249 - 83 83. </s> T: ok jesse had read 83 pages 1 3 so he needs to read 2 3 so how much is that",probing
"S: paul makes 3 trips up and down his apartment building each day, so he travels 3 x 2 6 stories per day. if each story is 10 feet tall, then paul travels 6 x 10 60 feet vertically per day. over a week, which has 7 days, paul travels 60 x 7 420 feet vertically in total. 420 </s> T: ok i see. so your right that he makes 6 stories per day. and each is 10 foot tall - we need to multiply the 10ft by the 5 floors before going any firther",focus
"S: sure, i started by calculating that maya can initially lift 60 pounds, which is a fourth of what america can lift. then i calculated that america added 60 pounds to her lift, and that maya can add 10 times that amount to her initial lift. that means that when she reaches her peak, she can lift 120 pounds, which is half of what america can lift. finally, i subtracted the amount she could lift initially from the amount she can lift now, and that gave me the answer of 60 more pounds. </s> T: ok i can see you have calculated thay maya can initially lift 60 pounds, as she grows stronger how much can she lift",focus
"S: sure. i started by figuring out how many containers of paint mikaela used. she used 4 containers to cover the four walls and 1 container to paint flowers on the ceiling, so she used a total of 4 1 5 containers of paint. then, i realized that she bought 16 containers of paint, so i subtracted 5 from 16 to get 11 containers of paint left over. </s> T: do you know from the problem how many containers it takes to paint one wall?",focus
"S: to solve this problem, i first calculated how much velvet was needed to make one cloak, which was 3 yards. then i multiplied that by 6 to get the amount of velvet needed to make 6 cloaks, which was 18 yards. then i divided 4 by 12 to get the amount of velvet needed to make 12 hats, which was 3 yards. finally, i added 18 and 3 together to get the total amount of velvet needed, which was 54 yards. </s> T: ok you are right 18 yards of velvet is needed to make 6 cloaks and 3 yards are needed for 12 hats. so how many yards are needed for 12 hats and 6 cloaks?",focus
"S: sure. i started by finding out how much money jethro has. since patricia has 3 times as much money as jethro, then i figured that jethro has 1 3 of patricia's money, which is 1 3 x 60 20. then i realized that carmen needs 7 more to have twice the amount of money that jethro has, so i figured that carmen has 2 x 20 7 47. finally, i added up the amounts that each person had to get the total sum of all their money, which is 60 20 47 127. </s> T: ok i can see you have worked out that jethro had 20 and twice that is 40. if carmen needs 7 more to get to 40 how much does she have",probing
"S: sure. i started by letting x be the number of pencils antonio has. then i said that mitchell has 6 more pencils than antonio, so he has x 6 pencils. i then said that together they have 2x 6 pencils. i knew that mitchell had 30 pencils, so i set 2x 6 30 and solved for x. i subtracted 6 from both sides and got 2x 24. then i divided both sides by 2 and got x 12. so antonio has 12 pencils and mitchell has x 6 12 6 18 pencils. finally, i added the two numbers together and got 12 18 30 pencils. </s> T: let's maybe try to solve this problem in an easier way. let's say i have 1 pencil and you have one more than me. how many do you have?",probing
"S: sure! i started by letting x represent the length of the second segment. then, i used the information given to calculate that the first segment was 6x and the entire show was 7x 10 minutes long. finally, i used the fact that the third segment was 10 minutes long to solve for x, which was 20. substituting that back into the expression for the entire show, i got 150 minutes. does that make sense? </s> T: ok so lets look at what we know. the 3rd segment is how long",probing
"S: sure. i started by figuring out that bert uses up 1 14 of a pencil each day, since it takes him two weeks to use up a whole pencil. then, i multiplied 1 14 by 1050, since it takes him 1050 words to use up 1 14 of a pencil, and i got 14700. finally, i divided 14700 by 30, since there are 30 crossword puzzles in two weeks, and i got 490. so, each crossword puzzle on average has 490 words. </s> T: let's focus again. how many words can bert write with one pencil?",focus
"S: sure. i started by figuring out how many games reggie won. he started with 0 marbles and won 90, so he won a total of 90 10 9 games. then i figured out how many games he lost. his friend started with 100 marbles and lost 90, so he has 10 marbles left. therefore, reggie lost 100 10 - 10 0 games since his friend only had 10 marbles to start with, reggie must have won all 9 games . </s> T: you already did great. you understood how many games reggie won 9 and that his friends started with 100 marbles and now has 10. since there are 10 marbles on the table for every game, what does that mean?",focus
"S: sure. first, i figured out that since oomyapeck eats all the eyes from each fish, it means they split the fish without the eyes. so, the total number of eyes in all the fish caught is 22 x 3 66. then, since each fish has two eyes, the number of fish caught is 66 2 33. finally, i concluded that each of them will be given 33 3 11 fish to eat. </s> T: there is a mistake in here. could you please tell me how many eyes in total the son gets if he gives 2 eyes to his dog and he eats 22?",focus
"S: sure. i started by calculating the total number of hours spent in classes each week. i added the three-hour classes and the four-hour class to get seven hours. then i multiplied that by three to get 21 hours. i also added four hours for the homework assignments, so the total was 25 hours per week. finally, i multiplied that by 24 weeks to get 600 hours. </s> T: that is mistake you have done. not each class is 3 hours long",focus
"S: sure, so i started by realizing that samantha was buying 4 toys at 12.00 each. then i realized that for each pair of toys, she was getting one at full price and one at half price. so i calculated that three full price toys would cost 3 x 12.00 36.00. then i calculated that one half price toy would cost 12.00 2 6.00. finally, i added the two amounts together to get the total cost of 36.00 6.00 42.00. </s> T: there seems to be a mistake here. can you please tell how much a pair of toys cost?",focus
"S: sure. first, i converted the height of the hare from inches to feet by dividing by 12 14 12 1.17 feet rounded to two decimal places . then, i multiplied the height of the hare by 24 to get the height of the camel 1.17 x 24 28.08 inches. finally, i divided this height by 12 to convert it to feet 28.08 12 2.34 feet rounded to two decimal places . </s> T: you already did many things right but it seems that you converted the numbers several times. let's maybe put the conversion from inches to feet at the end. can you try to solve the problem again?",telling
"S: sure. first, i set up an equation to find the total number of chips in the jar. since 10 of the chips are blue, i used 3 0.1x. after solving for x, i got x 30, so there are 30 chips in the jar. then, i used the fact that 50 of the chips are white to calculate that there are 15 white chips. finally, i subtracted the number of white chips from the total number of chips to get the number of green chips, which is 15. </s> T: there seems to be a mistake here. if there are 30 white, blue and green coloured chips and 15 of them are white, how many are green and blue?",focus
"S: sure! i started by calculating the total number of passengers transported on the first round trip, which was 100 60 160 passengers. then, i calculated the total number of passengers transported on the next three round trips, which was 3 100 300 passengers. finally, i added the two totals together to get the total number of passengers transported between both stations, which was 160 300 460 passengers. </s> T: there seems to a mistake in here. could you please tell me how many round trips does the train make in a day?",focus
"S: sure, i started by adding up the total number of males and females in each class. the total number of males was 17 14 15 46, and the total number of females was 13 18 17 48. i then reasoned that if each male was paired with a female, then there would be two students who could not be paired. however, since there were two extra females, two of the females would not be paired. so, in total, 4 students would be unable to partner with a student of the opposite gender. </s> T: you already did great by calculating the total numbers of female and male students but where do the additional 2 females come from?",focus
"S: sure! i started by adding 7 7 14 croissants for breakfast, since jorge and giuliana each ate 7 croissants. then, i multiplied 14 by 2 to get 28 croissants, since they both ate 14 croissants. after that, i multiplied 18 by 2 to get 36 cakes, since they each ate 18 cakes after school. lastly, i multiplied 30 by 2 to get 60 pizzas, since they each ate 30 pizzas before bedtime. finally, i added all of the numbers together to get 28 36 60 124. </s> T: how do you get the 28 croissants? how many are jorge and guiliana eating each?",focus
"S: sure! i started by setting up an equation to represent the relationship between the different heights of the hill. the equation was ""height of hill 4 x depth of river"". we knew that the depth of the river which is the base of the hill was 300m, so i substituted that value into the equation. that gave me ""height of hill 4 x 300"". i then simplified the right side of the equation, which gave me ""height of hill 1200"". therefore, the hill is 1200m high. </s> T: there seems to be misunderstanding here. the height of the hill is the difference between the distance from the riverbed to the hilltop and the distance between the riverbed to the hill's bottom.",focus
"S: sure. chip takes notes for 25 classes. he takes 10 pages of notes every day for all his classes. so he takes 50 pages of notes every day for all his classes. he takes 250 pages of notes every week. after 6 weeks, he takes 1500 pages of notes in total. therefore, he needs 1500 100 15 packs of notebook paper. 15 </s> T: ok, so at the beginning you already calculated the notes for all classes of the week 25 and the the pages of notes each day 10. so how many pages is that in a week?",focus
"S: sure. earl started on the first floor, so he was 1 floor away from the top of the building. he then went up 5 floors and down 2 floors, so he ended up 5 - 2 3 floors higher than his starting point. he then went up 7 floors, so he was 3 7 10 floors higher than his starting point. if he was 9 floors away from the top of the building, then the building has 10 9 19 floors in total. </s> T: there seems to be a mistake in here. if he is 10 floors higher than his starting point, which floor is he in?",focus
"S: sure. i started by subtracting 8 from 18, which is 10. this is the total number of girls assigned for the field trip. then, i let x be the number of girls who joined the trip. so, the number of girls who didn't join the trip is 10 - x. since the number of boys and girls who joined the trip is the same, then x 8 18. thus, x 10. therefore, the number of girls who didn't join the field trip is 10 - 10 0. </s> T: there is a mistake with the equation. if x girls didn't join the trip out of 10 girls and those who joined is same as that of boys, what should be the equation?",focus
"S: sure. after the first harvest, i calculated that the yield would increase by 20 of 20 sacks, which is 4 sacks. so the total number of sacks after the first harvest is 20 4 24 sacks. after the second harvest, i calculated that the yield would increase by 20 of 24 sacks, which is 4.8 sacks. so the total number of sacks after the second harvest is 24 4.8 28.8 sacks rounded to one decimal place . </s> T: let's try to approach this differently. say i win 100 in a lottery. afterwards, i put this money in the bank and get 1 interest per year. so i will have 101 after one year. but at first, i only had 100 dollars. the increase only happend afterwards. in the same way, the increase by 20 in the problem only appears after the first harvest. what does that mean for our problem?",probing
"S: sure. i started by figuring out how many minutes were in two hours. i knew that there were 60 minutes in an hour, so i multiplied 60 by 2 to get 120 minutes. then, i figured out how many 15-minute periods were in 120 minutes. i divided 120 by 15 and got 8. then, i multiplied 8 by 2 to get the number of goals xavier could score in 8 periods, which was 16. finally, i divided 16 by 8 to get the average number of goals xavier could score per period, which was 2. </s> T: did the question ask about goals per period?",focus
"S: sure. i started by calculating the total number of pastries sold from tuesday to sunday, which is 3 4 5 6 7 8 33. then, i divided the total number of pastries sold by the number of days 6 days to get the average number of pastries sold each day. the average number of pastries sold each day is 33 6 5.5 rounded to one decimal place . so, on average, the baker sells 5.5 pastries each day of the week. </s> T: you might have committed a mistake.could you please check whether you have considered all the 7 days of the week?",probing
"S: sure. in one day, steve bakes 12 3 4 apple pies and 12 2 6 cherry pies. in one week 7 days , steve bakes 4 x 3 12 apple pies and 6 x 2 12 cherry pies. therefore, steve bakes 12 - 6 6 more apple pies than cherry pies in one week. </s> T: ok , so why are we dividing the number of pies by number of days?",focus
"S: sure! i started by figuring out how many days mr. johnson had taken his pills. i used the fact that four-fifths of 30 days is 24 days, so he had taken 30 - 24 6 days' worth of pills. then i figured out how many pills he had initially by adding the number of pills he had left 12 to the number of pills he had taken 6 x d , where d is the number of pills he takes daily. i simplified the equation to 6d 18, and then solved for d to get d 3. so mr. johnson is supposed to take 3 pills a day. </s> T: there is some mistake in here. if he has taken pills, for four-fifths of the total days, for how many days is he taking pills?",generic
"S: sure. i started by calculating the number of eggs lisa makes for her children in a week. i multiplied 2 eggs by 4 children to get 8 eggs. then i added 3 eggs for her husband and 2 eggs for herself, which gave me a total of 5 eggs. so, lisa makes a total of 13 eggs for breakfast every day. finally, i multiplied 13 eggs by 52 weeks to get 676 eggs for breakfast in a year. </s> T: ok so you're on the right track. she does cook 13 eggs every time she cooks breakfast. how often does it say in the question that she cooks breakfast?",focus
"S: sure, i started by adding up the time aren spent on other activities which was 2 4 0.5 0.67 1.17 8.34 hours. then, i subtracted the time spent on other activities from the total flight time which was 11 hours 20 minutes - 8.34 hours 2 hours 46 minutes. finally, i converted the 46 minutes to hours by dividing by 60 which was 46 60 0.77 hours. so, the total time left for a nap was 2 hours 0.77 hours 2.77 hours. </s> T: so, in decimal points, what would 11hrs and 20 minutes be?",focus
"S: sure! i started by calculating how many nickels 175 cents is equal to. 175 5 35 nickels. then i subtracted 30 from 175 to get the amount of cents ray had left after giving 30 cents to peter, which was 145. i then multiplied 30 by 2 to get the amount of cents ray gave to randi, which was 60. lastly, i divided 60 by 5 to get the amount of nickels randi had, which was 12 more than peter. </s> T: good work so far, so randi had 12 nickels right?",focus
"S: sure. mr. and mrs. martin each get a regular scoop, which costs 2 x 4 8. their two children each get a kiddie scoop, which costs 2 x 3 6. their three teenage children each get a double scoop, which costs 3 x 6 18. therefore, mrs. martin pays a total of 8 8 6 6 18 46 to the cashier. </s> T: can i ask why you have add the 8 and 6 twice?",probing
"S: sure, i started by figuring out how many chocolate bars each sister got. there were 20 chocolate bars and 5 people, so each sister got 20 5 4 chocolate bars. then, i figured out how many chocolate bars the father got. each sister gave up half of their chocolate bars, so each had 4 2 2 chocolate bars left. so, the father got 4 x 2 8 chocolate bars from his daughters. finally, i subtracted the 3 chocolate bars he gave to their mother and the 2 he ate, so he had 8 - 3 - 2 3 chocolate bars left. </s> T: have a look at the question carefully, how many sisters are there in total?",focus
"S: sure. i let x be the size of the first ball. then, the second ball is twice the size of the first ball, so it is 2x. the third ball is three times the size of the first ball, so it is 3x. she used 27 feet of yarn for the third ball, so x 2x 3x 27. combining like terms, we get 6x 27. dividing both sides by 6, we get x 4.5. therefore, the second ball is 2x 2 4.5 9. so, joy used 9 feet of yarn for the second ball. </s> T: okay, can you read the question again carefully. is the figure given for the total yarn used or just for one of the balls?",focus
"S: sure. i started by calculating that in one year, the number of cows would increase by 200 2 100. so after one year, the rancher would own a total of 200 100 300 cows. then in two years, the number of cows would increase by another 100, so the rancher would own a total of 300 100 400 cows in two years. </s> T: the first part is perfect. look back at the question though and see if you can spot a miscalculation with your 2nd year",probing
"S: sure. i started by adding the total number of boys and girls, which is 56 44 100. then, i realized that in order to have an equal number of boys and girls in each classroom, there must be 50 boys and 50 girls in each classroom. so, the total number of students in each classroom is 50 50 100. since there are 4 classrooms, the total number of students is 100 x 4 400. </s> T: there is a mistake in here. let me clarify that there are 100 students only. not 400. out of 100, 56 are boys and 44 are girls. and they need to divided equally into 4 classes. can you do that?",probing
"S: sure. i started by using algebra to solve for the number of rock cds. i let r be the number of rock cds and c be the number of classical cds. from the problem, we know that r is twice as many as c and 3 more than c. so, i used substitution to solve for c. i set 2c equal to c 3 and solved for c. this gave me c 3, so henry has 3 classical cds in his collection. does that make sense? </s> T: no it doesn't. you have used the same variable c for country cds and classical cds, which is not correct unless you are sure that they are equal in number. do you think they are equal ?",probing
"S: sure. i started by calculating the total number of hours worked by both professionals. i multiplied 6 hours by 2, which gives us 12 hours a day. then i multiplied 12 hours by 7 days, which gives us 84 hours in total. then i calculated the amount earned by the first professional for the entire work, which is 15 x 84 1260. finally, since there are two professionals, i multiplied 1260 by 2, which gives us a total of 2520 for their entire work. </s> T: but you have already accounted for both of them in the first step, that is 12 hours per day. why are you multiplying again in the last step?",focus
"S: sure. i started by calculating the number of courses of bricks for each wall. for the first three walls, there were 6 courses with 10 bricks each, so i multiplied 6 by 3 to get 18 courses. then, i multiplied 18 by 10 to get the total number of bricks used for the first three walls, which was 540. for the last wall, there were only two courses, so i multiplied 6 by 2 to get 12 courses. then, i multiplied 12 by 10 to get the total number of bricks used for the last wall, which was 120. finally, i added 540 and 120 together and subtracted 20, since there were not enough bricks to finish two courses of the last wall, to get the total number of bricks used, which was 640. </s> T: there is a mistake i see in here. can you please tell me how many bricks in total are needed for the whole job?",focus
"S: sure. 75 of the cars have valid tickets, so 100 -75 25 of the cars don't have valid tickets. 25 of 300 cars is 25 100 300 75 cars without valid tickets. 1 5th the number of cars without valid tickets have permanent parking passes, so 1 5 75 15 cars have parking passes. therefore, 75-15 60 cars tried to park in the lot without paying. </s> T: oh there seems to be misunderstanding here. it's 1 5th of the number of cars with valid tickets that have parking passes.",focus
"S: sure. karina's brother is currently 40 2 20 years old. let x be the year karina's brother was born. then, karina's brother is 2021-x years old. we know that 2021-x - x 20. simplifying the equation, we get 2021 - 2x 20. bringing x to one side, we get 2x 2001. therefore, x 1000.5. since x represents the year, we round up to the nearest whole number. thus, karina's brother was born in the year 1001. </s> T: what rubbish! if karina's brother is younger than her, how could he possibly have been born 1000 years before karina? does that make any sense to you?",probing
"S: sure! i started by calculating that one cup of cream has 226.8 grams of fat. then, i divided that by 4 because the recipe serves four people, so each serving had 56.7 grams of cream. after that, i multiplied the amount of cream by 0.5 because perry added a half cup of cream, so that was 113.4 grams of cream. finally, i divided that by 4 to get the amount of fat added to each serving, which was 28.35 grams. </s> T: wow, that seems like a lot of fat per serving! could you look at the question again and work out whether you really need to work out the ounces?",probing
"S: sure! i started by subtracting 100 from 110, which gave me 10. then i subtracted 75 from 10, which gave me - 65. then i multiplied 200 by 0.75, which gave me 150. i then subtracted 110 from 150, which gave me 40. finally, i subtracted 75 from 40, which gave me - 35. </s> T: that is not correct. tell me this. how much he has left after the purchase of ingredients?",focus
"S: sure! leah spent 28 7 4 dollars on a milkshake. she had 28-4 24 dollars left. she put half of that in her savings account, which is 24 2 12 dollars. she had 12 1 13 dollars before her dog shredded her wallet. therefore, leah lost 28-13 15 dollars. </s> T: okay, i can see you have correctly identified that leah had 12 in her wallet, but then you get something wrong. can you identify it by reading the question carefully?",probing
"S: sure. i started by letting olaf's age be x. then i subtracted 3 from x to get beckett's age, and subtracted 2 from x to get shannen's age. i then multiplied shannen's age by 2 to get twice her age, which was 2x-4. i then added 5 to that to get jack's age, which was 2x 1. finally, i added all the ages together to get 5x-4. substituting x 12, i got 5x-4 5 12 -4 56. </s> T: why did you substitute 12 in x?",focus
"S: sure, i started by calculating the difference between the two wages. jame's new job pays him 20 per hour and his old job paid him 16 per hour, so he makes 4 more per hour in his new job. then i multiplied the number of hours he works per week by the number of weeks in a year to get the total number of hours he works in a year. his new job is 40 hours per week x 52 weeks per year 2080 hours per year. his old job was 25 hours per week x 52 weeks per year 1300 hours per year. finally, i multiplied the difference in wages 4 by the number of hours he works in the new job 2080 to get the total amount of money he makes more per year in his new job than in his old job. 4 x 2080 8320 per year. </s> T: okay. that seems too low. let's start by working out how much james gets paid in his new and old job per week. how would you do that?",probing
"S: sure. i started by calculating the cost of the case, which was 20 100 x 1000 200. then, i calculated the cost of the headphones, which was 1 2 x 200 100. after that, i calculated the cost of the phone contract for the first year, which was 12 x 200 2400. lastly, i added all of the costs together to get the total amount spent in the first year, which was 100 200 2400 2700. </s> T: did you add the cost of the iphone itself?",focus
"S: sure. brad's pumpkin weighed 54 pounds. jessica's pumpkin weighed half of brad's, which is 54 2 27 pounds. betty's pumpkin weighed 4 times the amount of jessica's, which is 4 x 27 108 pounds. the heaviest pumpkin is betty's at 108 pounds and the lightest is brad's at 54 pounds. the difference between them is 108 - 54 54 pounds. </s> T: okay, before we work out the correct answer, can you tell me what 'range' means?",probing
"S: sure! i started by calculating the money earned from selling two players. i multiplied 2 by 10 million, which gave me 20 million. then i calculated the money spent on buying four players. i multiplied 4 by 15 million, which gave me 60 million. finally, i subtracted the 20 million from the original balance of 100 million and added the 60 million to get the final balance of 140 million. does that make sense? </s> T: i can see that your method is sound, but your calculations are not. what did the club start off with?",probing
"S: sure. i started by calculating how many points each student needs to earn to get the movie day. i found that each student needs to earn 200 25 8 points. then i figured out that each student needs to eat 8 2 4 servings of vegetables to earn 8 points. i then divided that by the number of days in a school week, which is 5, to get 4 5 0.8 servings of vegetables per day. so, each student needs to eat an average of 0.8 servings of vegetables per school week to get a movie day. </s> T: ok, you've made a great start but you've got a little muddled. you are correct that each student needs to eat 4 vegetables to earn 8 points. but remember that they have 2 weeks to do this in.",probing
"S: sure, i started by taking half of the 12 birds, which is 6 birds. then, i subtracted 6 from 12 to get the number of birds left, which is 6. after that, i subtracted 3 from 9 to get the number of puppies left, which is 6. finally, i subtracted 7 from 15 to get the number of spiders left, which is 8. so, the pet store owner has 6 birds, 6 puppies, and 8 spiders left, which adds up to 20 animals. </s> T: i think you missed something. cats?",focus
"S: sure. i started by calculating that jason fires his weapon every 15 seconds, so he shoots flames for 5 seconds every 15 seconds. this means he shoots flames for 5 15 1 3 of each 15-second interval. then i calculated that there are 60 seconds in a minute, so there are 60 15 4 intervals of 15 seconds in a minute. therefore, i concluded that jason shoots flames for 4 x 1 3 4 3 minutes per minute. finally, i converted this fraction to seconds, so i got 4 3 x 60 80 seconds per minute. </s> T: there is a mistake in here. could you please tell me how many times does he shoots his weapon in a minute if one time shooting takes 15 seconds?",focus
"S: sure! carter scores 4 goals per game on average. shelby scores half as many as carter per game on average, so that would be 4 2 2 goals per game on average. judah scores three less than twice as many goals as shelby per game on average, so that would be 2 x 2 - 3 1 goal per game on average. so, the total average goals scored by the team per game would be 4 2 1 9 goals. </s> T: there seems to be some sort of mistake with the number of goals scored by judah. could you please re read the question and try again",probing
"S: sure. i started by calculating that todd had 10 after he paid back his brother. then i subtracted the 75 he spent on ingredients from the 10, giving me a total of -65. then i calculated that todd earned 150 from selling the snow cones, so i subtracted the 110 he had to pay back his brother from the 150, giving me a total of 40. but then i remembered that todd had also spent 75 on ingredients, so i subtracted that from the 40, giving me a total of -35. </s> T: if i borrow 100 from someone can i return 130 to the person without earning more?",probing
"S: sure! i started by dividing 1 million tokens by 2, which gave me 500,000 tokens for sandy to keep. then, i divided the remaining 500,000 tokens by 5, since there are 4 siblings plus sandy, which gave me 100,000 tokens for each sibling. finally, i subtracted 100,000 from 500,000 to get 400,000, which is the number of more tokens sandy has than any of her siblings. </s> T: you seem to have miscalculate the number of siblings. sandy is not a sibling to herself. she has 4 siblings.",focus
"S: sure. on the first day, the two men worked for a total of 2 x 10 20 hours. on the second day, they worked for a total of 2 x 8 16 hours. on the third day, they worked for 2 x 15 30 hours. altogether, they worked for 20 16 30 66 hours. each man was paid 10 per hour, so together they were paid 2 x 10 x 66 1320. </s> T: there seems to a repeated multiplication. if me and my brother work for 5 hours everyday and get paid 5 an hour, how much money would i make at the end of the week",probing
"S: sure. first, i found the minimum number of dark blue marbles. since at least a third of fred's marbles are dark blue, i divided 63 by 3, which gave me 21. then, i knew that 4 marbles were green, so i subtracted 21 and 4 from 63, which gave me 38. finally, i subtracted 4 from 38, since all of the rest were red except for 4 that were green, and that gave me 34, which is the answer. </s> T: jack has black, green and yellow coloured pencils total 60 in number. if one third are yellow 15 are black and the rest are green, how many green pencils are there?",probing
"S: sure. i started by letting olaf's age be x. then, i used the information given to calculate beckett's age as x-3, shannen's age as x-2, and jack's age as 2x 1. finally, i added all of the ages together to get 5x-4. when i substituted x 12, i got 56 as the answer. </s> T: x 12 is a wrong substitution. you have assumed olaf's age to be x and have substituted it with beckett's age",focus
"S: sure. first, i calculated the 20 discount on the 20.00 item, which is 20 x 0.01 x 20 4.00. so the discounted price of the item is 20 - 4 16.00. then, i added the cost of the item to the cost of the other items in the cart, which is 54 20 74.00. after that, i applied the 10 coupon, which reduces the cost by 10 x 0.01 x 74 7.40. finally, i subtracted the coupon from the total cost, which is 74 - 7.40 66.60. </s> T: that doesn't seem to be correct. why have you added the item's price again in the total? it's already included in 54",focus
"S: hi teacher, the cookie dough makes three batches. </s> T: ok, that's excellent. so if we have 81 chips. how many chips are in each batch?",telling
"S: hi, the gecko eats 210 crickets over three days. </s> T: that is not what the question says. can you see where you have gone wrong? what does the question say?",telling
"S: oh, i see. so i need to subtract 11 from 47 to get the number of carrots left over. so 47 - 11 36. so i will have 0.75 baby carrots left over. </s> T: is your answer how many carrots are left, per goat?",probing
"S: my second step was to divide the total number of balloons 5176 by 10, which equals 517.6. since we cannot have a fraction of a balloon, i rounded down to the nearest whole number, which is 517. </s> T: but is 5178 not the total number of black balloons?",probing
"S: to work out the profit made by star wars, we need to subtract the cost of making star wars from the total amount earned. so, the profit made by star wars is 200 million - 25 million 175 million. </s> T: forget the earning to start with",probing
"S: on the third day, eliana walked an additional 100 steps, bringing her total to 1100 steps. therefore, the total number of steps eliana walked during these three days is 500 1000 1100 2600 steps. </s> T: no have another go",focus
"S: yes, i was getting the correct answer until the end. i just didn't understand the problem type and what strategy to use. </s> T: okay let me help you?",generic
"S: oh, i see. so if there were 6 plants by the end of month 1, then there must have been 3 plants at the beginning. so mark initially planted 3 strawberry plants. </s> T: yes well done. can you explain where you found this confusing ?",generic
"S: after getting the 5 games from henry, neil has 7 5 12 games. </s> T: relook at the question - henry has 4 times more games than neil after giving him 5. knowing this re look",probing
"S: oh, i see. so he started with 18 105 - 54 3 27 watermelons </s> T: let's start by focusing on the sold watermelons. he sold x amount at 3 and made 105 so how many did he sell?",focus
S: it takes 24 minutes to clean 1 normal sized car. </s> T: an suv takes twice as long as how long is that?,probing
S: chris will take away 1 4 x 40 10 marbles. </s> T: ryan will also take away a 1 4 of the 40 marbles. how many will he take away?,probing
S: hi! lily started with 55 and she spent a total of 28. </s> T: using just those two numbers calculate how much she has left?,focus
"S: yes, that is correct. </s> T: once it is cold and there are 3 ounces left, omar drinks 1 more ounce of coffee. how much does coffee is left?",telling
"S: the cheaper pair is the second pair, which is now 30. </s> T: is the cheaper pair the 60 shoes or the 40 dollar shoes?",probing
"S: yes, that is correct. </s> T: so on day 3 you have 3 3x or 9x, and on day 4 you have 3 9x or 27x. correct?",probing
"S: mariana oh, i see. so, if one half of tanya's erasers are red, then she has 10 red erasers. rachel has three less than one-half as many erasers as tanya has red erasers, so rachel has 10 - 3 7 erasers. and hanna has twice as many erasers as rachel, so she has 2 x 7 14 erasers. </s> T: tanya has 10 red erasers - rachel has 3 less than half of tanyas - try that agin",probing
S: eight movie tickets were bought. </s> T: so multiply that by 30,probing
S: 12 pies were made </s> T: and how much does it cost to make a pie?,probing
"S: oh, right. paul usually does 2 hours every night plus 5 hours at the weekend, so he has a total of 2 x 5 10 hours of homework for the entire week. he has 2 x 2 4 hours of practice during the week. so he has 7 - 2 5 nights to complete his homework. he needs to average 10 5 2 hours of homework per night. therefore, paul needs to do 2 - 2 0 hours of homework on the nights he has practice and 2 hours of homework on the other 3 nights. </s> T: how many days during the week",probing
"S: oh, right! so, randy had 3200 - 200 3000 before smith gave him 200. therefore, randy had 3000 - 200 2800 at first. </s> T: you have taken 200 off twice there. it only needs to be removed once",probing
"S: hi, the number of comic books liked by males is 120. </s> T: ok so if 90 femals and 120 males like comic books how many people is that altogether?",focus
S: hi teacher. janice walks up 5 x 3 15 flights of stairs when she goes to her office. </s> T: good. now calculate how many flights janice goes down only?,probing
"S: after the 4th turn, the car immediately exited the tunnel, so it didn't travel any further. </s> T: what was the total distance travelled in turns 3 and 4?",probing
"S: yes, that is correct. </s> T: good work? that is how many he has to eat in the spring!",generic
"S: hi teacher, nigel started with 45 and twice that amount would be 90. </s> T: if nigel has 10 more than the 90 how much does he have before giving any away?",probing
"S: on monday, geoff spent 60 total on sneakers. </s> T: how much did geoff spend total on tuesday if it is 4 times as much as he did on monday?",probing
S: the problem asked me to calculate how many millions star wars earned. </s> T: so you gave the figure for star wars' profits... how would you find the earnings?,probing
"S: deandre yes, that is correct. </s> T: how much did the first ring cost jim? if he sold it for 5000, much much is he out of pocket for that ring?",probing
S: 320 rose petals are needed to make an ounce of perfume. </s> T: how many ounces are in each bottle of perfume?,probing
"S: on the first day, they picked 58 2 29 mushrooms. </s> T: excellent. how many did the pick on the second day?",probing
S: there are 7 people wearing checkered shirts and 26 people wearing striped shirts. </s> T: how many total people are there in the cafeteria?,probing
"S: oh, right. i should have been more careful. so, flora needs to drink 2 more gallons of milk daily, which means she needs to drink 5 gallons of milk daily in total. </s> T: great you got it",generic
"S: i did 15 2 30 because i needed 2 cups of sugar for the frosting and each bag of sugar contains 6 cups, so i multiplied 6 cups by 2 bags of sugar to get the total number of cups of sugar for the frosting. </s> T: so you have 15 cups right? and you need 2 cups per dozen for frosting. how many dozens can you make for frosting?",focus
"S: sure, 1.75 liters is equal to 1750 milliliters. </s> T: yes, that is correct. thank you.",telling
"S: mariana i thought that since jeff was eating one donut each day, i needed to subtract one from the total number of donuts he was making each day to get the amount he had left. </s> T: so jeff's eaten donuts have been included. can you see where you have gone wrong after this point?",focus
"S: the amount of the 20 tip is 24. </s> T: yes, that's correct.",telling
"S: oh, i see. the total number of blue notes is actually 70. so the total number of notes put into the complaints and compliments bins is 30 70 100. </s> T: yes, that's correct.",telling
"S: no, that doesn't make sense. i should have multiplied 4 jalapeno strips by 8 slices, which is 32 slices per sandwich. so for 8 hours, the sandwich shop needs 96 sandwiches x 32 slices 3072 jalapeno slices. since there are 8 slices per jalapeno, they need 3072 8 384 jalapeno peppers. </s> T: but let's look again, the question tells you that each sandwich uses 4 strips of pepper. not 32.",focus
"S: i went back to the beginning because i wanted to make sure i had the right answer. i wanted to make sure i had accounted for all the tomatoes that were harvested and given away, so i went back and checked my calculations. </s> T: oh that makes sense. but then you said 0 were remaining, but you had already determined 700 were remaining?",focus
"S: yes, i multiplied the number of eggs by 60 because that is the amount of time it took ms. mosel to collect the eggs. so, if she collects 270 eggs in 1 hour, that means she collects 270 x 60 16,200 eggs. </s> T: this is incorrect it takes her 60 minutes to collect 270 eggs",focus
"S: i chose to use 1 2 to represent the word twice because i thought it was the easiest way to represent the number of dreams gavin had last year. i realized that if i multiplied 1460 by 2, i would get the total number of dreams for both years, instead of just the number of dreams for last year. </s> T: what does the word twice mean?",probing
"S: on a normal day, it would take 3 minutes to fill a barrel. </s> T: so on a normal day how long would it then take to fill 12 barrels?",probing
"S: yes, i think i did. i should have multiplied 3 by 60 instead of 6 </s> T: we need to find half of 60 so would we multiply.?",focus
"S: sure. to get the final selling price of the house, i subtracted the broker's commission of 4000 from the total selling price of 96000. this gave me the final selling price of the house which is 92000 </s> T: could you explain why you too, the commission away as this was something she received",probing
"S: yes, i think we need to break it down to how much each section collected per week. to do this, we can divide the total amount collected in two weeks 280 kilos by the number of weeks 2 to get the amount collected per week, which is 140 kilos. then, we can multiply that amount by the number of weeks in three weeks 3 to get the total amount collected in three weeks 420 kilos . </s> T: correct and if this is for one section and we have four sections what would your total each week be",focus
"S: yes, i have used the correct symbol. i was not sure how to apply the correct operation to the equation. </s> T: so if the student starts with 50 and adds 20 more on the first week could yo7 explain why you subtract 20",probing
"S: oh, i see! so double-counting means counting the same people twice. so if bill double-counted 8 toddlers, he would think there were 16 extra toddlers, not 8. so the equation should be x-3 26-16 8. simplifying the right side x-3 18. adding 3 to both sides x 21. so the actual number of toddlers is 21. </s> T: basically correct, though you added an extra step.",probing
S: janet uses 15 pounds of cat litter weekly. </s> T: how many weeks does she need to buy for?,probing
"S: oh, i was supposed to add together the visitors for october, november, and december. </s> T: excellent, recalculate with the last month added in.",probing
S: anna worked 30 minutes and billy worked 18 minutes. that means anna worked 12 minutes more than billy. </s> T: how many minutes does it take to wash a dish?,probing
"S: eric has taken the wallpaper off of 1 wall of the 4 walled dining room, and he has 3 walls left to do in the dining room and 4 walls in the living room. </s> T: so how many walls total are left to do?",probing
S: his brother scored a total of 15 baskets. </s> T: if levi needs to beat him by 5 what is 5 more than 15 baskets?,probing
S: chandler is buying eight movie tickets and five football tickets. </s> T: how much will the 8 movies tickets cost?,probing
"S: with a sprained wrist, it would take her 110 minutes to frost 10 cakes. </s> T: how many minutes longer does it take longer to frost 1 cake with a sprained wrist?",probing
"S: yes, that's correct. </s> T: now let's calculate what twice the amount nigel originally had is plus 10 more. how much did nigel start with? what is twice that amount? now add 10 more. how much is this?",probing
"S: no, that's not correct. i should have said that all six unicorns would create 12000 flowers when walking across the forest. </s> T: you said the journey is 9000 metres and each unicorn steps 3 meters. so how many steps does 1 unicorn take?",probing
"S: hi, yes, the question states that marla is mixing a particular shade of lilac that's 70 blue paint, 20 red paint, and the rest white paint, so there are three paint colours. </s> T: that's great brenda. now have a look at your working out and see if you can spot the mistake that you have made. just ask if you need a clue.",focus
"S: sure. marcus was getting ready for a road trip to la. he checked his car and it had 1728 miles on it. he filled up his gas tank twice and used up all the gas on the trip. his car gets 30 miles per gallon and holds 20 gallons of gas. so, when he reached la, he wanted to know how many miles his car had on it now. </s> T: so would we expect his mileage to be more or less after his trip?",probing
S: the question is looking for the number of lines the first character has. the answer is 14. </s> T: re-read your answer and stop when you get to the first equation you wrote which says how many lines the first character has. what is that equation?,probing
"S: there are usually 4 weeks in a month. </s> T: ok, if you subtract a day's pay from each week, how many day's pay did you subtract from her monthly pay?",probing
"S: lilith originally needed to raise 120 for the present. she would have made 120 if she sold the water bottles at 2 each, but since she had to reduce the price to 1.85 each, she will only make 111. </s> T: so how much extra money does she still need to buy the present after selling the bottles at the cheaper price?",probing
"S: mariana hi, i think i got the answer right. </s> T: can you talk me through it?",generic
S: bill included 8 extra toddlers that he shouldn't have. </s> T: good!,generic
S: the pet store owner fell 45 short of his goal. </s> T: what percentage did he actually sell of the 100 goal?,probing
S: 30 blocks </s> T: check what you wrote... how many blocks were in the tower before jess's father played.,probing
"S: it means that he sold twice the amount of paintings that he sold last month. so if he sold 8 large paintings and 4 small paintings last month, he sold 16 large paintings and 8 small paintings this month. </s> T: that's not quite right. does it mean the amount of paintings or the amount of money?",probing
"S: there are 40 students and 10 instructors, including alice, so 50 people in total. </s> T: good. if there are 40 students as you said, how many are bringing their own life vests?",probing
"S: ronny she has to pay 300 for the certification out of pocket. </s> T: that's right. so for the certification, her out of pocket cost is 300. what are the other costs that alice has to pay?",probing
"S: oh, i see. x 30. so there were 30 kids at the cookout in 2004. </s> T: let's try it again. let's just focus on the left side of the equal sign. what is 2 3 x 2?",probing
"S: sure. the 90 is the total amount marian spent on groceries and gas. she spent 60 dollars on groceries and 30 dollars on gas, which is 60 30 90. </s> T: yes, this is correct. however with a credit card and credit we add the amount to the card. it would be best to calculate each step.",telling
"S: oh, i see. i forgot to add the 30 minutes for the first step. so the total is 30 45 90 165 minutes. </s> T: no you did add the 30 and 15 to get 45 , the error is the next calculation",telling
"S: step 2x 8 is derived from the equation 2x 15 23. i subtracted 15 from both sides of the equation to get 2x 8. this is because if the cost of a large puzzle is 15 and the cost of a large and small puzzle together is 23, then the cost of a small puzzle must be 8. </s> T: ah ok, then a small puzzle is 8. this should have then been x 3",telling
"S: yes, i double-checked and the figure is correct. </s> T: you were correct in 80 guests you d not need to add the 50 again, could you work on from there",telling
"S: i thought that since there were twice as many hawksbill turtles as green turtles, there were three parts in total. i thought that if the number of green turtles was 800, then one part would be equal to 800 1 800 turtles. so, i multiplied 800 by 3 to get 2400. </s> T: i can see what you were thinking. you were right until the final part of the 2400. what was the total number of turtles including both?",focus
"S: oh, i see what i did wrong. i should have subtracted 45 from 60 instead of 55. so the answer should be 60 - 45 - 45 10 minutes </s> T: your total is 300 minus 245",telling
"S: oh, i see. so jackson has 0 emails in his inbox initially and then he receives 65 emails. after deleting 20 emails, he has 65 - 20 45 emails left. including the additional 10 emails he received, he now has 45 10 55 emails in his inbox. </s> T: where does he receive 65 emails?",probing
"S: no, i don't think i made any errors in my calculation. </s> T: jim is out of pocket by his wife s ring and half the first ring, how can we work this out",focus
S: this would be 60 10 70 pounds </s> T: yes and at her peak 300 0.5,focus
"S: the answer i am trying to find is the original length of the boards before tom cut the 7 cm off. </s> T: so look at the full original answer you wrote, showing each step... you gave two answers as to how long the boards were before making them the same length. what are those lengths?",probing
S: eric wants to rent the house for 20 days. </s> T: how much would he pay for the first 14 days?,probing
S: bob had 20 feet of unused rope left after giving 1 2 to his friend. </s> T: how many 2 foot section could he have using the 20 feet?,probing
S: 85 of 120 apartments 0.85 x 120 102 apartments have at least one resident. </s> T: what is the number of apartments that have at least 2 people living in them?,probing
S: there are 8 tires between all of ignatius's bikes. 4 bikes x 2 tires each 8 tires. </s> T: with this in mind can you relook at the question and try again,focus
S: the question is asking how many mistakes nadia will make on average in 8 minutes of playing the piano. </s> T: what would be the answer you found for that question?,probing
S: the cost of concessions was 12. </s> T: that's right. and how much was spent altogether?,probing
S: two-fifths of the children are girls. </s> T: that's right. and how many children are there in total?,probing
"S: yes, i understand now. if the farmer has 50 male cows, then 100 - 50 50 cows are females. if each female cow produces 2 gallons of milk a day, then 50 x 2 100 gallons of milk will be produced a day. since the farmer has 50 male cows, they don't produce milk, so the total milk produced a day is 100 gallons. 100 </s> T: why do you think there are 100 cows? where does it say that?",generic
"S: the new cost of the bag is 25 of the original cost, so it is 1.50. therefore, the total cost for 2 bags is 9.00. </s> T: you are right that the cost of the new bag is 1.50. but what is the cost of 2 bags if each bag costs 1.50?",probing
S: there are 11 stripes on each shoe across all 3 people. </s> T: that's right. and how many shoes does each people have?,probing
"S: oh, i see. i forgot to subtract the smallest weight. the range should be 60 - 46 14 kg. </s> T: yes well done. can you see where you made an error?",generic
"S: tom needs two visits to the normal doctor, just like the discount clinic. </s> T: are you sure? read the question again.",focus
"S: oh, i see now. over 8 weeks, she spends 8 x 3 x 1.50 24 on those newspapers. she also spends 2.00 on the sunday paper each week, for a total of 8 x 2.00 16 over 8 weeks. therefore, hillary spends a total of 24 16 40 on newspapers over 8 weeks. </s> T: no. hilary spends only 0.50 per day. check again",probing
"S: oh, i see now. so, the total number of guests would be 50 50 x 0.6 85 guests. the cost for guests would be 85 x 500 42,500. the total wedding cost would be 10,000 42,500 52,500. </s> T: what is 60 of 50?",probing
"S: carlos takes 3 minutes to run around the block, which is 180 seconds 3 x 60 . </s> T: what about diego",probing
S: he earned 6 dollars </s> T: how much did he have before,probing
S: ariel was born in 1992 </s> T: when did she start fencing,probing
S: he travels at 30mph for 3 hours </s> T: how long does he travel at 25mps,probing
S: steven polly spends 155 minutes cooking this week </s> T: how long at breakfast,probing
"S: hi, the number of seeds remaining after not landing on water or being eaten was 200. </s> T: that's not quite right, have another look through your solution please and try again.",focus
"S: sure. the question is asking how long it will take for james to be able to lift heavy again after he has injured himself. he knows that the injury will take at least 15 days to heal, and he wants to wait another 3 days before he starts working out again. so, he will wait 18 days in total before he can start lifting heavy again, and then he wants to wait another 3 weeks. so, in total he will have to wait 21 days until he can lift heavy again. </s> T: so he waits 18 days, plus another three weeks, right?",focus
"S: for one dozen, chloe would make a profit of 20, which is 50 - 30 20. </s> T: remember that she's selling half a dozen for 30. how many half dozen can she sell from each 50 dozen she buys?",focus
"S: sure. the two specialists each charged dakota 250 per hour for their 15 minutes of work. so, the total cost for the two specialists was 250 x 2 500. </s> T: you've calculated that for full hours, but also said that they only did 15 minutes of work. is that correct then?",probing
"S: hi, i first identified the types of bread candice was buying and then calculated the cost of each type of bread for one week. i then multiplied the cost of each type of bread by four to get the total cost for four weeks. </s> T: that's a smart plan! why don't we start by calculating how much candice spends at the bakery in a single week",focus
S: i was thinking about how much each item costs and then adding them all together to get the total cost for the first year. i used the calculator to make sure i got the right answer. </s> T: you did great! what are each of the items lisa spent money on?,focus
"S: i felt a bit confused at first because i wasn't sure which pieces of information were relevant and which weren't. but after you asked me some questions and i used the calculator, i was able to figure out the answer. </s> T: i think you did great! this type of question can be very confusing. i'd like to start by asking you a silly question -- how old are you now?",probing
"S: hi, range in maths is the difference between the highest and lowest values in a set of numbers. </s> T: brilliant. i can see from your workings you have correctly identified that brad's pumpkin is 54 pounds, jessica's is 27 and betty's is 108 pounds. so what is the difference between the heaviest and lightest pumpkin in pounds?",focus
"S: yulia made a total of 122, which is 44 from her lemonade stand, 47 from her gross revenue, and 31 from babysitting. </s> T: don't count the net 44 toward the revenue. that is already included in the 47.",telling
S: the driver travels 30 x 3 90 miles on monday and 25 x 4 100 miles on tuesday. </s> T: ignore the day of the week for now. how many miles is that in a single day?,probing
S: there were 300 adult women. </s> T: try again.,focus
S: the duration of the original 25 songs is 25 x 3 75 minutes. </s> T: that's right. and what is the duration of the additional 10 songs?,probing
"S: there are 10 students in the class. </s> T: that's right. if half of those students make 3 artworks each, how many artworks is that?",probing
"S: yes, i could have used the unit rate method to solve this problem. instead of finding the cost of one brown sock, i could have found the unit rate of the cost of a brown sock compared to a white sock. the unit rate would be 25 cents for every white sock. therefore, 15 brown socks would cost 15 x 25 375 cents. </s> T: how about firstly we start with the cost of two white socks and the difference between this and one brown sock",focus
"S: oh, i see. the range of their weights should be the difference between the largest and smallest weights, which is 60 - 46 14 kg. </s> T: yes that is correct",generic
"S: the first step is to set up an equation to find x, which is the number of laps sarith runs around the children's football field. we can set up the equation 3x 12, where 3x represents the number of laps kristin runs and 12 is the number of laps she runs around the adult football field. </s> T: we know that she runs 3 times faster so could we divide this by 3",telling
"S: four barrels would store 43 x 4 172 gallons of water. in addition, the cask can store 20 gallons of water. therefore, james can store a total of 172 20 192 gallons of water. </s> T: we are only looking for the total in barrels, how much would this be",telling
S: my next step would be to find the current cost of the lawnmower by multiplying 3 5 times 1800. then i would multiply the current cost by 4 to find the total cost for 4 lawnmowers. </s> T: to arrive at 720,probing
"S: mariana each pack has a red, yellow, and green pencil inside </s> T: so how many just red pencils did he buy",probing
"S: oh, i see! i forgot to multiply the number of flights by the number of seats. the correct answer should be 700 x 10 7000. sorry about that! </s> T: no. let's start from the beginning. each airplane has 20 x 7 seats which is equal to what?",probing
"S: yes, that's correct. </s> T: if pam is twice as young as rena currently but only 5 years younger than her in 10 years then how old is she now?",probing
"S: oh, i see. from monday to sunday, the baker sells pastries for 7 days, and the total number of pastries sold is 2 3 4 5 6 7 8 35. the average number of pastries sold each day is 35 7 5 rounded to one decimal place . therefore, on average, the baker sells 5 pastries each day of the week. 5 </s> T: perfect. just remember to read the question properly",generic
"S: so, 8 friends x 2 slices each 16 slices, and amber eating 3 slices 19 slices in total </s> T: good. if you subtract that from the total amount of slices what are you then left with?",probing
S: there will be 3414 1762 5176 black balloons. </s> T: good so if you add the yellow balloons on top of that how many balloons do you have altogether?,probing
S: two days. </s> T: so how much money would they make on two weekend days if they made twice as much each day as they do a week day?,probing
"S: the budget left after buying the tv is 1000. </s> T: if the fridge costs 500 more than the computer, what would be left to buy the computer and fridge?",probing
"S: i didn't realize that the 900 he pays in rent each month is not a profit. i thought it was part of the total earnings from the apartment. i now understand that the profit is the difference between the total earnings from the apartment and the rent he pays. therefore, the profit is 14,400 per year. </s> T: re-examine your answer, you still left in his rent payment in your calcuation.",probing
"S: hi, i think my answer is correct but i'm not sure. i used a calculator to make sure i didn't make any calculation errors. </s> T: that's a great idea to check our work with a calculator. however, you've made a little mistake so let's take a look. you said that there are 9 cracked eggs. look again and see if you still agree with this.",probing
"S: hi, i feel pretty good about my method. i think i figured out the correct answer, but i'm not sure if i'm completely understanding the problem. </s> T: you obviously enjoy algebra! you made some great progress - but do you think there might have been a simpler and or quicker way to solve this?",generic
"S: there are 28 garden gnomes in the yard, and three-fourths of them have red hats, so 28 3 4 21 gnomes have red hats. </s> T: how many of those 21 gmones had big noses?",probing
"S: jacob can make a maximum of 6 s'mores with his current supplies of 48 graham crackers. he needs 2 graham crackers and 1 marshmallow per s'more, so he needs 2 x 6 12 graham crackers and 6 marshmallows. </s> T: re-read the question. how many graham cracker does it take to make a smores?",probing
"S: hi, the book has 31 chapters. </s> T: that's right. why did you do 10 x 3?",probing
"S: yes, i think my answer is correct. </s> T: you've done really well with your calculations for most of the question but i can see a small misunderstanding. how many people make up a pair?",probing
"S: yes, i read the question again and i still get the same answer. 2 old books need to be reread. </s> T: lets look a step at a time. how many books is she given new and how many has she bought. then how many do we need to take away due to her wanting to borrow less",generic
"S: yes, i can check my answer again. the total contribution before harry added his 30 was 3x, which means 3 times the contribution of each friend. so each friend contributed 15, and 3 times that amount is 45. then harry added 30, making the total contribution 75. so the answer is still 15. </s> T: was the total three trimes the amount oof his contribution before oor after he contributed?",generic
"S: in my second line, i calculated that johnny makes the crab dish 160 times in a week, because he makes it 40 times a day and there are 4 days in a week. </s> T: oh yes, apologies, that line is correct",focus
"S: brianna gets 6 books as a gift, 8 books that she bought, and 6 books that she will borrow from the library. so she will have a total of 6 8 6 20 books </s> T: great, now solve the problem using that value",focus
"S: i added their number of pages together because i wanted to find the total number of pages that they read over the summer. i thought that if i knew the total number of pages, i could divide it by the number of days in the summer to find the average number of pages read per day. </s> T: correct, that would be right if the question wanted their values combined",focus
"S: the cannoneers must be men since none of them were women. </s> T: great, so they make up some of the 252 men. what is the total number of people?",focus
"S: oh, i see. so it will take him 8 months to save enough to buy the ring, but he can only spend 1000 per month on the ring. so it will take him 8 months to save enough to buy the ring that costs 8000 </s> T: how much should he spend on the ring considering it needs to be 2 months' salary?",focus
"S: hi, i multiplied 40 times 4 to get the number of times he makes the dish in a week, then multiplied that by 1.5 to get the number of pounds of crab meat he uses in a week. then i multiplied that by 8 to get the cost of the crab meat in a week, and then divided that by 4 to get the cost of the crab meat for the 4 days he is open. </s> T: ok so johnny makes the crab did 40 times a day. he does that 4 times a week. what is that total?",probing
"S: oh, i see. so each friend should pay the tip of 10 of their own portion, which is 75 5 15. adding the tip, each person pays 15 0.1 15 16.50. </s> T: the total tip is 15, correct?",probing
"S: yes, that's correct. </s> T: so, if she has already collected 240 sticks, how can be work out how many weeks she's been collecting if she gets three sticks every week?",probing
"S: oh, okay. i understand now. i was missing the part about using the smallest number of coins possible. so, i should have used quarters, dimes, and pennies to get the smallest number of coins. that means rosie will get 1 quarter, 1 nickel, and 1 penny as change, for a total of 3 coins. </s> T: well done. what made you realise you had made a mistake?",focus
"S: sure. the sequence would be 1, 2, hush, 1, 2, hush, 1, 2, hush. </s> T: good, so if the dog finally stopped barking after six hushes, can you write this sequence?",probing
"S: martha has 15 apples left. </s> T: she started with 20, right? she gave away some to jane and some to james. can you show me this calculation please.",focus
"S: hi teacher, i understand now that i made an error in my solution. i was not recognizing the problem type and did not know what strategy to use. i now understand that i need to multiply the number of cherries needed per quart by the number of quarts to get the total number of cherries needed. then, i need to divide the total number of cherries needed by the number of cherries picked per hour to get the total number of hours needed to pick the cherries. finally, i need to add the number of hours needed to pick the cherries to the number of hours needed to make the syrup to get the total number of hours needed to make 9 quarts of syrup. </s> T: if you were making a cake and you doubled the quantities in a recipe to make it larger, would you need to double the time taken as well?",probing
"S: oh, i see. the number of adult women was 600 4 150, not 600 2 300. so the total number of adult men and women involved in the event is 600 150 750. the rest of the community members involved in the cleaning event were children, which is 2000-750 1250 children. 1250 </s> T: no, there are twice as many adult women as men. can you see your error?",focus
"S: sure! let's say tony bought x pounds of cheese. the cost of x pounds of cheese is 7x dollars. the cost of 1 pound of beef is 5 dollars, so the cost of x pounds of beef is 5 dollars. tony spent 7x 5 dollars 12x dollars on cheese and beef. tony had 87 before buying cheese and beef, and 61 after buying them, so he spent 87 - 61 26 dollars on cheese and beef. we can set up an equation 12x 26. solving for x, we get x 2.17 pounds of cheese. so tony bought 2.17 pounds of cheese. </s> T: what if you take the cost of the beef from the 87?",focus
"S: yes, my solution is that kendra's total earnings in the two years is 22000 28000 50000. </s> T: and how do you work that out?",generic
"S: yes, i see my mistake now. the terrier barked 6 times before the owner hushed it once, twice, hush, once, twice, hush, once, twice, hush . so, x 6. therefore, the poodle barked 2x 2 6 12 times. 12 </s> T: if the dog's first bark is an odd number and the second bark, which is hushed is an odd number, can you list the barks that are hushed, e.g. 2, 4 etc",probing
S: oliver filled the tub with 1680 ounces of water. </s> T: that's right. and how many ounces of water did he remove?,probing
"S: the delivery person needs to make 12 stops total. </s> T: not quite. there are 12 pizzas, and 2 of the stops are for two pizzas.",probing
"S: oh, i see. so it should be 1 6 35 100 5 12 11 20 21 60 25 60 57 60. that means the fraction of students who do not read novels is 1 - 57 60 3 60. then the number of students who do not read novels is 3 60 x 240 12 </s> T: what is the common denominator of 6, 100, and 12?",probing
"S: james will be 35 years old in 5 years. </s> T: good. and in 5 years, matt will be twice as old as james. how can we write that as an equation?",probing
S: a small puzzle costs 4. </s> T: try again,telling
"S: the 6-liter bucket already had 0 liters of water in it, so hamza could pour the 2 liters from the 5-liter bucket into the 6-liter bucket without overflowing. this means that she can put 2 more liters of water into the 6-liter bucket, bringing the total to 2 liters. </s> T: what is 6-2",probing
"S: sure. i started by assuming that the box of plugs had p pairs. then i knew that the box of mittens had p-20 pairs. after gunner added 30 pairs of plugs to the box of plugs, i knew that it had p 30 pairs. since i knew that the box of mittens had 150 pairs, i set up an equation p-20 150. by solving for p, i got p 170. so i knew that the box of plugs originally had 170 pairs, and after gunner added 30 more pairs, it had 200 pairs. </s> T: you're correct that there are 200 pairs",probing
"S: sure! 0.25 80x is the total amount of money from the quarters, and 0.1 100x is the total amount of money from the dimes. when we add them together, we get the total amount of money in all the machines, which is 20x. </s> T: can you check your addition again?",probing
"S: 4 creeping jennies cost 4.00 each, so the total cost for 4 creeping jennies will be 4 x 4.00 16.00. </s> T: that's correct - do you see the mistake you made?",probing
S: the second group has 60 people. </s> T: that's not correct. can you check again?,telling
"S: yes, that's correct. i calculated that tim paid 0.25 x 300 75 for the doctor visit. </s> T: and you said tim paid 60 for the cat's visit. correct?",generic
"S: each model has to show 5 pieces of clothing total, two sets of bathing suits and three sets of evening wear. </s> T: yes, so if each model shows 5 pieces of clothing or makes 5 trips up and down the runway, how many trips would 6 models make?",probing
"S: yes, that is correct. </s> T: so if you calculate the total for that 100 and 50 for both sets, how much did james spend?",probing
"S: yes, that is correct. </s> T: what is the difference between the 13 blue pebbles and the 6 yellow pebbles?",probing
"S: yes, that's correct. </s> T: what total did she sell of small 11 and medium cups 24 combined then?",probing
"S: i added the two numbers together because i thought that since it took 3 minutes longer to frost one cake with a sprained wrist, it would take 3 minutes longer for each of the 10 cakes, so i added the total time it took to frost the 10 cakes with a sprained wrist to the total time it would take to frost the 10 cakes without a sprained wrist. </s> T: but do you remember the original question that needed to be answered?",probing
"S: yes, i started by adding the number of seashells that henry and paul collected, which was 11 24 35. then i subtracted 35 from the total number of seashells they initially collected, which was 59, to get 24. i then divided 24 by 4 to get the number of seashells leo gave away, which was 6. finally, i added 59 24 - 6 to get the total number of seashells they have now, which is 77. </s> T: can you explain to me why you added 24 and took away 6?",probing
"S: mariana sure. i used seconds because i wanted to find out how much faster mac would run the 24 mile race compared to apple. to do this, i first found out the difference in their running rates by subtracting apple's rate from mac's rate. then, i divided the 24 mile race by the difference in their rates to find out how much faster mac would run it. finally, i converted the result to seconds to get the exact amount of time mac would run the race faster than apple </s> T: do you remember the original question?",probing
"S: yes, i multiplied by 0.5 because i was trying to find the total number of students who liked either chess or basketball. since the total percentage of students who liked either chess or basketball was 50 , i multiplied the total number of students 250 by 0.5 to get the total number of students who liked either chess or basketball. </s> T: but you came up with an answer of 63, which doesn't follow that method",probing
"S: yes, i divided 45 seconds by 60 seconds to get the number of pencils the hand-crank sharpener can sharpen per minute. then i multiplied that number by 6 minutes to get the total number of pencils the hand-crank sharpener can sharpen in six minutes. i did the same for the electric sharpener, and then i subtracted the two numbers to get the difference. </s> T: can you see where you might have went wrong in the first step",probing
"S: sure. i started by finding the length of the lake by using the speed and time the boat traveled. i then used the formula for the area of a square to calculate the area of the lake. </s> T: the problem gives you a figure to calculate the width of the lake, did you use this in your calculation?",focus
"S: hi, sure. i started by adding up the amount of time amaya watched the movie uninterrupted, which was 35 45 20 100 minutes. then i added the time she spent rewinding, which was 5 15 20 minutes. so in total, it took her 100 20 120 minutes to watch the movie. </s> T: that's correct, although the original answer you gave was 140 minutes, can you compare your approaches and see where you went wrong originally?",focus
"S: yesterday, sarah collected 50 aluminum cans while lara collected 30 more aluminum cans. so, sarah collected 50 cans and lara collected 80 cans. today, sarah collected 40 while lara collected 70 aluminum cans. so, today sarah collected 40 cans and lara collected 140 cans. to find out how many fewer cans they collected today than yesterday, we need to subtract the number of cans they collected today from the number of cans they collected yesterday. that is, 140 - 80 60. so, they collected 60 fewer cans today than yesterday. </s> T: we know that yesterday lara collected 80 cans and sarah collected 50. what is the total?",probing
"S: sure. i started by figuring out how many towels barney uses each week. i know he uses two towels a day, so i multiplied two times seven which gave me fourteen. then i subtracted fourteen from eighteen, which is how many towels he owns, to get four. that's how many dirty towels he has. next, i figured out how many towels he needs for the following week. i added fourteen, which is how many towels he uses in a week, to two, which is how many he missed, to get sixteen. then i subtracted four from eighteen to get fourteen, which is how many clean towels he has. finally, i subtracted fourteen from sixteen to get two, which is how many days barney will not have clean towels. </s> T: there seems to be a mistake in here. let us try something else to understand this. if i have 20 t-shirts at the beginning of a week and i wear one each day, how many clean t-shirts would i be left with at the end of the week?",probing
"S: the question is asking how many people were at ashley's birthday party, including ashley and the people her friends invited. </s> T: what did you work out?",generic
"S: i think my answer is correct, but i'm not sure. i used a calculator to make sure i didn't make any calculation errors. </s> T: yes, you've made correct calculations - well done! however, you made a small mistake on what the calculation should have been, even though your answer was correct. why did you subtract 4.50 from 6.75?",probing
"S: sure. so first i figured out how many books elise sold in the first year. i assumed that number to be x and then used the information that she sold twice as many books in the first year as she has sold in the current year to calculate x. then i subtracted the number of unsold books from the total number of books to get the total number of books sold in three years. since we already know how many books were sold in the first year, i was able to calculate how many books were sold in the second and third year. finally, i multiplied the number of books sold in the second year by the cost of each book to get the total amount of money earned in the second year. </s> T: wow, fantastic work! i love your use of algebra to help you with this question. do you think you have forgotten any steps?",probing
"S: hi, i'm doing okay. i'm having a bit of trouble with this math problem. can you help me? </s> T: sure! your calculations are correct, so well done on that - you just made one small mistake. how many additional windows does one house have?",probing
"S: hi, i'm doing okay. i'm having trouble with this math problem. can you help me? </s> T: sure! have a look at the price of taffy. can you try that again?",probing
"S: hi, i re-read the question and i see that i have to subtract the 160 he spent on video games from the 195 he earned from selling the lego sets. so 195 - 160 35. then i divide 35 by 15 which is the amount he sold each lego set for, and i get 2.3. so he sold 2 lego sets and still has 11 left. 11 </s> T: ok, you have the correct answer however your workings out are not quite correct. lets start at working out how much he spent on video games, that was 160 correct, now lets think about the 5 he has left over, what do we do with that?",focus
"S: sure, i understand the problem better now. josh bought a house for 80,000 and put in 50,000 in repairs, which increased the value of the house by 150 . so, the total value of the house after repairs is 80,000 50,000 150 100 x 80,000 250,000. therefore, the profit josh made is 250,000 - 130,000 the cost of buying the house and repairs 120,000 </s> T: when doing your workings out, do them one step at a time. so your first problem being 80,000 50,000 and so on...",generic
"S: candice started with 80 post-it notes. she used 220 post-it notes at work. she had 23 post-it notes remaining. so she used a total of 80 220 - 23 277 post-it notes. however, she only bought a package of post-it notes, so she must have had more post-it notes to start with. the number of post-it notes she bought is the difference between the total she used and the number she started with 277 - 80 197. so the answer is 197 post-it notes. </s> T: lets take it one step at a time we know she used 220 post it notes, and had 23 remaining so what do we need to do with these two numbers?",focus
"S: oh, i see. my answer is relevant to cost per month, not per year. so, i should multiply the cost per month by 12 to get the cost per year. </s> T: brilliant, what would that new total be?",generic
"S: okay, let's try again. let's call the number of spoons julia bought ""x"". her husband bought 5 more spoons, so the total number of spoons is now x 5. julia used 3 spoons to sample her stew, so she had 12 spoons left. we know that the total number of spoons is x 5, so we can set up an equation x 5 12 subtracting 5 from both sides x 7 so julia bought a package of 7 spoons. 7 </s> T: lets not think of the origional number being x as i think this is confusing you. what is the numbers we need to extract from the question",generic
"S: sure. i started by calculating the amount of money the mechanic earned on thursday for repairing truck tires and car tires separately. then i calculated the amount of money the mechanic earned on friday for repairing car tires. finally, i subtracted the amount of money earned on thursday from the amount of money earned on friday to find the difference in revenue. </s> T: that makes sense. let me ask you a slightly different question than the difference in revenue -- on which day was the revenue highest?",focus
"S: hi teacher, i prefer water. </s> T: i disagree, but i think we can agree that soda and water are different...so in this problem, are all 4 of john's weekend drinks the same?",focus
"S: yes, i remember that there are 3 feet in a yard. </s> T: great! so if the length of the room is 3 yards, what is the length in feet?",focus
"S: sure, the boots cost 94 and one pair of heels costs 33 while the other pair costs twice as much, which is 66. </s> T: great! what is the total cost of the heels?",focus
"S: hi, i'm doing well. </s> T: great! let me give you a hand with this.",generic
"S: riya i feel confident about my method with this problem. i think i did a good job breaking down the equation and using the correct operations. </s> T: that's great! yes, your method was good. you just made one tiny error when calculating the number of shoplifters. can you try the number of shoplifters again?",probing
"S: sure. we know that the cost of the boots and the cost of the two pairs of high heels combined is 5 more than the cost of just the boots. so, if we subtract 5 from the total cost of the two pairs of high heels, which is 99, then we get the cost of the boots, which is 94. </s> T: but remember the question says they cost 5 more?",focus
"S: cody i calculated 360 3 because i knew that the area of a rectangle is equal to the length times the width. since i knew the area was 360 sq ft, i divided 360 by 3 to get the width of the room, which was 120 ft. </s> T: you're correct that that the area of a rectangle is equal to the length times the width - but divinding the area by 3 won't give us the width. let's try it a different way. we know that the length is 9 feet. so 9 x something equals 360. what is that?",probing
"S: oh, i see. so, john drinks a total of 20 3 23 glasses of water in a week. </s> T: remmeber there are 2 days on the weekend",focus
"S: yes, i took away 10 from 40 because that was the cost of supplies for the 20 candles. i understand now that i need to add the cost of supplies to the total revenue to get the net profit. so the net profit is 40 10 50. </s> T: i think if you look back you have taken the supplies of when working out your profit by candle?",probing
"S: to get an average of 93 for six tests, brinley needs a total of 93 x 6 558 on all six tests. </s> T: remember its 5 test marks that count",focus
"S: hi, sure. i can try again. solo needs to read a total of 39 pages. he has 5 days to finish all his reading, so he needs to read 39 5 7.8 pages per day rounded to one decimal place . 7.8 </s> T: how many days has he already read for and how many days does he have left?",generic
"S: yes, i understand now. the answer is actually 60 cups of feed for the final meal, since each chicken needs 3 cups of feed and there are 20 chickens. </s> T: what information can you extract from the text that we need to work out?",generic
"S: after looking back over the question, i realized that i missed the fact that he was closed on monday and friday, so i need to subtract those two days from the total number of days in the week. that means that he had 5 days to sell bread. so, sam was off from his target by 120 - 65 55 crates of bread. </s> T: you have achieved the correct answer, however the number of days is irrelevant to the questin",generic
"S: after re-reading the text, i realized that i need to add the five scores together and subtract the lowest score from the total. then, i need to divide the total by 6 to get the average. since the average is 93, i need to multiply 93 by 6 to get the total score. then, i subtract the total score of the first five tests from the total score of all six tests to get the score needed on the sixth test. so, the answer is 191 </s> T: please do one step at a time, work out the total points already earned minus the lowest score",generic
"S: oh, i see. i forgot to subtract the 50 unsold books. so the total amount of money she earned in the second year is 110 x 20 - 50 2150 </s> T: please try the question one step at a time",generic
S: 5 </s> T: how did you get there?,generic
"S: oh, i see. i should have multiplied the 3 yards by 3 feet instead of dividing it. the correct calculation should be perimeter 2 length width perimeter 2 3 yards x 3 ft yd 120 ft perimeter 2 9 ft 120 ft perimeter 2 129 ft perimeter 258 ft </s> T: you are right that you need to multiply the yards by 3 to get the number fo feet but there was an earlier step before that line that also needs updating. can you try again?",probing
"S: oh, i see now. he had 5 balls left after he dropped 3 balls and lost 1. so the answer is 5. </s> T: no, i said you were right in the first place about how many balls josh had after he dropped 3 balls. you said 4 balls and that was right. but you didn't read the rest of the question carefully enough to realise how many balls he then juggled with. can you read it again?",probing
"S: in a week, 5 people will consume 2 kg of rice every meal, so the total amount of rice consumed in one week will be 2 x 14 28 kg of rice. </s> T: i meant to say how much rice would 5 people consume in week if they consume 2 kg each day?",focus
"S: mariana on the weekends, john drinks a glass of water 3 times a day and a soda once a day, which is 3 1 4 glasses of water and 1 soda per day. </s> T: wrong it's 3 glasses of water and 1 glass of soda. so for 2 days of the weekend, what is count of glasses of water and soda?",focus
"S: yes, i understand now. before losing 5 video games, brian had 20, so bobby has 3 times as many video games as brian does which is 3 20 60 video games. bobby has 5 fewer than 3 times as many video games as brian does, which means bobby has 60-5 55 video games. </s> T: that was the answer you submitted and it isn't correct. the comparison was made after brian had lost the 5 games. so how many games did bobby have?",probing
"S: oh, i see. toula spent 68 x 3 204 on donuts. </s> T: that's right. you made a similar mistake for the other items. how much did she spend on cupcakes if they are 80 per dozen?",probing
"S: oh, i see. after the update, carla had to download the remaining 200 - 80 120 gb. it will take her 120 2 60 minutes to download the remaining 120 gb. so the total time it takes to download the file is 40 20 60 120 minutes. </s> T: no, that's not right. if she had to start the download again from the beginning, that means that she has to download the entire file again. so how long did it take her to download the entire file after the update?",probing
"S: the capacity of the shelves is 6 rows and 6 columns, so the total capacity is 36 slots. </s> T: so if wendy wants to place 20 more than double the capacity of the shelves, how many she needs to carry?",focus
"S: oh, i see. 2 pounds of taffy would be 3 1.50 4.50. so sally spent 4.50 on the taffy, 1.50 on the seashells, and 1 on the magnets. that means sally has 10 - 4.50 - 1.50 - 1 3 left. </s> T: that's right! is there anything else about this question you need help with?",generic
"S: ayisha yes, i was confused about which pieces of information were relevant and which were irrelevant. i wasn't sure how to figure out the total cost. </s> T: alright, let's look at the prices provided in the question. what do they tell us?",focus
"S: the caterer prepared enough for half the guests to have 2 hotdogs, which means he prepared 18 x 2 36 hotdogs in total. </s> T: that is not right. he prepared enough for all the guests to have one hotdog, how many is that?",probing
"S: yes, i was confused about which pieces of information were relevant and which were irrelevant. i thought the number of meals in a week was 7 instead of 14. </s> T: alright, how should we figure out how many meals are consumed in a week?",probing
"S: oh, i see. the equation should be x 3 12. so x 9. julia bought a package of 9 spoons. </s> T: sorry there was typo in my message above. you were right that there was x 5 spoons. can you have another go at setting up the equation?",probing
"S: hi, the part that was confusing for me was understanding what the 5 of the value of the pension per year meant. i didn't know if it meant 5 of the total pension or 5 of the value of the pension each year. </s> T: alright, let's look at the question, what does it say about the 5 ?",focus
"S: oh, i see. in the current year, 45 books were sold. so in the second year, 110 books were sold and the total amount of money earned in the second year is 110 x 20 2200. </s> T: no, you know there are 3 sales years. you already worked out that 200 total books were sold and that 90 were sold in the first year, and you said that 45 were sold in the 3rd year. so from that total of 200, how many must have been sold in the second year?",probing
"S: hi, the part that was troubling me was understanding what steps or procedures were required to solve the problem. i was having trouble figuring out how to calculate the total number of old records that the 5 people brought in. </s> T: alright, so what does the question say about how many old records were worth?",focus
"S: the new house value is 250,000. </s> T: are you sure? remember the question states that he put in 50,000 in repairs..",probing
"S: sure. i started by figuring out how many candles would smell like wet dog. 5 of 50000 is 0.05 x 50000 2500 candles. then, i figured out how many of those candles would explode. 1 of 2500 is 0.01 x 2500 25 candles. so, in total, there would be 25 candles that both smell like wet dog and explode. </s> T: correct",generic
"S: sure. i started by calculating the number of days that sam had to sell bread. he was closed on monday and friday, so he had 5 days to sell bread. then i calculated the total number of crates he sold from tuesday to thursday. i added the 20 crates he sold over the weekend to get the total number of crates he sold in a week. finally, i subtracted the total number of crates he sold from his target of 120 crates to find out how many crates he was off from his target. </s> T: could you please you show me the calculations stepwise with explanation?",generic
S: sure. i calculated the total cost of the food by taking the cost of the tickets 20.25 3 6.75 and subtracting the amount they spent on food 4.50 . so the total cost of the food was 6.75 - 4.50 2.25. </s> T: read the question again is the cost of the food 4.50 less than their share of the tickets or the total cost of the tickets?,probing
S: josh intended to juggle with 7 balls in the show. </s> T: how many balls did he lose into the audience?,probing
S: julia had 9 spoons when she set the table. </s> T: please re-read the question.,telling
S: that means that there are 14 fish in each aquarium. </s> T: read the question again.,focus
S: he sold 20 crates over the weekend. </s> T: good. any how many crates did he sell during the week?,probing
"S: yes, i would like to recheck my answer. i think i made a mistake when i subtracted 5 from both sides of the equation. i should have subtracted 3 instead. so the equation should be x 5 12, and when i subtract 5 from both sides, the answer is x 7. so julia bought a package of 7 spoons. </s> T: we know that her husband bought 5 and she used 3 how many would this leave us",focus
"S: wendi needs to give 180 cups of feed per day. she has already given 40 cups of feed in the morning and afternoon, so she needs to give 180 - 40 140 cups of feed in the final meal. </s> T: careful. is it 3 cups per chicken once per day or three times per day?",focus
S: each sandwich requires 1 pound of meat and 1 pound of cheese. </s> T: what is the cost of 1 pound of meat?,probing
S: there are 70 pencils total. </s> T: don't forget the loose pencils.,telling
S: marcy has to work for at least 20 years before she earns any pension. </s> T: how many years past 20 does she work if she works there for 30 years?,probing
"S: oh, i see. so if i divide 28 by 2, i get 14, which is the number of fish in each aquarium. </s> T: 14 is the total for both aquarium so how many would be in each if they are the sme",focus
"S: oh, i forgot to subtract the 5 for the mini-golf. so, it will cost 20 per person. therefore, morgan can invite 85 20 4.25 friends. she can only invite 4 friends since she cannot invite a fraction of a person. 4 </s> T: no your ride totals are correct at 25 but you missed an amount off for something else",focus
S: john earned 13 x 15 195 from selling his lego sets. </s> T: re-read the problem.,telling
"S: sophia knew her car got 25 miles gallon because she drove 100 miles on 4 gallons of gas. 100 4 25, so she can get 25 miles per gallon. </s> T: how did she know it was 4 gallons?",probing
"S: yes, i would like to try again. let x be the total number of cards kenny started with. he kept 1 3 of them, so he sold 2 3 of them, which is 2 3x. he sold them for 1.5 each, so he earned 1.5 2 3x 3x 2 dollars. he wants to end up with 50 spending cash, so he needs to earn 100 50 150 in total. therefore, 3x 2 150. solving for x, we get x 200. kenny started with 200 cards. </s> T: if i tell you the answer is 150 cards can you work to this figure",telling
"S: oh, right! that means jam has 26 pencils in total. so, jam and meg need 70 26 2.69 boxes, rounded up to 3 boxes. </s> T: now can you think about how many pencils each box can hold based on the 24 pencils and two loose pencils?",probing
"S: yes, i added the 20 crates because those were the crates that were sold over the weekend, which was not included in my original calculation. </s> T: are you sure it wasn't in your original calculation?",probing
"S: 26 people cannot make it to the show. </s> T: are you sure? think about the calculation again. so only the females will be performing, so how many people is that in total?",probing
"S: mariana i think my answer is correct, but i'm not sure if i'm using the right strategy. </s> T: ok, let's have a look together. you've actually got the correct answer but you carried on with an unnessecary step! what does the question say happened to the balls that rolled off stage?",focus
"S: hi, i'm doing okay. thanks for asking. </s> T: let's takle a look at this question. can you tell me why you multiplied 12 by 3?",probing
"S: ronny i think my answer is correct, but i'm not sure if i'm understanding the problem correctly. </s> T: ok, let's take a look together. you've made a really good start but just missed one step. you've correctly worked out that f is 14 - great work! but f is the total number of fish that are in both aquariums. if there are 14 fish in 2 aquariums, how do you find out the number of fish in one aquarium?",probing
"S: hi, i feel like i understand the problem but i'm not sure if my solution is correct. i used a calculator to help me with the calculations. </s> T: yes, your calcuations are correct, well done! i don't think you've made a mistake here because the question is badly-phrased. the first line says ""he sells them for 15 each"" but it should say ""he sells some of them for 15 each"" ! i can see why you assumed that john sold all the sets and i would have made the same assumption.",generic
"S: hi, sure </s> T: what steps did you follow?",focus
S: a bottle of milk costs 2 x 3 6. </s> T: no - re read the question and then come back to me and tell me how much a bottle of milk is,generic
S: frank has composed 120 4 30 problems of each type. so he has composed 30 x 4 120 problems in total. </s> T: yes. 30 of each. can you spot where you originally went wrong?,generic
S: hi! </s> T: please talk me through this question,generic
"S: sure. i calculated that the factory produces 300 gummy bears per minute, and each packet contains 50 gummy bears. to fill 240 packets, the factory needs to make 12000 gummy bears. so, i divided 12000 by 300 to get the total time it would take for the factory to make enough gummy bears to fill 240 packets, which is 0.67 minutes. </s> T: let's go back to the question as i think you got a little confused. can you work out how many packets per minute are produced?",focus
"S: sure. team a scored 8 points in the first half and team b scored 4 points in the first half. in the second half, team b scored 6 points and team a scored 4 points less than team b, so team a scored 6-4 2 points in the second half. so, team a scored a total of 8 2 10 points. and, team b scored a total of 4 6 10 points. therefore, both teams scored a total of 10 10 20 goals during the whole match. 20 </s> T: okay lets break this down. how many goals were scored during the first half only?",probing
"S: sure. i'll try again. dianne has 1000 customers, 37 of which returned their books. that means 630 customers kept their books. each book costs 15, so the total sales is 630 x 15 9450. the 370 customers who returned their books had to be refunded, so 370 x 15 5550. subtracting the returns from the sales, dianne kept 9450 - 5550 3900 in sales. 3900 </s> T: let's start again. how much would diane make when she sold 1000 books?",probing
"S: after looking at my step 3, i realized that i had made a mistake. i should have multiplied the number of days 31 by 3 instead of 2. the correct answer is 81. </s> T: no. remember the library charges 50p per day and how many days are there inmay?",probing
"S: yes, i have made an error. i should have multiplied the length by 9 instead of dividing it. so, the correct answer should be 9 rectangles. </s> T: okay - you do not need to add 351 inches. with this in mind can you try again",probing
"S: oh, i see now. shawna has to do 30 - 12 18 situps more to meet her minimum goal. she has already done 12 19 31 situps in total. therefore, shawna has to do 30 - 31 1 situp on wednesday to meet her goal. </s> T: her goal is to do a total of 30 sit ups per day. taking into consideration this, what would be your new answer?",focus
"S: oh, i see. so, leila has twice the number of viewers as voltaire, which means she has 100 viewers per day. so, she earns 100 x 0.50 50 per day. and since there are 7 days in a week, she earns 50 x 7 350 per week. 350 </s> T: that is correct! do you understand the question now?",generic
"S: after reading through the text again, i realized that i missed the bus by 40 minutes. i calculated that delaney left his home at 7 50 a.m and it takes him 30 minutes to reach the pick-up point. so, when he reached the pick-up point, the bus had already left 30 minutes ago 8 00 a.m - 30 minutes 7 30 a.m . therefore, he missed the bus by 10 minutes 30 minutes 40 minutes. </s> T: if we know he gets the bus at 8 00am lets not think about the bus he missed at 7 30am and just the 8 00am bus that he has missed",focus
S: he has to dig through 6 8 14 feet of sand. </s> T: why does he have to dig through 14 feet if there are only 6 feet of sand on top of the treasure after the tsunami?,probing
"S: after rereading the text, i understand that governor sandoval gave 12 commencement addresses, governor hawkins gave 3 commencement addresses, and governor sloan gave 22 commencement addresses. therefore, the three governors gave a total of 12 3 22 37 commencement addresses. </s> T: so if govenor sandoval gave 12 as we know. how many would slan have made if they made ten more?",focus
"S: from germany to russia it is 7019 km. </s> T: no, you are told that spain to russia is 7019 km. you also know that spain to germany is 1615 km. so how do you work out the distance between germany and russia?",focus
"S: i can try to answer the question using multiplication. 7000 toilet papers per day times 31 days in march is equal to 217000 toilet papers. then, if the production was increased three times, the total production would be 217000 x 3 651000 toilet papers. </s> T: what information can you extract from the text that is impoortant for us to find the answer of the questioon?",focus
"S: oh, okay. let x be the weight of mars in tons. the weight of the other elements on mars is 30 of x, which is 0.3x tons. since the moon has the same composition as mars, the weight of the other elements on the moon is also 30 of its weight, which is 0.3x tons. since we know that the weight of the other elements on mars is 150 tons, we can set up the equation 0.3x 150. solving for x, we get x 150 0.3 500. therefore, the moon weighs 500 tons. </s> T: you are correct that mars weighs 500tons. but you have been told that mars weighs twice as much as the moon. so how much does the moon weigh?",focus
S: ayisha i'm feeling pretty confident about this problem. i think i understand it and i'm sure i got the right answer. </s> T: you did some great calculations but you made one small error. how many days in april did john walk the dog?,probing
"S: yes, i can try again. 80-32-11 37 students. so there are 37 students in class c. 37 </s> T: that is right. do you understand the question now?",generic
"S: sure. step 1 was to calculate the total number of colored pencils johnny bought, which is 15 x 3 45. </s> T: why did you do 15 x 3?",probing
"S: hi, i think i figured out the problem, but i'm not sure if my answer is correct. </s> T: i understand your confusion. let's try this without algebra, as i think you may find it easier. firstly, what is the age difference between trevor and his brother?",focus
"S: hi, i'm doing well. </s> T: great! let's have a look at this problem together as i think you're a bit confused. firstly , how long will it take austin to descend 270 steps?",probing
"S: sure, my first step was to calculate how long it would take cindy to run half a mile. i used the formula speed distance time, so i calculated that it would take 10 minutes for cindy to run half a mile. </s> T: that's correct now - but that's not what you did in your first step you said it was 20 minutes. never mind, you're there now! so what's the next step?",generic
"S: hi, it's going okay. i'm having some trouble with this math problem. </s> T: so what did you do?",generic
"S: steven i would have 12 of something. </s> T: so if nancy triples the 18 cubic feet of water, how much would she have?",probing
"S: i started by finding the fraction of decorations trey used sticky strips for. then i multiplied that fraction by the number of sticky strips he used to get the total number of decorations. finally, i multiplied the fraction of decorations trey used nails for by the total number of decorations to get the number of nails he used. </s> T: so if we take off the 2 5 thumb tacks, what fraction does that leave us?",focus
"S: it will take one day to do one step, since john adds one pushup per day. </s> T: so how many days will it take to do 15 wall push-ups?",probing
S: james had 10 pairs of black socks. </s> T: could you tell me the total number of pairs of red socks james had?,probing
S: the distance between the first and second stores is 6 miles. </s> T: what is the distance between the 2nd and 3rd stores?,probing
"S: wanda walks 0.5 miles each morning. </s> T: check again, she walks to the school and back in the morning. what is the answer?",probing
"S: yes, i figured out that jane will be 34 years old in six years and dara will be half of that age, which is 14 years old. then i subtracted 6 years from 14 years to find out dara's current age, which is 8 years old. finally, i subtracted 8 years from 25 years to find out how many more years dara needs to wait to reach the minimum age required by the company to be employed, which is 17 years. </s> T: good job finding out jane's age in six years. dara should be half of that age, but what is half of 34?",probing
"S: yes, i solved the problem by calculating how much food ella and her dog would eat in one day and then multiplying that by 10 to get the total amount of food they would eat in 10 days. i used a calculator to make sure i didn't make any calculation errors. </s> T: how much food did you decide that ella eats in a day?",probing
S: sure. i started with 50 and then doubled it four times to get to 480. so i knew that 5 days ago there were less than 50 zombies in the mall. </s> T: why is it 5 days when you've said you doubled it for 4 days?,generic
"S: yes, i started by working backwards. i figured that donna ate one piece as a midnight snack, so there were twice as many pieces as her snack left. before her snack, she shared half of the leftovers with her brothers, so there were four pieces before she shared them. and before the party, the cake was eaten by half the guests, so there were eight pieces to begin with. </s> T: working backwards is a great way to work this out. before the midnight snack of 1 piece, there must have been 3 pieces, because 2 were left and she ate 1. can you spot your mistake?",focus
"S: sure. i started by figuring out how many nuts the two busy squirrels had gathered. i multiplied 2 by 30, which gave me 60 nuts day. then i figured out how many nuts the sleepy squirrel had gathered, so i multiplied 1 by 20 which gave me 20 nuts day. after that, i added the two together to get the total number of nuts gathered per day, which was 60 20 80 nuts day. finally, i multiplied 80 by 40 days to get the total number of nuts gathered, which was 80 x 40 3200 nuts. </s> T: close. so the busy squirrels gathered 2 by 30 which is 60 nuts day. and the sleepy squirell got 20 per day. what are the total number of nuts gathered?",focus
S: marla needs to add 140 ounces of blue paint and 60 ounces of white paint to get the desired shade of lilac. </s> T: how do you reach that conclusionn?,probing
"S: i multiplied by 3 because there are 3 people with 2 shoes each, so the total number of stripes is 11 x 2 x 3 66. </s> T: but you already included the 3 people when you got to 11 stripes and if they have two shoes each how many does this give",focus
"S: yes, i do think i need 2 x at step 3 because it is the only way to get the total distance traveled around the ring to equal 23 meters. </s> T: all you need is your 13 from the 23 to find the difference",focus
S: a 20 tip on 120 is 0.2 x 120 24. </s> T: good job!,generic
S: alex and max have run a total of 5000 feet so far. </s> T: not quite. that's the length of the road.,telling
S: each dozen donuts sold at 1 per donut would be 12 </s> T: so he had spent 2.40 per dozen and makes a profit of 9.60 per dozen do you see that,focus
S: queenie worked 4 hours of overtime each day for a total of 20 hours overtime in 5 days. </s> T: did she work 4 hours overtime total or each day?,focus
"S: he earns 10 of the initial amount, which is 10 of 100 10. so, he earns 10 in interest after the first year. </s> T: that's right. so what is the total amount in his bank account after on year?",probing
"S: oh, i see. so, jenny will make 25 x 2 50 from selling cookies in neighborhood b. the better choice is neighborhood b. </s> T: correct do you see the error you made",generic
S: x equals 20. </s> T: not quite. what is 46 - 26?,probing
S: i added the 7 because carmen needed 7 more to have twice the amount of money that jethro had. so i added the 7 to the 2 x 20 to get the total amount of money that carmen had. </s> T: if she only needed 7 more you need to take it off,telling
"S: sure. for every set of earrings, rebecca needs two magnets, half as many buttons as magnets, and three times as many gemstones as buttons. so if she wants to make 4 sets of earrings, she needs 8 magnets, 4 buttons, and 12 gemstones. </s> T: does it say that these are for a set of earrings?",probing
"S: without a vaccine, the chance of getting infected after being bitten is 60 . </s> T: ah no, sorry i misread your solution. let's take it back to the beginning. of the mosquitos, what proportion overall have either infection?",focus
S: tammy has had 6 free haircuts so far. </s> T: are you sure? have another read of the question please.,focus
"S: yes, aziz was born in 1985. </s> T: and what year did aziz's parents move to america?",probing
"S: yes, that's correct. </s> T: and if they continue to sell 50 more each year for the next three years after this year, what will they sell in each of these years please?",probing
"S: sure, what would you like to know? </s> T: look again at what the problem text says about the price of bread.",focus
"S: hi, sure. what do you want me to do? </s> T: what does 'rent' mean in the problem question?",focus
"S: sure, what do you want to know? </s> T: the problem says he turns one third into marinara sauce. what is one third numerically?",focus
S: sure! </s> T: the problem question says that on one day of the week christina walked an extra distance. how far did she walk extra?,focus
"S: sure. i worked out how many words in an hour that tom could type first because i wanted to figure out how many words he could type in one minute. knowing this would help me calculate how many minutes it would take him to type 10 pages. </s> T: read the question carefully, is the number of words he can type in a minute not provided?",focus
"S: yes, i can solve it now. the sum of the three angles of a triangle is 180 degrees. since the left angle is twice the right angle's value, and the right angle is 60 degrees, the left angle must be 120 degrees. therefore, the top angle is 180 - 120 - 60 0 degrees. 0 </s> T: so can such a triangle exist with an angle as 0 degree?",probing
"S: oh, i see. cathy worked an extra 40 hours, taking over chris' shifts. so she worked a total of 200 hours during the 2 months. </s> T: not quite - she didn't work an extra 40 hours - have another look at the questino. how many of chris's hours did cathy work?",focus
"S: hi, i think i understand the problem and my solution is correct, but i'm not sure if i'm missing something. </s> T: yes, you've made a little mistake. your method is correct up to the 3rd step. you know that he sleds down 3 small his 2 times, so what operation should we used to calculate the total of small hills?",probing
"S: hi, i'm doing okay. i'm trying to figure out this math problem, but i'm having trouble determining which pieces of information are relevant and which are irrelevant. </s> T: ok, let's take a look together. you've made a great start but you need to read the part about the rabbits again. you said that there are 8 animals once the rabbits joined the cats, but did you include all the cats and rabbits in this?",probing
"S: oh, i forgot to include the double cone. so, the double cone has 2 scoops of ice cream. that means the total number of scoops of ice cream is 1 3 4 2 10 scoops of ice cream. </s> T: fantastic ! do you feel mroe confident, now that you understand where you went wrong?",focus
"S: i think i did okay. i was able to figure out the answer, but i had some trouble understanding the steps required to solve the problem. </s> T: ok, let's take a look together. have another look at your second step.",probing
S: there are 6 models in the show. </s> T: good. and how many set of clothing will each model wear please?,probing
"S: sure, i'll have a look. i think the question is asking for the total amount of the tip, not the total cost with the tip. so the answer should be 20 of 120, which is 0.2 x 120 24. </s> T: so in your first solution you included what please?",probing
"S: hunter algebra definitely helped me here because it allowed me to break down the problem into smaller parts and figure out the solution step by step. it was much easier to understand the problem and the solution once i had the equations. </s> T: ok, that's good. it seems like you had some confusion with one of the formulas you used though. have another look at your formula for the total number of people. you used 7 x 4 7 - that means you are adding the 7 chequered shirts, the total number of striped shirts and 4 lots of the chequered shirts again. does that seem right?",probing
"S: ah, i see. i was overthinking it. the question is asking how many ounces of water are needed to fill all 10 glasses to the brim. so, each glass is missing 1 5 of its capacity, which is 6 x 1 5 1.2 ounces of water. therefore, 10 glasses have 1.2 x 10 12 ounces of water missing. so, to fill all 10 glasses to the brim, 12 ounces of water are needed. </s> T: excellent. can you see where you went wrong in your first solution?",probing
"S: sure. karina's brother is currently 40 2 20 years old. then, we know that karina's brother is 2021-x years old. we also know that 2021-x - x 20. simplifying the equation, we get 2021 - 2x 20. bringing x to one side, we get 2x 2001. therefore, x 1000.5. since x represents the year, we round up to the nearest whole number. thus, karina's brother was born in the year 1001. </s> T: thank you, but please just answer the question i ask you. you said karina's brother is 20 years of age, correct?",focus
"S: yes, i can. the truck driver needs to travel 54 miles, so he needs 54 x 1 3 18 gallons of gas. he already has 12 gallons in his tank, so he needs to put 18 - 12 6 more gallons of gas in his semi. 6 </s> T: that's a better answer for the number of gallons he needs, as your initial use of 0.33 introduced a rounding error. can you see that?",probing
"S: oh, right! i forgot about the extra 500. let's try it again. let's say the computer costs x dollars. then the fridge costs x 500 500. the total cost of the fridge, tv, and computer is x 500 500 600 x 1600. since the total budget is 1600, we can set up the equation x 500 500 600 1600 simplifying the equation, we get x 1600 1600 subtracting 1600 from both sides, we get x 0 therefore, the computer costs 0. 0 </s> T: that's not quite right as you've added 2 lots of 500 when you only needed one.",telling
"S: oh, i see now. yes, i can calculate the leftover area. the leftover area is 4 inches x 6 inches 24 square inches. </s> T: not quite - what's the total area of the bottom of the shoebox?",focus
"S: hi, i'm doing well. how can i help you? </s> T: can you tell me why you did 26 2 in your first step?",probing
"S: sure. in one day, steve bakes 12 3 4 apple pies. in one day, steve bakes 12 2 6 cherry pies. in one week 7 days , steve bakes 4 x 3 12 apple pies. in one week 7 days , steve bakes 6 x 2 12 cherry pies. therefore, steve bakes 12 - 12 0 more apple pies than cherry pies in one week. </s> T: there seems to be some sort of misunderstanding. let me tell you he makes 12 pies everyday.",focus
